tree
version=v4
num_class=1
num_tree_per_iteration=1
label_index=0
max_feature_idx=37
objective=quantile
feature_names=store_code product_code horizon history_observation_count last_observed_demand cutoff_lag_1 cutoff_lag_2 cutoff_lag_7 cutoff_lag_14 cutoff_lag_28 rolling_mean_7 rolling_mean_14 rolling_mean_28 rolling_median_7 rolling_median_14 rolling_median_28 rolling_std_7 rolling_std_14 rolling_std_28 mean_last_7_minus_previous_7 stockout_count_7 stockout_count_28 stockout_rate_7 stockout_rate_28 seasonal_lag_7_target seasonal_lag_14_target seasonal_lag_28_target target_day_of_week target_is_weekend target_month target_day_of_month target_week_of_month target_week_of_year target_is_holiday target_store_closed target_temperature target_rainfall calendar_available
feature_infos=none -1:1:2:3:4:0 [1:7] [28:166] [13:77] [13:77] [13:77] [13:77] [13:77] [13:77] [19.857142857142858:51.571428571428569] [20.857142857142858:50.642857142857146] [21.357142857142858:50.25] [19:51] [19:50] [21:49] [3.5050983275386582:14.998412614419587] [3.5833865742701199:12.096907242562692] [4.5883450233074301:11.083795789373312] [-4.4285714285714306:6.7142857142857153] [0:1] [0:1] [0:0.14285714285714285] [0:0.035714285714285712] [13:77] [13:77] [13:77] [0:6] [0:1] [1:6] [1:31] [1:5] [5:25] [0:1] none none none none
tree_sizes=705 736 748 762 746 763 763 772 760 773 760 767 756 769 767 766 766 785 773 768 770 763 764 783 767 763 769 774 763 769 768 773 772 761 770 763 771 759 772 774 767 772 785 792 771 769 771 766 769 760 772 787 775 787 769 775 768 765 769 765 791 771 762 775 788 769 772 784 771 761 770 785 775 770 766 769 757 765 765 772 753 789 774 758 768 774 771 774 758 779 775 763 783 772 771 789 788 773 763 768 798 770 771 781 761 770 771 773 789 785 778 771 774 782 788 788 768 767 778 779 766 772 777 766 776 771 776 774 791 764 770 776 783 771 785 770 779 778 778 768 772 769

Tree=0
num_leaves=7
num_cat=0
split_feature=25 24 16 26 24 25
split_gain=19.3284 43.9035 14.3113 13.076 11.1311 17.0828
threshold=36.500000000000007 40.750000000000007 7.6528083759644412 39.500000000000007 21.250000000000004 22.500000000000004
decision_type=2 2 2 2 2 2
left_child=4 3 -3 -2 5 -1
right_child=1 2 -4 -5 -6 -7
leaf_value=3 3.1200000000000001 3.1800000000000002 2.9399999999999999 3.2400000000000002 2.9399999999999999 3.1200000000000001
leaf_weight=289 289 208 966 200 2207 96
leaf_count=289 289 208 966 200 2207 96
internal_value=2.99813 3.00317 2.99687 3.01818 2.9949 3.00426
internal_weight=4255 1663 1174 489 2592 385
internal_count=4255 1663 1174 489 2592 385
is_linear=0
shrinkage=1


Tree=1
num_leaves=7
num_cat=0
split_feature=26 24 24 25 24 12
split_gain=15.9884 25.2782 15.3073 17.689 12.0293 16.7469
threshold=38.750000000000007 40.750000000000007 37.500000000000007 33.500000000000007 28.500000000000004 29.375000000000004
decision_type=2 2 2 2 2 2
left_child=2 -2 3 4 5 -1
right_child=1 -3 -4 -5 -6 -7
leaf_value=0 0.22559999999999997 0.0036000000000000029 -0.18720000000000001 0.11279999999999998 -0.11639999999999999 0.1236
leaf_weight=1198 293 1013 389 391 671 263
leaf_count=1198 293 1013 389 391 671 263
internal_value=0.00202392 0.00752632 -0.000451491 0.00126266 -0.000897052 0.00215689
internal_weight=4218 1306 2912 2523 2132 1461
internal_count=4218 1306 2912 2523 2132 1461
is_linear=0
shrinkage=0.06


Tree=2
num_leaves=7
num_cat=0
split_feature=25 17 10 30 25 25
split_gain=23.9465 5.3635 8.72239 5.61985 5.13528 7.73389
threshold=36.500000000000007 7.5596523197881114 31.750000000000004 14.500000000000002 59.500000000000007 52.500000000000007
decision_type=2 2 2 2 2 2
left_child=-1 3 -3 -2 5 -4
right_child=1 2 4 -5 -6 -7
leaf_value=-0.003816000000000006 0.15206399999999998 -0.28516800000000003 0.04603199999999999 0.048983999999999986 0.30338399999999999 -0.116616
leaf_weight=2619 147 80 1009 104 125 191
leaf_count=2619 147 80 1009 104 125 191
internal_value=0.00115234 0.00678928 0.00530638 0.0148125 0.00648271 0.00522573
internal_weight=4275 1656 1405 251 1325 1200
internal_count=4275 1656 1405 251 1325 1200
is_linear=0
shrinkage=0.06


Tree=3
num_leaves=7
num_cat=0
split_feature=26 24 24 11 27 24
split_gain=13.8146 24.0402 18.2012 11.6137 8.29506 7.84519
threshold=38.750000000000007 40.750000000000007 21.250000000000004 26.678571428571434 1.5000000000000002 41.500000000000007
decision_type=2 2 2 2 2 2
left_child=2 4 3 -1 -2 -4
right_child=1 -3 5 -5 -6 -7
leaf_value=0.0002289600000000025 0.089302079999999992 0.00062208000000000922 -0.0035870400000000036 0.17281295999999999 0.23029295999999999 -0.26805792000000001
leaf_weight=268 81 999 2407 126 217 186
leaf_count=268 81 999 2407 126 217 186
internal_value=0.00151014 0.0066682 -0.000735963 0.0111955 0.0214752 -0.00256813
internal_weight=4284 1297 2987 394 298 2593
internal_count=4284 1297 2987 394 298 2593
is_linear=0
shrinkage=0.06


Tree=4
num_leaves=7
num_cat=0
split_feature=26 24 24 19 27 27
split_gain=13.3752 25.4045 12.5892 6.24058 5.68436 5.33312
threshold=40.250000000000007 40.750000000000007 21.250000000000004 -2.5714285714285707 1.5000000000000002 2.5000000000000004
decision_type=2 2 2 2 2 2
left_child=2 5 4 -4 -1 -2
right_child=1 -3 3 -5 -6 -7
leaf_value=0.049860182400000008 0.16548450239999998 0.0005847552000000178 0.1190567424 -0.048971817599999974 0.1130152224 0.25548450239999998
leaf_weight=223 91 882 119 2703 173 114
leaf_count=223 91 882 119 2703 173 114
internal_value=0.00141578 0.00715385 -0.000529631 -0.00194093 0.00941895 0.0259143
internal_weight=4305 1087 3218 2822 396 205
internal_count=4305 1087 3218 2822 396 205
is_linear=0
shrinkage=0.06


Tree=5
num_leaves=7
num_cat=0
split_feature=25 24 12 24 26 12
split_gain=16.0334 22.6072 18.6509 11.3232 12.1099 11.0386
threshold=33.500000000000007 40.750000000000007 31.142857142857146 27.500000000000004 23.500000000000004 29.910714285714288
decision_type=2 2 2 2 2 2
left_child=3 2 -2 4 -1 -6
right_child=1 -3 -4 -5 5 -7
leaf_value=-0.0065656909439999909 -0.006206487744000011 -0.0040914501120000142 0.16642361145600001 -0.09345368774399998 0.0069824914560000194 0.23956649145600001
leaf_weight=820 195 1231 604 856 467 81
leaf_count=820 195 1231 604 856 467 81
internal_value=0.00117563 0.00502555 0.0128507 -0.00234051 0.00104661 0.00791501
internal_weight=4254 2030 799 2224 1368 548
internal_count=4254 2030 799 2224 1368 548
is_linear=0
shrinkage=0.06


Tree=6
num_leaves=7
num_cat=0
split_feature=25 24 24 26 10 26
split_gain=14.245 22.4126 12.7618 16.0629 18.1303 10.4188
threshold=36.500000000000007 36.500000000000007 28.500000000000004 23.500000000000004 30.928571428571434 38.750000000000007
decision_type=2 2 2 2 2 2
left_child=2 -2 3 -1 -5 -3
right_child=1 5 -4 4 -6 -7
leaf_value=-0.012737487087360009 0.33007627476863999 -0.15892148233728001 -0.080310034479359999 0.0065635419686400093 0.19518821796864 0.049191431262719999
leaf_weight=841 188 277 1109 548 115 1205
leaf_count=841 188 277 1109 548 115 1205
internal_value=0.00067444 0.00499522 -0.00209015 0.00150895 0.00846108 0.00247949
internal_weight=4283 1670 2613 1504 663 1482
internal_count=4283 1670 2613 1504 663 1482
is_linear=0
shrinkage=0.06


Tree=7
num_leaves=7
num_cat=0
split_feature=19 19 32 32 25 24
split_gain=10.9254 5.22949 3.79518 7.3835 4.10874 13.0363
threshold=-0.46428571428571525 -2.8571428571428554 23.500000000000004 21.500000000000004 36.500000000000007 41.500000000000007
decision_type=2 2 2 2 2 2
left_child=1 -1 3 4 -2 -6
right_child=2 -3 -4 -5 5 -7
leaf_value=0.18655190468252161 -0.035607685210598358 0.038855809450521576 0.096371631530630372 -0.095607685210598356 0.11121441564487675 -0.016733448981043227
leaf_weight=141 1636 1217 148 303 285 556
leaf_count=141 1636 1217 148 303 285 556
internal_value=-0.000104172 0.00433382 -0.00216741 -0.00267038 -0.00157615 0.0018227
internal_weight=4286 1358 2928 2780 2477 841
internal_count=4286 1358 2928 2780 2477 841
is_linear=0
shrinkage=0.06


Tree=8
num_leaves=7
num_cat=0
split_feature=25 24 24 26 30 25
split_gain=6.86773 24.1746 15.5415 16.3889 9.5287 9.12528
threshold=36.500000000000007 36.500000000000007 27.500000000000004 28.500000000000004 14.500000000000002 24.500000000000004
decision_type=2 2 2 2 2 2
left_child=2 4 3 5 -2 -1
right_child=1 -3 -4 -5 -6 -7
leaf_value=-0.020550145743069681 0.4343022697154903 0.0018210723258194061 -0.051348728917879283 0.18777625120324071 0.083397576574575 0.058393333570850324
leaf_weight=845 86 1483 1248 126 102 432
leaf_count=845 86 1483 1248 126 102 432
internal_value=6.23989e-06 0.00301432 -0.00189081 0.0024375 0.0229896 0.000360374
internal_weight=4322 1671 2651 1403 188 1277
internal_count=4322 1671 2651 1403 188 1277
is_linear=0
shrinkage=0.06


Tree=9
num_leaves=7
num_cat=0
split_feature=19 14 25 14 10 32
split_gain=9.48739 5.20676 4.28695 5.75798 4.49779 3.33458
threshold=-0.46428571428571525 33.750000000000007 33.500000000000007 47.250000000000007 27.107142857142861 13.500000000000002
decision_type=2 2 2 2 2 2
left_child=2 5 4 -4 -1 -2
right_child=1 -3 3 -5 -6 -7
leaf_value=0.057283462315434519 -0.0029603845090369505 0.00062674826040027165 0.14017791678629632 -0.064596941887623674 -0.024731484503356941 -0.046860800692258314
leaf_weight=213 893 1120 641 107 393 935
leaf_count=213 893 1120 641 107 393 935
internal_value=-0.000243093 -0.00215273 0.00390508 0.00692829 0.00014239 -0.00412275
internal_weight=4302 2948 1354 748 606 1828
internal_count=4302 2948 1354 748 606 1828
is_linear=0
shrinkage=0.06


Tree=10
num_leaves=7
num_cat=0
split_feature=25 24 26 25 24 17
split_gain=8.92745 6.30004 13.0223 8.79269 7.36355 7.36102
threshold=59.500000000000007 43.500000000000007 37.500000000000007 45.500000000000007 39.500000000000007 7.6388238444278835
decision_type=2 2 2 2 2 2
left_child=1 2 -1 4 -4 -6
right_child=-2 -3 3 -5 5 -7
leaf_value=-0.0043041161192354854 0.28325968872264623 -0.10680785710358048 0.11514881536586578 0.50623046310519848 0.054678790201579008 -0.067459670678577596
leaf_weight=2773 124 773 221 83 81 203
leaf_count=2773 124 773 221 83 81 203
internal_value=-0.000217452 -0.000702344 0.00042246 0.0084941 0.00537647 -0.00102768
internal_weight=4258 4134 3361 588 505 284
internal_count=4258 4134 3361 588 505 284
is_linear=0
shrinkage=0.06


Tree=11
num_leaves=7
num_cat=0
split_feature=25 16 25 10 18 12
split_gain=7.96812 6.78285 6.60578 3.96091 9.28002 3.78473
threshold=36.500000000000007 7.5229804991825642 45.500000000000007 27.107142857142861 7.0774246900657181 28.776785714285719
decision_type=2 2 2 2 2 2
left_child=3 2 -2 4 -1 -5
right_child=1 -3 -4 5 -6 -7
leaf_value=-0.0022939259453059499 0.051398062789484278 0.0053245081150272797 0.46434736014886097 -0.047390905683568692 0.04019714009746736 -0.0065289846133865697
leaf_weight=680 232 1332 90 513 101 1335
leaf_count=680 232 1332 90 513 101 1335
internal_value=-9.375e-05 0.00316275 0.0109083 -0.00214579 0.00142748 -0.00365731
internal_weight=4283 1654 322 2629 781 1848
internal_count=4283 1654 322 2629 781 1848
is_linear=0
shrinkage=0.06


Tree=12
num_leaves=7
num_cat=0
split_feature=26 24 24 25 30 26
split_gain=6.90467 9.8757 9.58198 11.8018 6.63242 5.90805
threshold=40.250000000000007 40.750000000000007 21.250000000000004 22.500000000000004 10.500000000000002 61.000000000000007
decision_type=2 2 2 2 2 2
left_child=2 4 3 -1 -2 -3
right_child=1 5 -4 -5 -6 -7
leaf_value=0.00090958134480542793 0.10299829517026497 -0.005247953401095966 -0.024095147029213261 0.11041605480598315 0.1670298489101574 0.29813101448097279
leaf_weight=288 85 788 2793 100 111 82
leaf_count=288 85 788 2793 100 111 82
internal_value=-5.22107e-05 0.00411485 -0.00145386 0.00732061 0.0161045 0.00133371
internal_weight=4247 1066 3181 388 196 870
internal_count=4247 1066 3181 388 196 870
is_linear=0
shrinkage=0.06


Tree=13
num_leaves=7
num_cat=0
split_feature=3 25 24 25 24 26
split_gain=6.65759 5.70655 12.4736 14.6918 11.8661 8.13866
threshold=160.50000000000003 36.500000000000007 26.750000000000004 24.500000000000004 35.500000000000007 37.500000000000007
decision_type=2 2 2 2 2 2
left_child=1 2 3 -1 -3 -6
right_child=-2 4 -4 -5 5 -7
leaf_value=-0.0096015401803073788 0.1012832582571262 0.18428800228578956 -0.043101742520801775 0.084740470295039033 -0.11064828436612158 0.024738434973839485
leaf_weight=825 93 123 1326 433 230 1251
leaf_count=825 93 123 1326 433 230 1251
internal_value=0.000275782 -8.51419e-05 -0.00182966 0.00244418 0.00272032 0.00119919
internal_weight=4281 4188 2584 1258 1604 1481
internal_count=4281 4188 2584 1258 1604 1481
is_linear=0
shrinkage=0.06


Tree=14
num_leaves=7
num_cat=0
split_feature=26 24 26 10 25 24
split_gain=7.6135 8.1854 12.1743 13.7597 9.07875 7.69589
threshold=40.250000000000007 28.500000000000004 22.500000000000004 30.642857142857149 29.500000000000004 44.500000000000007
decision_type=2 2 2 2 2 2
left_child=1 2 -1 -4 -3 -2
right_child=5 4 3 -5 -6 -7
leaf_value=-0.040554697422623298 0.14706429907711757 -0.20553087787538926 0.012134506134727632 0.16171010123524213 -0.0087850547213040465 0.0036203807675948153
leaf_weight=682 398 284 661 145 1419 681
leaf_count=682 398 284 661 145 1419 681
internal_value=0.000315088 -0.00115832 0.00208774 0.00706165 -0.00399415 0.00466052
internal_weight=4270 3191 1488 806 1703 1079
internal_count=4270 3191 1488 806 1703 1079
is_linear=0
shrinkage=0.06


Tree=15
num_leaves=7
num_cat=0
split_feature=24 25 11 24 16 26
split_gain=8.15472 12.2646 11.9924 11.6789 7.04428 7.45295
threshold=21.250000000000004 36.500000000000007 26.607142857142861 35.500000000000007 7.6063876484822437 43.500000000000007
decision_type=2 2 2 2 2 2
left_child=2 -2 -1 -3 5 -5
right_child=1 3 -4 4 -6 -7
leaf_value=0.0014902745650039416 -0.022369749621117731 0.19822844858463609 0.12522173563824887 0.024873952300335452 -0.001148763260467689 0.27090818843248776
leaf_weight=261 2248 132 125 200 1197 122
leaf_count=261 2248 132 125 200 1197 122
internal_value=0.000247552 -0.000579406 0.00850895 0.00334058 0.0018189 0.00962385
internal_weight=4285 3899 386 1651 1519 322
internal_count=4285 3899 386 1651 1519 322
is_linear=0
shrinkage=0.06


Tree=16
num_leaves=7
num_cat=0
split_feature=24 25 25 24 26 24
split_gain=7.76693 11.5661 8.7142 8.47054 8.64419 7.96594
threshold=21.250000000000004 22.500000000000004 29.500000000000004 28.500000000000004 22.500000000000004 30.500000000000004
decision_type=2 2 2 2 2 2
left_child=1 -1 3 4 -2 -4
right_child=2 -3 5 -5 -6 -7
leaf_value=0.0014008580911036982 -0.10717635998735481 0.10763046968343301 0.15516002859527842 -0.19185684022559882 0.005293411774901593 0.0016624133246865801
leaf_weight=291 345 98 243 292 662 2358
leaf_count=291 345 98 243 292 662 2358
internal_value=-2.7946e-06 0.00802538 -0.000813572 -0.00481748 -0.00217589 0.00119033
internal_weight=4289 389 3900 1299 1007 2601
internal_count=4289 389 3900 1299 1007 2601
is_linear=0
shrinkage=0.06


Tree=17
num_leaves=7
num_cat=1
split_feature=27 30 12 16 16 1
split_gain=8.01876 10.9592 6.57893 7.73796 4.72474 5.18191
threshold=3.5000000000000004 1.5000000000000002 40.571428571428577 8.6575038775041229 7.6563077014346534 0
decision_type=2 2 2 2 2 1
left_child=-1 -2 4 -4 -3 -6
right_child=1 2 3 -5 5 -7
leaf_value=-0.0084417911759746105 0.17510880898131262 0.01391437785659745 0.28322005522731419 0.0082208910327069788 -0.052591445345836936 -0.0006893097209288079
leaf_weight=2447 80 681 113 375 173 426
leaf_count=2447 80 681 113 375 173 426
internal_value=-6.55814e-05 0.00291257 0.0018934 0.00778296 -0.000371206 -0.00424172
internal_weight=4295 1848 1768 488 1280 599
internal_count=4295 1848 1768 488 1280 599
cat_boundaries=0 1
cat_threshold=24
is_linear=0
shrinkage=0.06


Tree=18
num_leaves=7
num_cat=0
split_feature=27 24 14 24 16 26
split_gain=6.21056 8.58424 11.6375 9.56525 8.28721 5.94043
threshold=3.5000000000000004 39.500000000000007 35.750000000000007 28.500000000000004 8.4377972525551073 23.500000000000004
decision_type=2 2 2 2 2 2
left_child=1 2 3 5 -4 -1
right_child=-2 -3 4 -5 -6 -7
leaf_value=-0.032476166501192345 0.010049298833568868 -0.12665198949679091 -0.015713341942134241 -0.11720489737051112 0.14091621340850716 0.051131441374673403
leaf_weight=723 1817 428 121 417 330 427
leaf_count=723 1817 428 121 417 330 427
internal_value=-0.000192596 -0.00216524 -0.000517548 -0.00296565 0.00792105 -0.000127273
internal_weight=4263 2446 2018 1567 451 1150
internal_count=4263 2446 2018 1567 451 1150
is_linear=0
shrinkage=0.06


Tree=19
num_leaves=7
num_cat=0
split_feature=24 25 15 27 24 24
split_gain=6.01219 9.14452 8.77617 7.21532 8.14778 8.06619
threshold=21.250000000000004 22.500000000000004 26.750000000000004 3.5000000000000004 40.750000000000007 42.500000000000007
decision_type=2 2 2 2 2 2
left_child=1 -1 -2 4 -4 -5
right_child=2 -3 3 5 -6 -7
leaf_value=0.0037718840662674768 -0.041190519219215946 0.10362771896305704 0.001535993008772447 0.072467257985886865 -0.12716643240357481 0.0028541934286969717
leaf_weight=299 1257 96 1104 442 387 684
leaf_count=299 1257 96 1104 442 387 684
internal_value=-7.29995e-05 0.00693 -0.000795824 0.00118307 -0.00155214 0.00479841
internal_weight=4269 395 3874 2617 1491 1126
internal_count=4269 395 3874 2617 1491 1126
is_linear=0
shrinkage=0.06


Tree=20
num_leaves=7
num_cat=0
split_feature=30 25 24 25 10 24
split_gain=6.5132 6.53723 5.29213 10.4913 7.28777 11.3778
threshold=1.5000000000000002 59.500000000000007 21.250000000000004 22.500000000000004 30.928571428571434 40.750000000000007
decision_type=2 2 2 2 2 2
left_child=-1 2 3 -2 -4 -6
right_child=1 -3 4 -5 5 -7
leaf_value=0.065439885708602763 0.0022866979312447452 0.23334853948004219 -0.035062105502200673 0.097410055825273623 0.048146639865920472 -0.072267527099250509
leaf_weight=140 289 123 1518 93 1175 946
leaf_count=140 289 123 1518 93 1175 946
internal_value=0.000307065 -0.000129429 -0.000554396 0.00611628 -0.0012629 0.00100753
internal_weight=4284 4144 4021 382 3639 2121
internal_count=4284 4144 4021 382 3639 2121
is_linear=0
shrinkage=0.06


Tree=21
num_leaves=7
num_cat=0
split_feature=27 30 26 24 26 24
split_gain=7.43578 12.6862 5.98538 5.71222 8.31982 7.0853
threshold=3.5000000000000004 1.5000000000000002 61.000000000000007 25.500000000000004 30.500000000000004 43.500000000000007
decision_type=2 2 2 2 2 2
left_child=-1 -2 3 -3 -5 -6
right_child=1 2 -4 4 5 -7
leaf_value=-0.011417799528031009 0.12054187283993019 0.055494517235901895 0.26284767725956321 -0.099715816155982628 0.038168628504456611 -0.062637034540607969
leaf_weight=2461 82 182 84 251 634 610
leaf_count=2461 82 182 84 251 634 610
internal_value=-0.000110699 0.00276623 0.00165459 0.000845422 -0.000388 0.0016309
internal_weight=4304 1843 1761 1677 1495 1244
internal_count=4304 1843 1761 1677 1495 1244
is_linear=0
shrinkage=0.06


Tree=22
num_leaves=7
num_cat=0
split_feature=26 24 24 25 25 24
split_gain=6.86414 10.6496 7.36289 9.32083 6.20547 3.81536
threshold=43.500000000000007 44.500000000000007 21.250000000000004 22.500000000000004 61.000000000000007 43.500000000000007
decision_type=2 2 2 2 2 2
left_child=2 -2 3 -1 -3 -4
right_child=1 4 5 -5 -6 -7
leaf_value=0.0040934371180986326 0.12796526679388573 -0.048584367814661716 -0.0068093253700871161 0.092250520447439061 0.21528519209311359 -0.21338391869390269
leaf_weight=294 169 465 2817 97 105 314
leaf_count=294 169 465 2817 97 105 314
internal_value=-5.90717e-05 0.00517742 -0.00116445 0.00654545 0.00119478 -0.00213712
internal_weight=4261 739 3522 391 570 3131
internal_count=4261 739 3522 391 570 3131
is_linear=0
shrinkage=0.06


Tree=23
num_leaves=7
num_cat=1
split_feature=26 24 1 26 24 16
split_gain=7.4162 6.89004 7.79101 6.25311 11.2469 8.40512
threshold=61.000000000000007 21.250000000000004 0 35.500000000000007 40.750000000000007 7.4498238150034632
decision_type=2 2 1 2 2 2
left_child=1 2 -1 -3 -5 -6
right_child=-2 3 -4 4 5 -7
leaf_value=0.0017551752417525289 0.23415970509840262 -0.019706100085060241 0.10263008172998081 0.090372772393188167 0.11142545277870566 -0.09239445413896788
leaf_weight=262 81 2202 150 484 149 960
leaf_count=262 81 2202 150 484 149 960
internal_value=-0.000208945 -0.000565527 0.0067554 -0.00136895 0.00149061 -0.00184201
internal_weight=4288 4207 412 3795 1593 1109
internal_count=4288 4207 412 3795 1593 1109
cat_boundaries=0 1
cat_threshold=16
is_linear=0
shrinkage=0.06


Tree=24
num_leaves=7
num_cat=0
split_feature=25 30 19 15 30 10
split_gain=6.87156 6.9895 3.38837 3.72227 6.66512 3.466
threshold=61.000000000000007 1.5000000000000002 -2.5714285714285707 44.250000000000007 11.500000000000002 27.107142857142861
decision_type=2 2 2 2 2 2
left_child=1 -1 -3 5 -5 -4
right_child=-2 2 3 4 -6 -7
leaf_value=0.060486229358875931 0.18539139185726067 0.08072549124977059 0.0037425203765075652 -0.041342121064403103 0.10084966905702646 -0.015791667470449085
leaf_weight=141 98 176 765 129 219 2740
leaf_count=141 98 176 765 129 219 2740
internal_value=9.75895e-05 -0.000279521 -0.000746653 -0.00112286 0.00475071 -0.00171282
internal_weight=4268 4170 4029 3853 348 3505
internal_count=4268 4170 4029 3853 348 3505
is_linear=0
shrinkage=0.06


Tree=25
num_leaves=7
num_cat=0
split_feature=24 25 25 24 16 26
split_gain=4.49966 7.56713 6.69333 8.06774 8.57217 8.91113
threshold=21.250000000000004 22.500000000000004 36.500000000000007 41.500000000000007 7.6528083759644412 41.500000000000007
decision_type=2 2 2 2 2 2
left_child=1 -1 -2 -4 -5 -6
right_child=2 -3 3 4 5 -7
leaf_value=0.0028763378015488027 -0.020094920509624883 0.080333133094203424 0.081965187451282728 0.1154344232973889 -0.20310172556413919 0.004976316113115109
leaf_weight=303 2241 98 598 188 258 609
leaf_count=303 2241 98 598 188 258 609
internal_value=2.7907e-06 0.00601478 -0.000622467 0.002269 -0.000888679 -0.00341972
internal_weight=4295 401 3894 1653 1055 867
internal_count=4295 401 3894 1653 1055 867
is_linear=0
shrinkage=0.06


Tree=26
num_leaves=7
num_cat=0
split_feature=27 30 24 16 24 15
split_gain=5.38457 11.7088 7.92291 7.46715 5.47216 12.0738
threshold=3.5000000000000004 1.5000000000000002 39.500000000000007 8.5540993693849945 61.000000000000007 38.750000000000007
decision_type=2 2 2 2 2 2
left_child=2 -2 3 -1 5 -3
right_child=1 4 -4 -5 -6 -7
leaf_value=-0.020670746965555251 0.11613519584979666 -0.0026933818792288554 -0.10832378266202324 0.070304560722117729 -0.30577849388142336 0.16518801016595236
leaf_weight=1340 83 1258 429 653 109 379
leaf_count=1340 83 1258 429 653 109 379
internal_value=0.00018609 0.00264013 -0.00166749 -6.60661e-05 0.0015574 0.00243727
internal_weight=4251 1829 2422 1993 1746 1637
internal_count=4251 1829 2422 1993 1746 1637
is_linear=0
shrinkage=0.06


Tree=27
num_leaves=7
num_cat=0
split_feature=30 25 24 25 25 24
split_gain=5.71245 5.94145 5.47126 9.59308 8.35773 10.1389
threshold=1.5000000000000002 59.500000000000007 26.750000000000004 24.500000000000004 36.500000000000007 40.250000000000007
decision_type=2 2 2 2 2 2
left_child=-1 2 3 -2 -4 -6
right_child=1 -3 4 -5 5 -7
leaf_value=0.051094639076933061 -0.0034968067853779592 0.16698515517344292 -0.036325364365557618 0.064900552154545141 0.074306432702133537 -0.034437379719119691
leaf_weight=143 815 127 1303 407 490 970
leaf_count=143 815 127 1303 407 490 970
internal_value=0.000256338 -0.000159582 -0.000574436 0.00276039 -0.00205275 0.0010628
internal_weight=4255 4112 3985 1222 2763 1460
internal_count=4255 4112 3985 1222 2763 1460
is_linear=0
shrinkage=0.06


Tree=28
num_leaves=7
num_cat=0
split_feature=26 24 24 26 12 17
split_gain=4.25018 8.71667 5.85765 13.9055 6.12441 6.4995
threshold=44.500000000000007 61.000000000000007 26.750000000000004 22.500000000000004 29.803571428571434 7.2733141621339934
decision_type=2 2 2 2 2 2
left_child=2 -2 3 -1 5 -5
right_child=1 -3 -4 4 -6 -7
leaf_value=-0.020073197024984682 0.095219433446707705 -0.2974508935589445 -0.015632094880324382 0.061006519025272446 0.1261073515879782 -0.021402972837924299
leaf_weight=619 553 115 2322 330 122 182
leaf_count=619 553 115 2322 330 122 182
internal_value=-9.88701e-06 0.00436404 -0.000832961 0.00246582 0.00868075 0.00568085
internal_weight=4243 668 3575 1253 634 512
internal_count=4243 668 3575 1253 634 512
is_linear=0
shrinkage=0.06


Tree=29
num_leaves=7
num_cat=0
split_feature=27 24 12 24 26 15
split_gain=5.78908 6.03527 6.7215 8.26569 6.71099 11.9359
threshold=3.5000000000000004 39.500000000000007 37.857142857142868 28.500000000000004 23.500000000000004 27.250000000000004
decision_type=2 2 2 2 2 2
left_child=1 2 3 4 -1 -6
right_child=-2 -3 -4 -5 5 -7
leaf_value=-0.018868805203485595 0.013766074844594351 -0.10302991585434211 0.079093151041373946 -0.11840033063073371 0.0030765712909456241 0.13451704926633529
leaf_weight=709 1832 446 441 421 353 97
leaf_count=709 1832 446 441 421 353 97
internal_value=-0.000135223 -0.00203155 -0.000627838 -0.00245868 0.000164948 0.00586154
internal_weight=4299 2467 2021 1580 1159 450
internal_count=4299 2467 2021 1580 1159 450
is_linear=0
shrinkage=0.06


Tree=30
num_leaves=7
num_cat=0
split_feature=26 30 24 12 12 10
split_gain=6.57664 6.44049 5.93401 9.05305 5.00457 7.72882
threshold=61.000000000000007 1.5000000000000002 21.250000000000004 27.089285714285719 29.232142857142861 27.035714285714288
decision_type=2 2 2 2 2 2
left_child=1 -1 3 -3 5 -4
right_child=-2 2 4 -5 -6 -7
leaf_value=0.047771037555947415 0.17557221561099404 0.0048687702552946896 0.0061838650333964715 0.091405879328240264 0.00013079851251472261 -0.047296811581496206
leaf_weight=148 84 292 483 97 2401 749
leaf_count=148 84 292 483 97 2401 749
internal_value=6.33952e-06 -0.000337006 -0.000796374 0.00619797 -0.0015536 -0.004654
internal_weight=4254 4170 4022 389 3633 1232
internal_count=4254 4170 4022 389 3633 1232
is_linear=0
shrinkage=0.06


Tree=31
num_leaves=7
num_cat=0
split_feature=30 26 12 10 32 30
split_gain=6.41571 5.94497 3.2942 8.84403 2.99923 3.84897
threshold=1.5000000000000002 61.000000000000007 29.089285714285719 27.392857142857146 8.5000000000000018 23.500000000000004
decision_type=2 2 2 2 2 2
left_child=-1 2 3 -2 -4 -6
right_child=1 -3 4 -5 5 -7
leaf_value=0.045028070095428405 0.0047392267447799894 0.16282244124585443 -0.016572585249153091 -0.035286448622797513 0.015737507316093247 -0.023954748427280455
leaf_weight=143 867 81 280 681 1680 545
leaf_count=143 867 81 280 681 1680 545
internal_value=-3.08267e-05 -0.000470403 -0.00080138 -0.00297296 0.000542629 0.00128341
internal_weight=4277 4134 4053 1548 2505 2225
internal_count=4277 4134 4053 1548 2505 2225
is_linear=0
shrinkage=0.06


Tree=32
num_leaves=7
num_cat=0
split_feature=30 25 16 24 26 24
split_gain=4.52548 4.07375 9.961 7.50016 6.93377 6.33912
threshold=1.5000000000000002 39.500000000000007 7.5482572815701383 40.750000000000007 41.500000000000007 26.750000000000004
decision_type=2 2 2 2 2 2
left_child=-1 5 -3 -4 -5 -2
right_child=1 2 3 4 -6 -7
leaf_value=0.042326385889702701 0.0072311389880361692 0.09708628437956611 0.1194529490017288 -0.15397838931253735 0.0040860426697595818 -0.027304180121571073
leaf_weight=143 1244 223 207 219 610 1657
leaf_count=143 1244 223 207 219 610 1657
internal_value=-9.33148e-05 -0.000460264 0.00238291 -0.000112392 -0.00267626 -0.00169718
internal_weight=4303 4160 1259 1036 829 2901
internal_count=4303 4160 1259 1036 829 2901
is_linear=0
shrinkage=0.06


Tree=33
num_leaves=7
num_cat=0
split_feature=27 30 18 10 24 26
split_gain=5.73665 8.37096 6.03272 5.94953 7.11063 6.23925
threshold=3.5000000000000004 1.5000000000000002 5.1843545435209402 30.642857142857149 61.000000000000007 53.500000000000007
decision_type=2 2 2 2 2 2
left_child=-1 -2 -3 -4 5 -5
right_child=1 2 3 4 -6 -7
leaf_value=-0.012983065169362415 0.081719110133614145 0.11517724230936138 -0.020413981077495133 0.014548094316942066 -0.27924553000138314 0.22290583438503311
leaf_weight=2457 84 80 701 697 108 153
leaf_count=2457 84 80 701 697 108 153
internal_value=-0.000307351 0.00223851 0.00131422 0.000512019 0.00357944 0.00543509
internal_weight=4280 1823 1739 1659 958 850
internal_count=4280 1823 1739 1659 958 850
is_linear=0
shrinkage=0.06


Tree=34
num_leaves=7
num_cat=0
split_feature=25 24 12 25 24 26
split_gain=5.00996 3.89369 7.50805 5.74756 10.0229 5.7427
threshold=59.500000000000007 21.250000000000004 27.089285714285719 24.500000000000004 26.750000000000004 25.500000000000004
decision_type=2 2 2 2 2 2
left_child=1 2 -1 5 -5 -3
right_child=-2 3 -4 4 -6 -7
leaf_value=0.0031845640070804547 0.11064951052213592 -0.080795374934324302 0.088383829056793276 0.045558482798209426 -0.0069153210118872892 0.011669906701968073
leaf_weight=290 131 433 100 379 2768 172
leaf_count=290 131 433 100 379 2768 172
internal_value=-0.000213184 -0.000585242 0.00508101 -0.001181 -0.000146574 -0.00651148
internal_weight=4273 4142 390 3752 3147 605
internal_count=4273 4142 390 3752 3147 605
is_linear=0
shrinkage=0.06


Tree=35
num_leaves=7
num_cat=0
split_feature=25 16 24 26 15 30
split_gain=5.27108 6.43226 5.26741 14.3187 5.87664 7.03883
threshold=44.500000000000007 7.5482572815701383 26.750000000000004 22.500000000000004 26.750000000000004 14.500000000000002
decision_type=2 2 2 2 2 2
left_child=2 -2 3 -1 -5 -6
right_child=1 -3 -4 4 5 -7
leaf_value=-0.010442344144213888 0.25703830088187912 0.0053784975031682686 -0.016536982843130446 0.020237186356378157 0.013499752362914954 0.13832794969944909
leaf_weight=650 127 616 2272 396 121 109
leaf_count=650 127 616 2272 396 121 109
internal_value=-0.000149441 0.00442781 -0.00111371 0.00196487 0.00841046 0.0159447
internal_weight=4291 743 3548 1276 626 230
internal_count=4291 743 3548 1276 626 230
is_linear=0
shrinkage=0.06


Tree=36
num_leaves=7
num_cat=0
split_feature=27 30 25 24 14 24
split_gain=7.47029 8.96239 5.75198 5.6608 6.9496 5.18713
threshold=3.5000000000000004 1.5000000000000002 61.000000000000007 39.500000000000007 35.750000000000007 28.500000000000004
decision_type=2 2 2 2 2 2
left_child=3 -2 -3 4 5 -1
right_child=1 2 -4 -5 -6 -7
leaf_value=-0.00076306933481228077 0.078223101756898408 0.0032513499543095057 0.11134748128813322 -0.093477724326918435 0.082800718793831218 -0.10018595456439734
leaf_weight=1152 84 1647 99 429 449 414
leaf_count=1152 84 1647 99 429 449 414
internal_value=6.23978e-05 0.00295749 0.00200286 -0.00210576 -0.000763366 -0.00265245
internal_weight=4274 1830 1746 2444 2015 1566
internal_count=4274 1830 1746 2444 2015 1566
is_linear=0
shrinkage=0.06


Tree=37
num_leaves=7
num_cat=0
split_feature=25 24 26 14 14 24
split_gain=5.6526 8.33661 8.93508 8.1622 6.70629 5.58885
threshold=39.500000000000007 43.500000000000007 41.500000000000007 41.875000000000007 27.750000000000004 21.250000000000004
decision_type=2 2 2 2 2 2
left_child=5 3 -3 4 -2 -1
right_child=1 2 -4 -5 -6 -7
leaf_value=0.026411483107888802 0.020418578086528836 -0.16805472964407858 0.014710145891967964 0.01143460631299417 0.30242430776923879 -0.012833253354641258
leaf_weight=395 85 171 653 210 213 2568
leaf_count=395 85 171 653 210 213 2568
internal_value=-9.76744e-06 0.00322887 -0.000503016 0.00923392 0.0155347 -0.00146968
internal_weight=4295 1332 824 508 298 2963
internal_count=4295 1332 824 508 298 2963
is_linear=0
shrinkage=0.06


Tree=38
num_leaves=7
num_cat=0
split_feature=27 24 12 30 30 30
split_gain=4.55876 8.21499 7.54042 6.66726 5.26791 7.31543
threshold=3.5000000000000004 39.500000000000007 43.410714285714299 1.5000000000000002 8.5000000000000018 4.5000000000000009
decision_type=2 2 2 2 2 2
left_child=1 2 4 -2 5 -1
right_child=3 -3 -4 -5 -6 -7
leaf_value=-0.018505788531149644 0.059876466930383052 -0.088555137246082966 0.10016549686928188 0.0049267923978861599 -0.020809809814290859 0.035721760992652292
leaf_weight=311 80 434 173 1740 1335 217
leaf_count=311 80 434 173 1740 1335 217
internal_value=-0.000369499 -0.00204727 -0.00043949 0.00190521 -0.00156424 0.00348405
internal_weight=4290 2470 2036 1820 1863 528
internal_count=4290 2470 2036 1820 1863 528
is_linear=0
shrinkage=0.06


Tree=39
num_leaves=7
num_cat=0
split_feature=27 30 24 15 30 30
split_gain=4.46021 7.71964 6.02915 7.47735 4.65223 6.89663
threshold=3.5000000000000004 1.5000000000000002 39.500000000000007 41.250000000000007 8.5000000000000018 4.5000000000000009
decision_type=2 2 2 2 2 2
left_child=2 -2 3 4 5 -1
right_child=1 -3 -4 -5 -6 -7
leaf_value=-0.017906361404297487 0.066846020484348068 0.0036824903583283497 -0.083241829011317992 0.094155567057124981 -0.019885168827761351 0.048172790848335027
leaf_weight=301 83 1750 434 200 1290 205
leaf_count=301 83 1750 434 200 1290 205
internal_value=-0.000347235 0.00188357 -0.00203162 -0.000628186 -0.00186396 0.00298826
internal_weight=4263 1833 2430 1996 1796 506
internal_count=4263 1833 2430 1996 1796 506
is_linear=0
shrinkage=0.06


Tree=40
num_leaves=7
num_cat=0
split_feature=15 24 26 24 25 30
split_gain=4.4334 4.18733 6.67952 4.50214 6.965 6.11957
threshold=43.750000000000007 59.500000000000007 53.500000000000007 43.500000000000007 44.500000000000007 18.500000000000004
decision_type=2 2 2 2 2 2
left_child=1 2 3 4 5 -1
right_child=-2 -3 -4 -5 -6 -7
leaf_value=0.0029008227601862746 0.042212735023460159 -0.2892037248595149 0.25325365278403844 -0.15336648396083657 0.28679773708062667 -0.023696635742293158
leaf_weight=2008 410 84 93 446 135 1098
leaf_count=2008 410 84 93 446 135 1098
internal_value=-0.000623276 -0.00125536 -0.00095033 -0.00136024 -0.00057671 -0.00116586
internal_weight=4274 3864 3780 3687 3241 3106
internal_count=4274 3864 3780 3687 3241 3106
is_linear=0
shrinkage=0.06


Tree=41
num_leaves=7
num_cat=0
split_feature=19 27 18 14 16 30
split_gain=3.72445 3.25674 3.70481 4.51474 4.10948 2.72885
threshold=-2.5714285714285707 3.5000000000000004 5.2653150619440874 36.750000000000007 8.6575038775041229 8.5000000000000018
decision_type=2 2 2 2 2 2
left_child=-1 5 -3 -4 -5 -2
right_child=1 2 3 4 -6 -7
leaf_value=0.073005265294200969 0.0034937404860599574 0.10623169826431172 -0.0057562896385553852 0.10959646830446666 0.018890425572528242 -0.021532754412213313
leaf_weight=194 635 88 1122 145 406 1696
leaf_count=194 635 88 1122 145 406 1696
internal_value=-0.000341878 -0.000731511 0.00121291 0.000561383 0.00498561 -0.0022012
internal_weight=4286 4092 1761 1673 551 2331
internal_count=4286 4092 1761 1673 551 2331
is_linear=0
shrinkage=0.06


Tree=42
num_leaves=7
num_cat=1
split_feature=24 26 24 1 12 17
split_gain=4.52868 7.13412 5.32692 7.1622 6.44415 6.73898
threshold=21.250000000000004 23.500000000000004 26.750000000000004 0 29.660714285714288 7.2733141621339934
decision_type=2 2 2 1 2 2
left_child=-1 -2 4 -4 5 -3
right_child=1 2 3 -5 -6 -7
leaf_value=0.028386408739060176 -0.056620097795338331 0.096650768301245582 0.0030997863870727647 -0.035177176462054163 0.11770011595416154 -0.030920373360613498
leaf_weight=389 528 197 2269 667 81 130
leaf_count=389 528 197 2269 667 81 130
internal_value=-0.000691983 -0.00131468 -0.000285757 -0.00118225 0.00609443 0.00220482
internal_weight=4261 3872 3344 2936 408 327
internal_count=4261 3872 3344 2936 408 327
cat_boundaries=0 1
cat_threshold=7
is_linear=0
shrinkage=0.06


Tree=43
num_leaves=7
num_cat=1
split_feature=25 24 1 15 24 25
split_gain=4.41386 3.36225 6.90724 5.42924 6.47676 5.69746
threshold=59.500000000000007 21.250000000000004 0 26.750000000000004 28.500000000000004 25.500000000000004
decision_type=2 2 1 2 2 2
left_child=1 2 -1 -3 5 -5
right_child=-2 3 -4 4 -6 -7
leaf_value=0.077795830301353591 0.091034912653200753 -0.020977595159608037 -0.0027297100029935639 -0.0045894686259207165 -0.0035875687887703075 0.11163788531805473
leaf_weight=146 123 1229 254 141 2168 213
leaf_count=146 123 1229 254 141 2168 213
internal_value=-0.000567189 -0.000905197 0.00428889 -0.00146486 0.000129402 0.0075961
internal_weight=4274 4151 400 3751 2522 354
internal_count=4274 4151 400 3751 2522 354
cat_boundaries=0 1
cat_threshold=9
is_linear=0
shrinkage=0.06


Tree=44
num_leaves=7
num_cat=0
split_feature=26 19 3 29 15 32
split_gain=3.98269 3.28758 3.29045 5.09017 4.59272 7.36645
threshold=61.000000000000007 -2.8214285714285725 76.500000000000014 2.5000000000000004 44.250000000000007 21.500000000000004
decision_type=2 2 2 2 2 2
left_child=1 -1 3 -3 -4 -6
right_child=-2 2 4 -5 5 -7
leaf_value=0.086371975865464246 0.1025014168096597 -0.0055176407618710141 -0.014899531083613977 0.039080873876283402 0.060302609994498595 -0.0036232029896329362
leaf_weight=141 87 875 2175 637 177 189
leaf_count=141 87 875 2175 637 177 189
internal_value=-0.000478768 -0.000749464 -0.00106752 0.00114502 -0.00238492 0.00379245
internal_weight=4281 4194 4053 1512 2541 366
internal_count=4281 4194 4053 1512 2541 366
is_linear=0
shrinkage=0.06


Tree=45
num_leaves=7
num_cat=0
split_feature=27 24 26 13 24 26
split_gain=5.39126 6.39199 9.06457 8.01738 5.99551 9.24647
threshold=2.5000000000000004 25.500000000000004 30.500000000000004 23.500000000000004 61.000000000000007 56.500000000000007
decision_type=2 2 2 2 2 2
left_child=-1 3 -3 -2 5 -4
right_child=1 2 4 -5 -6 -7
leaf_value=-0.010276721609793347 -0.005502908981771899 -0.044517235420418244 0.0098220317768869594 0.08095073723948526 -0.26527221660895889 0.19411260120775722
leaf_weight=1838 126 458 1473 196 118 80
leaf_count=1838 126 458 1473 196 118 80
internal_value=-0.000394038 0.00144625 0.000244611 0.00925688 0.00229833 0.00330039
internal_weight=4289 2451 2129 322 1671 1553
internal_count=4289 2451 2129 322 1671 1553
is_linear=0
shrinkage=0.06


Tree=46
num_leaves=7
num_cat=0
split_feature=26 24 25 12 17 32
split_gain=4.71841 11.2205 6.60633 5.5071 6.26192 4.45096
threshold=22.500000000000004 26.750000000000004 29.500000000000004 29.517857142857146 7.2733141621339934 12.500000000000002
decision_type=2 2 2 2 2 2
left_child=-1 3 5 4 -2 -3
right_child=1 2 -4 -5 -6 -7
leaf_value=-0.011130378197728908 0.06635792433894093 -0.00095053841748290015 0.00018854541024926341 0.087007085767930328 -0.018701638304054864 -0.094079424523192803
leaf_weight=692 297 159 2555 152 170 269
leaf_count=692 297 159 2555 152 170 269
internal_value=-0.000383112 0.000489881 -0.00103815 0.00780769 0.00447458 -0.00789145
internal_weight=4294 3602 2983 619 467 428
internal_count=4294 3602 2983 619 467 428
is_linear=0
shrinkage=0.06


Tree=47
num_leaves=7
num_cat=0
split_feature=26 24 30 30 24 27
split_gain=4.69288 9.34082 11.7674 8.10244 6.19127 3.94995
threshold=24.500000000000004 26.750000000000004 14.500000000000002 21.500000000000004 22.500000000000004 1.5000000000000002
decision_type=2 2 2 2 2 2
left_child=4 2 -2 -4 5 -1
right_child=1 -3 3 -5 -6 -7
leaf_value=-0.022082825631321048 -0.0035346338549748779 -0.0018246895248559447 0.18878398972151114 0.064956913745398775 -0.052369754240011827 0.056098050308303539
leaf_weight=264 189 2827 83 102 565 216
leaf_count=264 189 2827 83 102 565 216
internal_value=-0.000415667 0.000724267 0.00956992 0.0201158 -0.00389714 0.00110722
internal_weight=4246 3201 374 185 1045 480
internal_count=4246 3201 374 185 1045 480
is_linear=0
shrinkage=0.06


Tree=48
num_leaves=7
num_cat=0
split_feature=26 15 12 24 26 32
split_gain=4.69475 3.21777 5.31699 4.62942 6.63906 7.78135
threshold=61.000000000000007 43.750000000000007 49.000000000000007 43.500000000000007 35.500000000000007 15.500000000000002
decision_type=2 2 2 2 2 2
left_child=1 3 -3 4 -1 -6
right_child=-2 2 -4 -5 5 -7
leaf_value=-0.003806205240516369 0.11395698312216186 0.054573552702573754 -0.0038969640699917816 -0.12633313851280686 0.091454691901626098 -0.013722126979919987
leaf_weight=2578 82 255 131 578 380 302
leaf_count=2578 82 255 131 578 380 302
internal_value=-0.000382046 -0.000666115 0.00451918 -0.0011936 -0.000311485 0.00493013
internal_weight=4306 4224 386 3838 3260 682
internal_count=4306 4224 386 3838 3260 682
is_linear=0
shrinkage=0.06


Tree=49
num_leaves=7
num_cat=0
split_feature=25 16 32 24 18 27
split_gain=4.21975 9.6596 4.46134 4.33113 10.2165 7.41811
threshold=46.500000000000007 7.6528083759644412 16.500000000000004 40.250000000000007 8.64598459142975 3.5000000000000004
decision_type=2 2 2 2 2 2
left_child=3 -2 -3 4 -1 -6
right_child=1 2 -4 -5 5 -7
leaf_value=-0.0045924113811367292 0.33119842830598628 -0.091056469820590819 0.063828191318413385 -0.051806277059905266 0.039487542353080905 0.15171230432207886
leaf_weight=2367 90 198 311 715 486 86
leaf_count=2367 90 198 311 715 486 86
internal_value=-0.000453734 0.00419205 0.000898833 -0.00122083 -0.00019769 0.00696187
internal_weight=4253 599 509 3654 2939 572
internal_count=4253 599 509 3654 2939 572
is_linear=0
shrinkage=0.06


Tree=50
num_leaves=7
num_cat=0
split_feature=27 24 12 24 26 12
split_gain=4.511 6.67239 8.11181 5.47117 7.03738 8.62094
threshold=3.5000000000000004 39.500000000000007 37.857142857142868 28.500000000000004 23.500000000000004 29.803571428571434
decision_type=2 2 2 2 2 2
left_child=1 2 3 4 -1 -6
right_child=-2 -3 -4 -5 5 -7
leaf_value=-0.013933437754111643 0.0070474399033919159 -0.082445386337031343 0.072529275293440998 -0.086928520940767764 0.0041166198510335138 0.11480092629825429
leaf_weight=720 1829 434 428 425 359 94
leaf_count=720 1829 434 428 425 359 94
internal_value=-0.000561714 -0.00223813 -0.000781388 -0.00274922 -0.000621392 0.00520087
internal_weight=4289 2460 2026 1598 1173 453
internal_count=4289 2460 2026 1598 1173 453
is_linear=0
shrinkage=0.06


Tree=51
num_leaves=7
num_cat=1
split_feature=24 25 26 24 1 26
split_gain=3.72874 7.56895 3.1618 7.14684 6.64049 5.11886
threshold=62.500000000000007 58.500000000000007 22.500000000000004 25.500000000000004 0 30.500000000000004
decision_type=2 2 2 2 1 2
left_child=1 2 -1 4 -4 -5
right_child=-2 -3 3 5 -6 -7
leaf_value=-0.013219356518435357 -0.24666548064155658 0.06865496481577868 -0.0022646189151329476 -0.025013541026508389 0.096281269942865538 0.0016769160479581701
leaf_weight=680 96 88 218 804 232 2145
leaf_count=680 96 88 218 804 232 2145
internal_value=-0.0004597 -0.000182646 -0.00056856 0.000179788 0.00718022 -0.000897766
internal_weight=4263 4167 4079 3399 450 2949
internal_count=4263 4167 4079 3399 450 2949
cat_boundaries=0 1
cat_threshold=17
is_linear=0
shrinkage=0.06


Tree=52
num_leaves=7
num_cat=0
split_feature=25 15 30 24 25 30
split_gain=4.98591 3.88443 5.33498 4.16799 6.61367 5.09529
threshold=61.000000000000007 43.750000000000007 11.500000000000002 43.500000000000007 44.500000000000007 18.500000000000004
decision_type=2 2 2 2 2 2
left_child=1 3 -3 4 5 -1
right_child=-2 2 -4 -5 -6 -7
leaf_value=0.0036979238184324048 0.046577374425598811 -0.050172055028876804 0.068399493989722851 -0.11616823493552517 0.26584940810684765 -0.017954943108717637
leaf_weight=1997 96 149 238 568 129 1097
leaf_count=1997 96 149 238 568 129 1097
internal_value=-0.000132508 -0.000451112 0.00523469 -0.00103846 -0.000198885 -0.000763795
internal_weight=4274 4178 387 3791 3223 3094
internal_count=4274 4178 387 3791 3223 3094
is_linear=0
shrinkage=0.06


Tree=53
num_leaves=7
num_cat=1
split_feature=27 30 1 29 26 24
split_gain=5.01172 3.86969 9.21149 10.2474 6.3285 7.96916
threshold=2.5000000000000004 7.5000000000000009 0 3.5000000000000004 57.500000000000007 27.500000000000004
decision_type=2 2 1 2 2 2
left_child=-1 2 -2 -4 5 -3
right_child=1 4 3 -5 -6 -7
leaf_value=-0.0082541632686363008 -0.063961117847850163 0.044174161811225507 0.16722722045473903 0.0049489478311117519 0.151445008752155 -0.017632406344025204
leaf_weight=1851 125 366 198 299 112 1347
leaf_count=1851 125 366 198 299 112 1347
internal_value=-6.20497e-05 0.00171778 0.00578469 0.00933984 0.000318033 -0.000600698
internal_weight=4298 2447 622 497 1825 1713
internal_count=4298 2447 622 497 1825 1713
cat_boundaries=0 1
cat_threshold=16
is_linear=0
shrinkage=0.06


Tree=54
num_leaves=7
num_cat=0
split_feature=26 24 30 30 24 30
split_gain=4.11707 8.6762 7.03567 8.55407 5.45112 4.18689
threshold=24.500000000000004 26.750000000000004 14.500000000000002 21.500000000000004 22.500000000000004 1.5000000000000002
decision_type=2 2 2 2 2 2
left_child=4 2 -2 -4 -1 -3
right_child=1 5 3 -5 -6 -7
leaf_value=0.00077157725113690561 0.0021907280620682189 0.028384423343218897 0.16888881960696475 0.023180363833716758 -0.048559432852270025 -0.0039565168570284207
leaf_weight=469 187 100 82 104 571 2740
leaf_count=469 187 100 82 104 571 2740
internal_value=-0.000284641 0.000777502 0.00931746 0.0174188 -0.00355694 -0.000357469
internal_weight=4253 3213 373 186 1040 2840
internal_count=4253 3213 373 186 1040 2840
is_linear=0
shrinkage=0.06


Tree=55
num_leaves=7
num_cat=0
split_feature=25 24 26 25 24 12
split_gain=3.62211 6.84066 6.35351 6.99591 6.15954 5.81003
threshold=29.500000000000004 35.500000000000007 38.750000000000007 38.750000000000007 28.500000000000004 29.232142857142861
decision_type=2 2 2 2 2 2
left_child=4 -2 -3 -4 5 -1
right_child=1 2 3 -5 -6 -7
leaf_value=-0.008855650637520451 0.041106186686907013 -0.080661103431524619 -0.12957583487974317 0.027895219223224119 -0.10946733087057342 0.033767529827326413
leaf_weight=1126 777 548 128 1117 295 269
leaf_count=1126 777 548 128 1117 295 269
internal_value=1.33646e-05 0.00143184 -0.000607341 0.0017616 -0.00213982 -0.000458571
internal_weight=4260 2570 1793 1245 1690 1395
internal_count=4260 2570 1793 1245 1690 1395
is_linear=0
shrinkage=0.06


Tree=56
num_leaves=7
num_cat=0
split_feature=27 30 24 16 30 16
split_gain=3.47513 7.45329 5.04454 9.89318 5.71607 4.82095
threshold=2.5000000000000004 1.5000000000000002 39.500000000000007 9.6830702954700349 14.500000000000002 5.7113087483559859
decision_type=2 2 2 2 2 2
left_child=2 -2 3 -1 -5 -3
right_child=1 5 -4 4 -6 -7
leaf_value=-0.01799382379542739 0.034497381696527253 0.044163170328708555 -0.079014071714603507 -0.01468457514612191 0.098806559871118679 0.0012731901137460922
leaf_weight=1337 82 195 246 115 156 2183
leaf_count=1337 82 195 246 115 156 2183
internal_value=0.000200741 0.0016783 -0.0017574 -0.000518909 0.00982609 0.00104364
internal_weight=4314 2460 1854 1608 271 2378
internal_count=4314 2460 1854 1608 271 2378
is_linear=0
shrinkage=0.06


Tree=57
num_leaves=7
num_cat=0
split_feature=14 17 18 25 16 25
split_gain=2.83364 6.92985 3.99671 5.17886 5.92118 3.45943
threshold=35.750000000000007 7.8278153876031311 9.3419292882535903 45.500000000000007 8.6575038775041229 41.500000000000007
decision_type=2 2 2 2 2 2
left_child=-1 -2 3 4 -3 -6
right_child=1 2 -4 -5 5 -7
leaf_value=-0.0040145798203078771 0.068000326055328894 -0.070556482917179308 -0.01337822956577738 0.084186306822225804 0.035913279861280172 -0.071609333704094072
leaf_weight=2734 128 151 640 271 245 97
leaf_count=2734 128 151 640 271 245 97
internal_value=0.000160852 0.00222316 0.000977289 0.00389727 0.000204819 0.00457349
internal_weight=4266 1532 1404 764 493 342
internal_count=4266 1532 1404 764 493 342
is_linear=0
shrinkage=0.06


Tree=58
num_leaves=7
num_cat=0
split_feature=24 26 24 17 26 25
split_gain=3.69207 4.95362 9.3094 6.73103 6.18144 5.23522
threshold=21.250000000000004 30.500000000000004 35.500000000000007 9.8516445461029409 38.750000000000007 38.750000000000007
decision_type=2 2 2 2 2 2
left_child=-1 -2 3 -3 -4 -6
right_child=1 2 4 -5 5 -7
leaf_value=0.027138387390214555 -0.013992538884184747 0.010833242147141124 -0.074610755371268864 0.21486699700669618 -0.11840436867478445 0.023898156433632148
leaf_weight=395 1536 486 525 88 124 1131
leaf_count=395 1536 486 525 88 124 1131
internal_value=-5.87413e-05 -0.000623107 0.00110513 0.00771503 -0.00104034 0.00124762
internal_weight=4285 3890 2354 574 1780 1255
internal_count=4285 3890 2354 574 1780 1255
is_linear=0
shrinkage=0.06


Tree=59
num_leaves=7
num_cat=0
split_feature=27 18 26 24 12 24
split_gain=3.26549 4.41416 5.5635 5.22179 4.25285 5.10744
threshold=3.5000000000000004 5.1843545435209402 30.500000000000004 61.000000000000007 40.571428571428577 45.500000000000007
decision_type=2 2 2 2 2 2
left_child=-1 -2 -3 4 5 -4
right_child=1 2 3 -5 -6 -7
leaf_value=-0.0050930055816324682 0.090731299687961536 -0.013830829204734805 0.018515561536967196 -0.2124491061443459 0.047910622289977743 -0.10323439922295315
leaf_weight=2448 81 398 635 101 385 210
leaf_count=2448 81 398 635 101 385 210
internal_value=-6.26319e-05 0.00186612 0.00120069 0.00306287 0.00415142 0.00174353
internal_weight=4258 1810 1729 1331 1230 845
internal_count=4258 1810 1729 1331 1230 845
is_linear=0
shrinkage=0.06


Tree=60
num_leaves=7
num_cat=1
split_feature=26 15 24 17 30 1
split_gain=3.27109 2.92708 4.25801 6.84847 4.68558 6.3698
threshold=61.000000000000007 43.750000000000007 43.500000000000007 10.035773489725036 19.500000000000004 0
decision_type=2 2 2 2 2 1
left_child=1 2 3 4 -1 -6
right_child=-2 -3 -4 -5 5 -7
leaf_value=0.0019306307701405466 0.060320106421988769 0.020453961531567772 -0.11324681835847354 0.11057866244952536 0.0087420715248538085 -0.039561044027335103
leaf_weight=2102 80 380 565 160 357 620
leaf_count=2102 80 380 565 160 357 620
internal_value=-0.000392832 -0.000629506 -0.00113337 -0.000290382 -0.000928016 -0.00435031
internal_weight=4264 4184 3804 3239 3079 977
internal_count=4264 4184 3804 3239 3079 977
cat_boundaries=0 1
cat_threshold=18
is_linear=0
shrinkage=0.06


Tree=61
num_leaves=7
num_cat=0
split_feature=25 17 26 14 26 10
split_gain=3.19169 3.65672 3.44638 5.65136 3.11669 2.499
threshold=38.750000000000007 7.4636481099563872 38.750000000000007 41.875000000000007 35.500000000000007 31.571428571428573
decision_type=2 2 2 2 2 2
left_child=2 -2 3 4 -1 -3
right_child=1 5 -4 -5 -6 -7
leaf_value=-0.0041707859954728073 0.044030299070188038 -0.090245526168067552 -0.07731970103426565 0.070432324975218064 0.038902068582894661 0.017002564275378187
leaf_weight=2414 165 83 164 101 155 1180
leaf_count=2414 165 83 164 101 155 1180
internal_value=-9.0696e-05 0.00221703 -0.00125643 -0.00072785 -0.00128671 0.00109779
internal_weight=4262 1428 2834 2670 2569 1263
internal_count=4262 1428 2834 2670 2569 1263
is_linear=0
shrinkage=0.06


Tree=62
num_leaves=7
num_cat=0
split_feature=26 24 30 30 26 24
split_gain=2.87862 7.20057 5.68502 6.7975 4.97576 8.59852
threshold=24.500000000000004 26.750000000000004 14.500000000000002 22.500000000000004 34.500000000000007 35.500000000000007
decision_type=2 2 2 2 2 2
left_child=-1 2 -2 -4 -3 -6
right_child=1 4 3 -5 5 -7
leaf_value=-0.0078643938359318124 0.0002274737853191555 -0.010583610163712462 0.14250112305086352 0.016089525409640149 0.11500814112649407 0.0032645271372161709
leaf_weight=1067 202 1047 94 86 171 1626
leaf_count=1067 202 1047 94 86 171 1626
internal_value=2.3732e-05 0.000918292 0.0085969 0.0162 -0.000125307 0.00178801
internal_weight=4293 3226 382 180 2844 1797
internal_count=4293 3226 382 180 2844 1797
is_linear=0
shrinkage=0.06


Tree=63
num_leaves=7
num_cat=0
split_feature=28 24 25 24 32 24
split_gain=2.90654 4.93694 8.52601 4.86279 4.51225 4.50741
threshold=1.0000000180025095e-35 40.750000000000007 33.500000000000007 26.750000000000004 14.500000000000002 62.500000000000007
decision_type=2 2 2 2 2 2
left_child=1 2 3 4 -1 -2
right_child=5 -3 -4 -5 -6 -7
leaf_value=-0.0079532593976334894 0.016072764513785094 -0.067623784101236234 0.027192816395347819 -0.059139184833597182 0.0106162525161586 -0.21239983003226195
leaf_weight=718 1139 516 550 758 527 96
leaf_count=718 1139 516 550 758 527 96
internal_value=-0.000361337 -0.00135068 -0.000262705 -0.00208267 0.0002256 0.00209032
internal_weight=4304 3069 2553 2003 1245 1235
internal_count=4304 3069 2553 2003 1245 1235
is_linear=0
shrinkage=0.06


Tree=64
num_leaves=7
num_cat=1
split_feature=26 24 25 1 19 24
split_gain=4.53532 3.18396 8.04934 5.07979 5.02773 3.87048
threshold=61.000000000000007 43.500000000000007 45.500000000000007 0 0.96428571428571541 21.250000000000004
decision_type=2 2 2 1 2 2
left_child=1 2 3 4 -1 -5
right_child=-2 -3 -4 5 -6 -7
leaf_value=0.0018318931616917043 0.061793436019172414 -0.061817140847634504 0.28621893521410696 0.02085554313126968 0.035423171387720394 -0.0035356195976386394
leaf_weight=249 80 815 107 382 153 2475
leaf_count=249 80 815 107 382 153 2475
internal_value=0.000361463 8.17009e-05 0.000897953 0.000352941 0.00653957 -0.000547354
internal_weight=4261 4181 3366 3259 402 2857
internal_count=4261 4181 3366 3259 402 2857
cat_boundaries=0 1
cat_threshold=2
is_linear=0
shrinkage=0.06


Tree=65
num_leaves=7
num_cat=0
split_feature=25 15 24 26 32 30
split_gain=5.08093 3.65693 3.47529 5.62366 6.47609 5.92093
threshold=62.500000000000007 43.750000000000007 43.500000000000007 35.500000000000007 15.500000000000002 14.500000000000002
decision_type=2 2 2 2 2 2
left_child=1 2 3 -1 5 -5
right_child=-2 -3 -4 4 -6 -7
leaf_value=-0.003105954987356978 0.02017028103461465 0.013742314420082509 -0.090347080341378075 0.13326244467293924 -0.0048833240578278134 -0.0014528017569674033
leaf_weight=2550 91 386 570 269 292 121
leaf_count=2550 91 386 570 269 292 121
internal_value=0.000226891 -8.51419e-05 -0.00065327 0.000110287 0.00493013 0.00994177
internal_weight=4279 4188 3802 3232 682 390
internal_count=4279 4188 3802 3232 682 390
is_linear=0
shrinkage=0.06


Tree=66
num_leaves=7
num_cat=0
split_feature=15 11 30 11 14 26
split_gain=4.87256 4.15134 5.71583 2.86865 2.74541 3.11987
threshold=44.250000000000007 49.678571428571438 11.500000000000002 46.089285714285715 35.750000000000007 31.500000000000004
decision_type=2 2 2 2 2 2
left_child=3 2 -2 4 -1 -6
right_child=1 -3 -4 -5 5 -7
leaf_value=-0.0033215759416454294 -0.0056087346323874772 -0.10092683019584066 0.096662646064094249 -0.16794769345822758 0.066547402142591722 0.003056088130364456
leaf_weight=2763 122 101 176 102 105 904
leaf_count=2763 122 101 176 102 105 904
internal_value=-2.80505e-06 0.00626733 0.00979208 -0.000656613 -0.000380461 0.00228994
internal_weight=4273 399 298 3874 3772 1009
internal_count=4273 399 298 3874 3772 1009
is_linear=0
shrinkage=0.06


Tree=67
num_leaves=7
num_cat=1
split_feature=26 18 26 1 17 26
split_gain=3.3901 3.97371 3.90102 2.98255 4.36567 3.78651
threshold=24.500000000000004 6.4293683592425701 27.500000000000004 0 7.7597861569737985 38.750000000000007
decision_type=2 2 2 1 2 2
left_child=-1 2 -2 4 5 -3
right_child=1 3 -4 -5 -6 -7
leaf_value=-0.0067665254117408756 0.15266587074762408 0.0028727228425425855 0.026599836835027375 -0.019997037907715089 0.0019358685130877349 0.21145415490799349
leaf_weight=1052 81 241 159 628 1980 100
leaf_count=1052 81 241 159 628 1980 100
internal_value=-2.82619e-06 0.000971196 0.00831429 0.000359513 0.0013536 0.00757803
internal_weight=4241 3189 240 2949 2321 341
internal_count=4241 3189 240 2949 2321 341
cat_boundaries=0 1
cat_threshold=7
is_linear=0
shrinkage=0.06


Tree=68
num_leaves=7
num_cat=0
split_feature=24 25 27 30 15 24
split_gain=3.29931 7.3358 2.73624 5.91261 7.77153 4.68134
threshold=62.500000000000007 58.500000000000007 2.5000000000000004 5.5000000000000009 25.750000000000004 27.500000000000004
decision_type=2 2 2 2 2 2
left_child=1 2 -1 4 -4 -5
right_child=-2 -3 3 5 -6 -7
leaf_value=-0.0066488275741161292 -0.19291713831237053 0.051396629806003867 -0.0082925258785668983 0.026854517495290445 0.074777226641128694 -0.0045338207761418123
leaf_weight=1842 96 82 116 405 251 1489
leaf_count=1842 96 82 116 405 251 1489
internal_value=5.17965e-05 0.00031074 -5.40409e-05 0.00134245 0.00825806 -1.4218e-05
internal_weight=4281 4185 4103 2261 367 1894
internal_count=4281 4185 4103 2261 367 1894
is_linear=0
shrinkage=0.06


Tree=69
num_leaves=7
num_cat=0
split_feature=26 15 24 12 26 24
split_gain=4.43848 3.11843 3.6669 4.99901 3.44091 4.38351
threshold=61.000000000000007 43.750000000000007 21.250000000000004 27.089285714285719 24.500000000000004 26.750000000000004
decision_type=2 2 2 2 2 2
left_child=1 2 3 -1 -4 -6
right_child=-2 -3 4 -5 5 -7
leaf_value=0.00013796786785065683 0.05969647260583303 0.010336298107009805 -0.022187517515454416 0.053339624356307007 0.057082747085805553 -0.004867383313069162
leaf_weight=293 82 379 694 103 341 2380
leaf_count=293 82 379 694 103 341 2380
internal_value=0 -0.000278188 -0.00079717 0.00463092 -0.00143333 -0.000466618
internal_weight=4272 4190 3811 396 3415 2721
internal_count=4272 4190 3811 396 3415 2721
is_linear=0
shrinkage=0.06


Tree=70
num_leaves=7
num_cat=0
split_feature=15 30 24 26 24 27
split_gain=3.29105 3.47595 3.27179 4.46923 3.05938 3.26874
threshold=43.750000000000007 11.500000000000002 58.500000000000007 49.500000000000007 21.250000000000004 4.5000000000000009
decision_type=2 2 2 2 2 2
left_child=2 -2 3 4 -1 -6
right_child=1 -3 -4 -5 5 -7
leaf_value=0.017016051221649633 -0.016355587631028321 0.030722427054181285 -0.18006816771282888 0.159441958686488 -0.010502642828567152 0.0080054716157926635
leaf_weight=407 159 257 91 159 2350 858
leaf_count=407 159 257 91 159 2350 858
internal_value=-0.000198787 0.00483848 -0.000747287 -0.000467584 -0.00090663 -0.00153035
internal_weight=4281 416 3865 3774 3615 3208
internal_count=4281 416 3865 3774 3615 3208
is_linear=0
shrinkage=0.06


Tree=71
num_leaves=7
num_cat=1
split_feature=25 24 25 3 1 24
split_gain=3.40071 5.59186 5.85017 6.08706 6.076 4.97844
threshold=36.500000000000007 32.500000000000007 29.500000000000004 129.50000000000003 0 28.500000000000004
decision_type=2 2 2 2 1 2
left_child=1 2 5 4 -4 -1
right_child=-2 -3 3 -5 -6 -7
leaf_value=-0.00066737518114633686 0.0053166895039180283 -0.071634808231810079 0.10978813761840374 -0.04249034149418647 -0.0044830328351006176 -0.10243736629434433
leaf_weight=1398 1670 636 207 81 107 209
leaf_count=1398 1670 636 207 81 107 209
internal_value=-0.000235799 -0.00157662 -1.34529e-05 0.00648 0.0102414 -0.00162655
internal_weight=4308 2638 2002 395 314 1607
internal_count=4308 2638 2002 395 314 1607
cat_boundaries=0 1
cat_threshold=11
is_linear=0
shrinkage=0.06


Tree=72
num_leaves=7
num_cat=0
split_feature=26 24 26 24 32 12
split_gain=4.25353 10.2996 8.54154 5.36643 4.60676 4.3465
threshold=30.500000000000004 36.500000000000007 38.750000000000007 31.500000000000004 11.500000000000002 29.232142857142861
decision_type=2 2 2 2 2 2
left_child=3 -2 4 5 -3 -1
right_child=1 2 -4 -5 -6 -7
leaf_value=-0.006911706554730921 0.030524483987270177 0.003687722212804214 0.0075065873682451873 -0.078237351395096563 -0.14587019092925432 0.014373658877603225
leaf_weight=1300 653 165 1250 206 301 432
leaf_count=1300 653 165 1250 206 301 432
internal_value=0.000183673 0.00188795 -0.000556072 -0.00189758 -0.00744586 -0.000792746
internal_weight=4307 2369 1716 1938 466 1732
internal_count=4307 2369 1716 1938 466 1732
is_linear=0
shrinkage=0.06


Tree=73
num_leaves=7
num_cat=0
split_feature=27 24 16 30 19 24
split_gain=2.73359 4.38118 7.59749 4.01867 4.52035 3.83694
threshold=2.5000000000000004 39.500000000000007 9.1261003434710926 7.5000000000000009 2.1428571428571446 27.500000000000004
decision_type=2 2 2 2 2 2
left_child=1 2 -1 -4 -5 -2
right_child=5 -3 3 4 -6 -7
leaf_value=-0.013839214618940313 0.02382166749060918 -0.062840588747433299 -0.087410310504220698 0.074229992014943472 -0.0067144179686652447 0.00022546688986272654
leaf_weight=1208 500 251 83 207 82 1936
leaf_count=1208 500 251 83 207 82 1936
internal_value=-3.79213e-05 -0.00178758 -0.000603785 0.00683554 0.0101429 0.00127694
internal_weight=4267 1831 1580 372 289 2436
internal_count=4267 1831 1580 372 289 2436
is_linear=0
shrinkage=0.06


Tree=74
num_leaves=7
num_cat=0
split_feature=26 24 25 16 3 25
split_gain=3.55326 2.00392 7.13662 5.14232 3.80402 3.78124
threshold=61.000000000000007 42.500000000000007 45.500000000000007 9.8778239167988211 92.500000000000014 39.500000000000007
decision_type=2 2 2 2 2 2
left_child=1 2 3 -1 -5 -3
right_child=-2 5 -4 4 -6 -7
leaf_value=-0.002521086381096038 0.044534348567636793 -0.23723752595671529 0.26166994545828587 0.18013390587815259 0.0079163219530249945 -0.010560921305780985
leaf_weight=2804 84 134 100 145 233 789
leaf_count=2804 84 134 100 145 233 789
internal_value=-0.000435957 -0.000686936 8.21418e-06 -0.00049796 0.0060235 -0.00314871
internal_weight=4289 4205 3282 3182 378 923
internal_count=4289 4205 3282 3182 378 923
is_linear=0
shrinkage=0.06


Tree=75
num_leaves=7
num_cat=0
split_feature=26 24 30 10 24 27
split_gain=2.88318 4.83718 5.71425 7.8068 3.38563 3.13638
threshold=24.500000000000004 26.750000000000004 14.500000000000002 29.214285714285719 24.500000000000004 1.5000000000000002
decision_type=2 2 2 2 2 2
left_child=4 2 -2 -4 5 -1
right_child=1 -3 3 -5 -6 -7
leaf_value=-0.018402713444819606 -0.0027144330697967244 -0.00062524078616531752 0.016957487708153331 0.11855067053577931 -0.068189457027384867 0.0081365427697907122
leaf_weight=368 196 2849 105 81 359 330
leaf_count=368 196 2849 105 81 359 330
internal_value=-0.000292802 0.000597033 0.00689147 0.0142775 -0.00300565 -0.000550498
internal_weight=4288 3231 382 186 1057 698
internal_count=4288 3231 382 186 1057 698
is_linear=0
shrinkage=0.06


Tree=76
num_leaves=7
num_cat=0
split_feature=27 16 11 26 11 24
split_gain=2.41387 5.79032 8.22101 4.96109 6.05005 4.7021
threshold=4.5000000000000009 8.7256444541276732 40.750000000000007 45.500000000000007 30.732142857142858 40.750000000000007
decision_type=2 2 2 2 2 2
left_child=5 2 3 4 -2 -1
right_child=1 -3 -4 -5 -6 -7
leaf_value=-0.0009984472647267316 0.0041388618071123238 -0.028042019604095737 0.14202708721572899 -0.069270107407421816 0.12567995594098741 -0.062624146675402462
leaf_weight=2556 523 449 91 98 83 503
leaf_count=2556 523 449 91 98 83 503
internal_value=-0.000399721 0.00182306 0.00489 0.00261918 0.00465957 -0.00130614
internal_weight=4303 1244 795 704 606 3059
internal_count=4303 1244 795 704 606 3059
is_linear=0
shrinkage=0.06


Tree=77
num_leaves=7
num_cat=0
split_feature=26 26 24 30 13 24
split_gain=3.58839 2.16058 5.22927 6.34706 6.02635 3.84859
threshold=61.000000000000007 24.500000000000004 26.750000000000004 14.500000000000002 26.500000000000004 27.500000000000004
decision_type=2 2 2 2 2 2
left_child=1 5 3 -3 -5 -1
right_child=-2 2 -4 4 -6 -7
leaf_value=-0.004915881504745076 0.032259709560989412 -0.0024916602497253313 -0.0026279474256690216 0.015999945281547721 0.10216729553387482 -0.19600721937356375
leaf_weight=932 84 195 2795 96 81 136
leaf_count=932 84 195 2795 96 81 136
internal_value=-0.000495375 -0.000745755 4.16141e-05 0.00667639 0.0147363 -0.00307269
internal_weight=4319 4235 3167 372 177 1068
internal_count=4319 4235 3167 372 177 1068
is_linear=0
shrinkage=0.06


Tree=78
num_leaves=7
num_cat=0
split_feature=15 30 11 26 24 17
split_gain=2.53834 3.3728 2.51566 2.55518 4.68644 4.03749
threshold=43.750000000000007 11.500000000000002 46.857142857142868 35.500000000000007 42.500000000000007 9.396339889568516
decision_type=2 2 2 2 2 2
left_child=2 -2 3 -1 -5 -6
right_child=1 -3 -4 4 5 -7
leaf_value=-0.0046209286144603644 -0.018405994615016113 0.03010572574817675 -0.11495439076294692 0.021563659581702498 0.01802728743836263 -0.14842222076432129
leaf_weight=2563 166 263 81 595 442 185
leaf_count=2563 166 263 81 595 442 185
internal_value=3.06977e-05 0.00438249 -0.000456471 -0.000224802 0.00202689 -0.00158544
internal_weight=4295 429 3866 3785 1222 627
internal_count=4295 429 3866 3785 1222 627
is_linear=0
shrinkage=0.06


Tree=79
num_leaves=7
num_cat=0
split_feature=15 17 24 26 24 17
split_gain=2.59996 3.5989 2.98072 5.24627 3.03376 6.51976
threshold=43.750000000000007 9.4589893162213823 59.500000000000007 53.500000000000007 42.500000000000007 10.189412836488563
decision_type=2 2 2 2 2 2
left_child=2 -2 3 4 5 -1
right_child=1 -3 -4 -5 -6 -7
leaf_value=-0.0012073606971921412 0.030627981146871458 0.00012455005539122155 -0.16861727177477981 0.13714206588833319 -0.074128712594445798 0.094173794854961773
leaf_weight=3038 129 297 85 93 524 126
leaf_count=3038 129 297 85 93 524 126
internal_value=-0.000180824 0.00423898 -0.000673469 -0.000415214 -0.000779041 -7.4787e-05
internal_weight=4292 426 3866 3781 3688 3164
internal_count=4292 426 3866 3781 3688 3164
is_linear=0
shrinkage=0.06


Tree=80
num_leaves=7
num_cat=0
split_feature=27 16 11 26 11 25
split_gain=2.26412 5.73707 7.45636 5.01232 6.15665 3.05644
threshold=4.5000000000000009 8.7454069511560562 39.821428571428577 45.500000000000007 31.178571428571434 41.500000000000007
decision_type=2 2 2 2 2 2
left_child=-1 2 3 4 5 -2
right_child=1 -3 -4 -5 -6 -7
leaf_value=-0.0023896237381436781 0.013250956354922714 -0.035912001105718599 0.12891354193503318 -0.06159013860807136 0.12843602637980112 -0.049035837695093801
leaf_weight=3077 438 445 89 92 82 87
leaf_count=3077 438 445 89 92 82 87
internal_value=-0.000242642 0.00192407 0.00498991 0.00282955 0.00482353 0.0023434
internal_weight=4310 1233 788 699 607 525
internal_count=4310 1233 788 699 607 525
is_linear=0
shrinkage=0.06


Tree=81
num_leaves=7
num_cat=1
split_feature=24 26 24 1 24 18
split_gain=2.69148 4.99229 8.54322 4.48463 3.99413 4.70571
threshold=21.250000000000004 30.500000000000004 29.500000000000004 0 31.500000000000004 7.0383961614895432
decision_type=2 2 2 1 2 2
left_child=3 4 -3 -1 5 -2
right_child=1 2 -4 -5 -6 -7
leaf_value=0.064531477127953596 -0.052685843885621822 0.15303242277799819 0.001111376970918112 0.00090483162960406814 -0.083616499765890279 0.0039663445556130973
leaf_weight=103 734 80 2301 282 194 574
leaf_count=103 734 80 2301 282 194 574
internal_value=-0.000181839 -0.000658951 0.00104862 0.00456923 -0.00336231 -0.00214547
internal_weight=4268 3883 2381 385 1502 1308
internal_count=4268 3883 2381 385 1502 1308
cat_boundaries=0 1
cat_threshold=8
is_linear=0
shrinkage=0.06


Tree=82
num_leaves=7
num_cat=0
split_feature=26 24 30 30 26 24
split_gain=2.40056 4.80857 5.71638 5.39287 2.96164 4.44819
threshold=24.500000000000004 26.750000000000004 14.500000000000002 22.500000000000004 38.750000000000007 36.500000000000007
decision_type=2 2 2 2 2 2
left_child=-1 2 -2 -4 5 -3
right_child=1 4 3 -5 -6 -7
leaf_value=-0.0088811718579057796 -0.0020870665250908261 -0.0004731313638854173 0.12201578062801711 0.015295042674305863 0.0070491976594146515 -0.076356822549892664
leaf_weight=1062 190 1063 92 85 1312 462
leaf_count=1062 190 1063 92 85 1312 462
internal_value=-0.000427769 0.000391711 0.00680645 0.0144066 -0.000447572 -0.00224314
internal_weight=4266 3204 367 177 2837 1525
internal_count=4266 3204 367 177 2837 1525
is_linear=0
shrinkage=0.06


Tree=83
num_leaves=7
num_cat=0
split_feature=14 24 26 17 18 26
split_gain=2.17565 8.41686 3.94229 3.86169 3.37016 4.49282
threshold=35.750000000000007 36.500000000000007 38.750000000000007 9.7768925451545545 9.5373363427948785 57.500000000000007
decision_type=2 2 2 2 2 2
left_child=-1 3 -3 -2 5 -4
right_child=1 2 4 -5 -6 -7
leaf_value=-0.0028916717813865667 0.073582663117532782 -0.099641264290076734 0.014018408326954503 0.20079596080395648 -0.048503618884190872 0.10089795298307964
leaf_weight=2753 228 291 509 87 342 82
leaf_count=2753 228 291 509 87 342 82
internal_value=6.9118e-05 0.00187306 -0.00038812 0.0105375 0.00151599 0.00424832
internal_weight=4292 1539 1224 315 933 591
internal_count=4292 1539 1224 315 933 591
is_linear=0
shrinkage=0.06


Tree=84
num_leaves=7
num_cat=0
split_feature=27 24 32 26 24 15
split_gain=3.1512 3.50467 8.37369 8.15514 6.20837 5.28027
threshold=2.5000000000000004 27.500000000000004 15.500000000000002 35.500000000000007 43.500000000000007 44.750000000000007
decision_type=2 2 2 2 2 2
left_child=-1 2 -2 -3 -5 -6
right_child=1 3 -4 4 5 -7
leaf_value=-0.01050317194309968 9.2737412194636716e-05 -0.035198298110674653 0.037970378478305401 0.036747737133310969 -0.055406105864857051 0.012005180546316579
leaf_weight=1830 330 631 165 500 570 216
leaf_count=1830 330 631 165 500 570 216
internal_value=-0.000232399 0.00119032 0.005664 2.18522e-05 0.00276297 -0.000565107
internal_weight=4242 2412 495 1917 1286 786
internal_count=4242 2412 495 1917 1286 786
is_linear=0
shrinkage=0.06


Tree=85
num_leaves=7
num_cat=0
split_feature=27 24 12 18 30 27
split_gain=3.26318 4.61462 5.52014 4.26255 3.59864 5.91644
threshold=2.5000000000000004 21.250000000000004 27.089285714285719 6.9291065023131146 10.500000000000002 1.0000000180025095e-35
decision_type=2 2 2 2 2 2
left_child=1 2 -1 -3 5 -5
right_child=-2 3 -4 4 -6 -7
leaf_value=-0.007437560697783922 0.0041448860289859365 -0.066592771491803635 0.059187581653030272 0.013056139081147692 0.0055028055446707741 -0.061421802201445282
leaf_weight=201 2441 324 86 159 749 301
leaf_count=201 2441 324 86 159 749 301
internal_value=0.000178622 -0.00174082 0.00517808 -0.00305072 -0.00139374 -0.00554194
internal_weight=4261 1820 287 1533 1209 460
internal_count=4261 1820 287 1533 1209 460
is_linear=0
shrinkage=0.06


Tree=86
num_leaves=7
num_cat=0
split_feature=27 30 24 13 15 24
split_gain=3.345 3.34851 5.92456 6.17266 5.78456 4.50334
threshold=2.5000000000000004 20.500000000000004 35.500000000000007 36.500000000000007 33.750000000000007 21.750000000000004
decision_type=2 2 2 2 2 2
left_child=1 2 3 5 -3 -1
right_child=-2 4 -4 -5 -6 -7
leaf_value=0.030926117249913287 0.0031821142994857255 -0.094966800376184338 -0.088052395972504888 0.1124845306769466 0.0039768303621381309 -0.0095716598946503674
leaf_weight=210 2435 277 315 143 226 673
leaf_count=210 2435 277 315 143 226 673
internal_value=-0.00014986 -0.00207518 -0.000499257 0.00171387 -0.00622441 -0.000182432
internal_weight=4279 1844 1341 1026 503 883
internal_count=4279 1844 1341 1026 503 883
is_linear=0
shrinkage=0.06


Tree=87
num_leaves=7
num_cat=0
split_feature=27 30 15 12 30 27
split_gain=2.62074 4.23194 5.32157 4.77972 4.58853 8.84095
threshold=2.5000000000000004 20.500000000000004 33.250000000000007 41.267857142857146 15.500000000000002 1.0000000180025095e-35
decision_type=2 2 2 2 2 2
left_child=1 4 -3 -4 5 -1
right_child=-2 2 3 -5 -6 -7
leaf_value=0.013764601113569962 0.0028875950425412619 -0.089268792353613277 0.059417529450188321 -0.020116966520658475 0.060827548970169114 -0.043804572312386089
leaf_weight=333 2440 277 81 155 353 659
leaf_count=333 2440 277 81 155 353 659
internal_value=-8.99373e-05 -0.00178583 -0.00639382 0.000236515 -8.88889e-06 -0.00210331
internal_weight=4298 1858 513 236 1345 992
internal_count=4298 1858 513 236 1345 992
is_linear=0
shrinkage=0.06


Tree=88
num_leaves=7
num_cat=0
split_feature=26 30 3 11 26 32
split_gain=2.69399 2.2408 5.23181 6.34139 4.58716 4.51217
threshold=61.000000000000007 18.500000000000004 108.50000000000001 27.875000000000004 24.500000000000004 21.500000000000004
decision_type=2 2 2 2 2 2
left_child=1 -1 -3 -4 -5 -6
right_child=-2 2 3 4 5 -7
leaf_value=0.002491370030385999 0.018717691955300802 -0.038885261577655914 0.039716490195763177 -0.035598271326267493 0.025790859221833651 -0.053202067228742211
leaf_weight=2730 86 884 81 84 290 169
leaf_count=2730 86 884 81 84 290 169
internal_value=-2.7027e-05 -0.000246759 -0.0020998 0.0020938 -0.00029562 0.00209483
internal_weight=4324 4238 1508 624 543 459
internal_count=4324 4238 1508 624 543 459
is_linear=0
shrinkage=0.06


Tree=89
num_leaves=7
num_cat=0
split_feature=25 32 30 3 25 27
split_gain=2.32152 2.02464 5.83791 4.15807 3.76575 3.65544
threshold=18.500000000000004 12.500000000000002 5.5000000000000009 62.500000000000007 39.500000000000007 1.0000000180025095e-35
decision_type=2 2 2 2 2 2
left_child=-1 2 -2 -4 5 -3
right_child=1 4 3 -5 -6 -7
leaf_value=-0.041264378649336055 0.02098076843637238 0.0092649462182355959 -0.010465880094512168 0.029104099378480516 0.010490255702820341 -0.011975157786711916
leaf_weight=137 254 309 791 459 1005 1339
leaf_count=137 254 309 791 459 1005 1339
internal_value=-0.000145848 0.000111004 0.0018668 0.00016494 -0.000884876 -0.00264791
internal_weight=4294 4157 1504 1250 2653 1648
internal_count=4294 4157 1504 1250 2653 1648
is_linear=0
shrinkage=0.06


Tree=90
num_leaves=7
num_cat=0
split_feature=24 12 27 18 24 24
split_gain=2.48109 4.82946 3.96979 4.34854 3.89509 3.88055
threshold=21.250000000000004 27.089285714285719 2.5000000000000004 7.026781682156261 39.500000000000007 27.500000000000004
decision_type=2 2 2 2 2 2
left_child=1 -1 3 -2 -5 -4
right_child=2 -3 5 4 -6 -7
leaf_value=0.0012518074239053112 -0.058825604004493659 0.038534398100381888 0.021000481126181848 0.0025316932568297166 -0.08875155038386269 -0.00053307522595690492
leaf_weight=286 381 105 387 932 245 1912
leaf_count=286 381 105 387 932 245 1912
internal_value=-9.80484e-05 0.00442424 -0.000562403 -0.00289635 -0.00107614 0.00102083
internal_weight=4248 391 3857 1558 1177 2299
internal_count=4248 391 3857 1558 1177 2299
is_linear=0
shrinkage=0.06


Tree=91
num_leaves=7
num_cat=0
split_feature=24 26 32 29 26 24
split_gain=2.84591 3.97367 2.03557 6.2606 3.87017 5.17285
threshold=61.000000000000007 56.500000000000007 12.500000000000002 2.5000000000000004 40.750000000000007 37.500000000000007
decision_type=2 2 2 2 2 2
left_child=1 2 3 -1 5 -5
right_child=-2 -3 -4 4 -6 -7
leaf_value=-0.004618257149554634 -0.13081245414081083 0.064837575324460883 -0.0028985228388825088 0.063576760154331086 0.13558755180464016 -0.085441934054392668
leaf_weight=890 112 81 2512 456 119 123
leaf_count=890 112 81 2512 456 119 123
internal_value=2.3732e-05 0.00028237 1.38855e-05 0.00169303 0.00592745 0.00382192
internal_weight=4293 4181 4100 1588 698 579
internal_count=4293 4181 4100 1588 698 579
is_linear=0
shrinkage=0.06


Tree=92
num_leaves=7
num_cat=1
split_feature=26 30 1 30 3 25
split_gain=2.74274 2.75003 3.96558 5.53699 5.36392 3.6706
threshold=61.000000000000007 18.500000000000004 0 21.500000000000004 55.500000000000007 35.500000000000007
decision_type=2 2 1 2 2 2
left_child=1 -1 3 -3 -4 -6
right_child=-2 2 4 -5 5 -7
leaf_value=0.0019257111230680389 0.012517279668297493 -0.063203608548138959 -0.1230973293844238 0.016924902462023338 -0.011905093379976686 0.014587862776418881
leaf_weight=2696 80 147 191 467 430 299
leaf_count=2696 80 147 191 467 430 299
internal_value=-0.000117497 -0.000332231 -0.00235673 0.00137838 -0.00480963 -0.00246866
internal_weight=4310 4230 1534 614 920 729
internal_count=4310 4230 1534 614 920 729
cat_boundaries=0 1
cat_threshold=18
is_linear=0
shrinkage=0.06


Tree=93
num_leaves=7
num_cat=0
split_feature=26 26 25 24 24 17
split_gain=2.17237 2.46587 2.59685 5.2253 5.18545 2.92377
threshold=61.000000000000007 54.500000000000007 39.500000000000007 39.500000000000007 42.500000000000007 7.5596523197881114
decision_type=2 2 2 2 2 2
left_child=1 2 4 -4 -1 -5
right_child=-2 -3 3 5 -6 -7
leaf_value=-0.0010243848702289737 0.012355908309805414 -0.15916492047244163 0.18911866721663267 0.048507172303280728 -0.14796119213045206 -0.010964821502645926
leaf_weight=2832 82 131 206 124 127 781
leaf_count=2832 82 131 206 124 127 781
internal_value=-0.000107743 -0.000302425 -3.60736e-05 0.00243011 -0.000965587 0.000441758
internal_weight=4283 4201 4070 1111 2959 905
internal_count=4283 4201 4070 1111 2959 905
is_linear=0
shrinkage=0.06


Tree=94
num_leaves=7
num_cat=0
split_feature=25 24 24 16 15 25
split_gain=2.32122 5.45318 4.58141 3.24136 2.92028 5.21216
threshold=39.500000000000007 42.500000000000007 39.500000000000007 6.9893620303642106 44.750000000000007 42.500000000000007
decision_type=2 2 2 2 2 2
left_child=1 -1 -2 -4 5 -5
right_child=2 -3 3 4 -6 -7
leaf_value=-0.0011289114208275386 0.19895454706191634 -0.21135927691681963 0.060577529310865477 0.016325422756036306 0.0079950568424352036 -0.061918383501023536
leaf_weight=2839 206 133 87 213 265 543
leaf_count=2839 206 133 87 213 265 543
internal_value=-0.000118154 -0.00104703 0.0019765 0.000428571 -0.000538012 -0.00244021
internal_weight=4286 2972 1314 1108 1021 756
internal_count=4286 2972 1314 1108 1021 756
is_linear=0
shrinkage=0.06


Tree=95
num_leaves=7
num_cat=1
split_feature=26 24 1 26 27 24
split_gain=3.42297 2.2138 4.8026 3.45039 3.21417 3.05996
threshold=61.000000000000007 21.250000000000004 0 22.500000000000004 2.5000000000000004 26.750000000000004
decision_type=2 2 1 2 2 2
left_child=1 2 -1 4 -3 -5
right_child=-2 3 -4 5 -6 -7
leaf_value=0.047422687169082316 0.015526211961813736 -0.087180324681451038 -0.0015476422471695094 0.014510111652117233 0.001356749517097897 -0.0040193334256841858
leaf_weight=105 81 231 293 526 130 2931
leaf_count=105 81 231 293 526 130 2931
internal_value=-0.000198047 -0.000439943 0.00378908 -0.000885953 -0.00642623 -0.000298094
internal_weight=4297 4216 398 3818 361 3457
internal_count=4297 4216 398 3818 361 3457
cat_boundaries=0 1
cat_threshold=8
is_linear=0
shrinkage=0.06


Tree=96
num_leaves=7
num_cat=1
split_feature=27 12 30 1 30 3
split_gain=3.02057 3.20522 3.09387 5.7651 5.57324 5.91763
threshold=2.5000000000000004 49.000000000000007 22.500000000000004 0 17.500000000000004 87.500000000000014
decision_type=2 2 2 1 2 2
left_child=-1 2 4 -4 5 -2
right_child=1 -3 3 -5 -6 -7
leaf_value=-0.0072805484309793741 0.033817288815842401 0.010402795548944414 0.037612769770393545 -0.014451206337536417 -0.057147993289212919 -0.010182930832950302
leaf_weight=1867 585 81 330 231 377 834
leaf_count=1867 585 81 330 231 377 834
internal_value=-0.000420418 0.000968891 0.000551228 0.00442049 -0.000664631 0.0010618
internal_weight=4305 2438 2357 561 1796 1419
internal_count=4305 2438 2357 561 1796 1419
cat_boundaries=0 1
cat_threshold=22
is_linear=0
shrinkage=0.06


Tree=97
num_leaves=7
num_cat=0
split_feature=26 24 27 26 26 18
split_gain=2.42125 4.23902 3.88212 4.9641 3.57148 3.73995
threshold=22.500000000000004 26.750000000000004 1.5000000000000002 20.250000000000004 35.500000000000007 6.7342678440023747
decision_type=2 2 2 2 2 2
left_child=2 -2 -1 -4 -3 -6
right_child=1 4 3 -5 5 -7
leaf_value=-0.042146395863852437 0.019166252730566626 -0.012604565738271947 0.027645631812833329 -0.0085085480654407859 0.036095590307446933 0.0017276676730368611
leaf_weight=334 630 1304 154 191 82 1585
leaf_count=334 630 1304 154 191 82 1585
internal_value=-0.000209335 0.000410982 -0.00348246 0.000977143 -0.000538306 0.00129904
internal_weight=4280 3601 679 345 2971 1667
internal_count=4280 3601 679 345 2971 1667
is_linear=0
shrinkage=0.06


Tree=98
num_leaves=7
num_cat=0
split_feature=27 12 30 15 12 30
split_gain=2.78566 4.63976 2.85985 5.17832 2.98056 2.90692
threshold=2.5000000000000004 49.000000000000007 21.500000000000004 33.750000000000007 41.267857142857146 15.500000000000002
decision_type=2 2 2 2 2 2
left_child=2 -2 5 -4 -5 -1
right_child=1 -3 3 4 -6 -7
leaf_value=-0.010044365866654146 0.0012730854098615297 0.01151106984640685 -0.0767295205929759 0.065505976871097354 -0.019278457260047049 0.03552768310047405
leaf_weight=992 2357 82 259 80 133 383
leaf_count=992 2357 82 259 80 133 383
internal_value=-0.00014612 0.00118331 -0.00190173 -0.00590566 0.00101835 -0.000508696
internal_weight=4286 2439 1847 472 213 1375
internal_count=4286 2439 1847 472 213 1375
is_linear=0
shrinkage=0.06


Tree=99
num_leaves=7
num_cat=0
split_feature=24 25 26 18 12 13
split_gain=3.84113 4.93033 4.50619 3.4269 3.25335 5.65236
threshold=21.250000000000004 22.500000000000004 25.500000000000004 6.5911873685470068 29.017857142857146 28.500000000000004
decision_type=2 2 2 2 2 2
left_child=1 -1 4 -4 -2 -6
right_child=2 -3 3 -5 5 -7
leaf_value=0.0021134948973498347 -0.025612339274252986 0.030713125078236415 0.020044067823331742 -0.00046785420549878332 0.015807081471519886 -0.020205037454385639
leaf_weight=302 588 99 224 2809 113 160
leaf_count=302 588 99 224 2809 113 160
internal_value=1.67442e-05 0.00557143 -0.000560913 0.000527321 -0.00437875 0.00101439
internal_weight=4295 401 3894 3033 861 273
internal_count=4295 401 3894 3033 861 273
is_linear=0
shrinkage=0.06


Tree=100
num_leaves=7
num_cat=1
split_feature=24 1 12 24 12 25
split_gain=2.20467 5.47674 3.74292 4.82717 3.64843 3.62348
threshold=21.250000000000004 0 28.410714285714288 28.500000000000004 27.017857142857146 36.500000000000007
decision_type=2 1 2 2 2 2
left_child=1 -1 4 -4 -2 -5
right_child=2 -3 3 5 -6 -7
leaf_value=0.066433193760942186 -0.00037126633995742786 -0.00011878951081155442 0.020760386483059487 -0.017769492152460566 -0.019706414631671453 0.0044420379538017713
leaf_weight=107 608 291 464 845 432 1554
leaf_count=107 608 291 464 845 432 1554
internal_value=9.75383e-06 0.00423573 -0.000425281 0.000694561 -0.00349952 -0.000391847
internal_weight=4301 398 3903 2863 1040 2399
internal_count=4301 398 3903 2863 1040 2399
cat_boundaries=0 1
cat_threshold=8
is_linear=0
shrinkage=0.06


Tree=101
num_leaves=7
num_cat=0
split_feature=14 24 25 16 30 32
split_gain=2.28152 5.0505 4.51183 3.54209 3.39589 3.76831
threshold=35.250000000000007 36.500000000000007 35.500000000000007 8.6575038775041229 24.500000000000004 19.500000000000004
decision_type=2 2 2 2 2 2
left_child=-1 3 -3 -2 5 -4
right_child=1 2 4 -5 -6 -7
leaf_value=-0.0040678483137762496 -0.0010505443749134046 -0.20129605728247218 -0.044636140653151787 0.16007606627353252 0.027759898916853192 0.008949406010762823
leaf_weight=2628 124 112 591 250 233 322
leaf_count=2628 124 112 591 250 233 322
internal_value=-0.000477608 0.001281 -0.000543943 0.00735356 0.000596872 -0.00105882
internal_weight=4260 1632 1258 374 1146 913
internal_count=4260 1632 1258 374 1146 913
is_linear=0
shrinkage=0.06


Tree=102
num_leaves=7
num_cat=0
split_feature=27 12 24 11 26 24
split_gain=3.02546 4.09211 3.03142 7.70528 5.89185 5.25724
threshold=2.5000000000000004 49.000000000000007 27.500000000000004 28.750000000000004 35.500000000000007 43.500000000000007
decision_type=2 2 2 2 2 2
left_child=-1 2 3 -2 -4 -6
right_child=1 -3 4 -5 5 -7
leaf_value=-0.0079394490181435382 0.00013240875866370237 0.010044990270078484 -0.03713364435035317 0.058627941110200178 0.026094304981842009 -0.013009554432684135
leaf_weight=1854 371 83 629 123 515 717
leaf_count=1854 371 83 629 123 515 717
internal_value=-0.000320456 0.00106713 0.000589831 0.00474349 -0.0005209 0.00188925
internal_weight=4292 2438 2355 494 1861 1232
internal_count=4292 2438 2355 494 1861 1232
is_linear=0
shrinkage=0.06


Tree=103
num_leaves=7
num_cat=0
split_feature=27 33 11 18 21 3
split_gain=3.57844 4.12489 4.09816 6.14962 3.85247 3.46982
threshold=2.5000000000000004 1.0000000180025095e-35 43.250000000000007 6.566052118873392 1.0000000180025095e-35 77.500000000000014
decision_type=2 2 2 2 2 2
left_child=-1 2 3 -2 -4 -5
right_child=1 -3 4 5 -6 -7
leaf_value=-0.0080633819665326071 0.024153252887238415 -0.029979791638750655 -0.091053579312944499 0.0093793849459493026 0.050591612261108795 -0.012103821193628036
leaf_weight=1848 404 129 107 495 418 903
leaf_count=1848 404 129 107 495 418 903
internal_value=-0.000305639 0.00119342 0.00178045 0.000413392 0.00641887 -0.00147327
internal_weight=4304 2456 2327 1802 525 1398
internal_count=4304 2456 2327 1802 525 1398
is_linear=0
shrinkage=0.06


Tree=104
num_leaves=7
num_cat=0
split_feature=27 16 25 18 12 30
split_gain=2.36102 4.15793 3.78396 3.96572 3.50916 3.27915
threshold=4.5000000000000009 8.2793478269705876 47.500000000000007 6.5993997353078369 28.875000000000004 22.500000000000004
decision_type=2 2 2 2 2 2
left_child=-1 2 3 -2 -5 -3
right_child=1 5 -4 4 -6 -7
leaf_value=-0.0038562525876215934 0.016017624471539867 -0.03870721308368285 0.15646516647722608 -0.049988471532501431 0.035924895203255577 0.016476439298397719
leaf_weight=3056 221 445 112 155 160 142
leaf_count=3056 221 445 112 155 160 142
internal_value=-0.000456704 0.00175161 0.005049 0.002878 -0.00144375 -0.00189527
internal_weight=4291 1235 648 536 315 587
internal_count=4291 1235 648 536 315 587
is_linear=0
shrinkage=0.06


Tree=105
num_leaves=7
num_cat=0
split_feature=26 25 27 30 12 16
split_gain=2.07836 2.33681 2.66397 3.1076 2.77137 5.4468
threshold=61.000000000000007 55.500000000000007 4.5000000000000009 8.5000000000000018 42.446428571428577 8.7454069511560562
decision_type=2 2 2 2 2 2
left_child=1 2 3 -1 5 -4
right_child=-2 -3 4 -5 -6 -7
leaf_value=0.0031095519757478995 0.013809703743350384 -0.11568268196500288 0.0090952944878161506 -0.0074007421503670383 0.21054935251600418 -0.065888154860786891
leaf_weight=864 84 120 703 2188 116 211
leaf_count=864 84 120 703 2188 116 211
internal_value=-0.000341878 -0.00053411 -0.00028554 -0.00117664 0.00234493 0.00120457
internal_weight=4286 4202 4082 3052 1030 914
internal_count=4286 4202 4082 3052 1030 914
is_linear=0
shrinkage=0.06


Tree=106
num_leaves=7
num_cat=0
split_feature=24 27 14 24 30 24
split_gain=2.78223 3.29925 3.84625 4.58983 3.92855 3.41566
threshold=61.000000000000007 4.5000000000000009 39.750000000000007 45.500000000000007 18.500000000000004 43.500000000000007
decision_type=2 2 2 2 2 2
left_child=1 5 3 -3 -4 -1
right_child=-2 2 4 -5 -6 -7
leaf_value=-0.00091939589822424221 -0.099498021902370462 0.0067977395148823777 0.013799646888093696 -0.10349483042208271 0.19791639136504394 -0.083039284053554152
leaf_weight=2730 114 678 145 166 93 299
leaf_count=2730 114 678 145 166 93 299
internal_value=-0.000258156 2.91545e-06 0.00283993 0.000915194 0.00949383 -0.00101252
internal_weight=4225 4111 1082 844 238 3029
internal_count=4225 4111 1082 844 238 3029
is_linear=0
shrinkage=0.06


Tree=107
num_leaves=7
num_cat=0
split_feature=26 24 30 25 24 18
split_gain=2.31207 4.23037 4.09027 6.79501 3.53009 3.08445
threshold=24.500000000000004 26.750000000000004 14.500000000000002 25.500000000000004 25.500000000000004 7.2470979205252197
decision_type=2 2 2 2 2 2
left_child=4 2 -2 -4 5 -1
right_child=1 -3 3 -5 -6 -7
leaf_value=-0.0045014152016421248 0.00033894677502872562 -0.00039960309637451005 0.0065725102172836712 0.08231690605207409 -0.032127823856071415 0.0052576479968226338
leaf_weight=625 198 2843 104 84 282 164
leaf_count=625 198 2843 104 84 282 164
internal_value=-0.000138676 0.000662338 0.00651407 0.0127306 -0.00254833 -0.000468514
internal_weight=4300 3229 386 188 1071 789
internal_count=4300 3229 386 188 1071 789
is_linear=0
shrinkage=0.06


Tree=108
num_leaves=7
num_cat=1
split_feature=27 18 30 1 26 30
split_gain=2.55847 3.07286 3.14442 8.22802 4.86845 4.45226
threshold=2.5000000000000004 10.328979601175005 22.500000000000004 0 34.500000000000007 17.500000000000004
decision_type=2 2 2 1 2 2
left_child=-1 2 5 4 -4 -2
right_child=1 -3 3 -5 -6 -7
leaf_value=-0.0071198768744816605 0.0030353204609290915 0.011457929383915396 0.047074639506183368 -0.012700139261693373 0.01329244960756871 -0.037170156100510512
leaf_weight=1836 1407 81 109 230 227 378
leaf_count=1836 1407 81 109 230 227 378
internal_value=-6.95062e-05 0.00120517 0.000794567 0.00467075 0.0104188 -0.000442458
internal_weight=4268 2432 2351 566 336 1785
internal_count=4268 2432 2351 566 336 1785
cat_boundaries=0 1
cat_threshold=22
is_linear=0
shrinkage=0.06


Tree=109
num_leaves=7
num_cat=1
split_feature=26 30 3 1 3 30
split_gain=2.74848 2.48887 3.56106 4.74411 4.22599 4.15779
threshold=61.000000000000007 18.500000000000004 107.50000000000001 0 133.50000000000003 21.500000000000004
decision_type=2 2 2 1 2 2
left_child=1 -1 3 5 -4 -3
right_child=-2 2 4 -5 -6 -7
leaf_value=0.0013075890538607382 0.014931871996813477 -0.063357169889759049 0.016818296561707177 -0.061719288574830632 -0.0046473483156384667 0.023922896233675637
leaf_weight=2701 80 106 283 510 380 237
leaf_count=2701 80 106 283 510 380 237
internal_value=-0.000128312 -0.000343913 -0.002286 -0.00483916 0.00100599 0.000703911
internal_weight=4297 4217 1516 853 663 343
internal_count=4297 4217 1516 853 663 343
cat_boundaries=0 1
cat_threshold=18
is_linear=0
shrinkage=0.06


Tree=110
num_leaves=7
num_cat=0
split_feature=26 26 26 24 25 21
split_gain=1.88686 1.8247 1.98471 4.07157 3.35375 3.35321
threshold=61.000000000000007 54.500000000000007 25.500000000000004 25.500000000000004 22.500000000000004 1.0000000180025095e-35
decision_type=2 2 2 2 2 2
left_child=1 2 3 4 -1 -6
right_child=-2 -3 -4 -5 5 -7
leaf_value=-0.011589700852160848 0.011644770923344532 -0.14392468566391967 0.00098413940401536953 -0.021199010471507837 0.033880793778163838 -0.00016198519651315911
leaf_weight=482 82 134 2855 393 145 215
leaf_count=482 82 134 2855 393 145 215
internal_value=-0.00015936 -0.000339797 -0.000109158 -0.00211452 0.000244392 0.00459452
internal_weight=4306 4224 4090 1235 842 360
internal_count=4306 4224 4090 1235 842 360
is_linear=0
shrinkage=0.06


Tree=111
num_leaves=7
num_cat=0
split_feature=26 24 18 24 30 25
split_gain=2.56074 4.94392 4.39212 4.14301 4.48625 7.82585
threshold=24.500000000000004 22.500000000000004 6.7342678440023747 26.750000000000004 14.500000000000002 26.750000000000004
decision_type=2 2 2 2 2 2
left_child=1 -1 -3 4 -2 -6
right_child=3 2 -4 -5 5 -7
leaf_value=0.0041857213397039142 0.00060829887352335625 -0.067974167053344026 -0.0027336541984110418 7.6109027667818909e-05 0.0035734737685730253 0.072787045283225299
leaf_weight=485 193 237 343 2856 107 80
leaf_count=485 193 237 343 2856 107 80
internal_value=9.75383e-06 -0.00253458 -0.00625128 0.000850663 0.00669351 0.0131875
internal_weight=4301 1065 580 3236 380 187
internal_count=4301 1065 580 3236 380 187
is_linear=0
shrinkage=0.06


Tree=112
num_leaves=7
num_cat=0
split_feature=24 25 30 32 27 24
split_gain=2.34511 3.5294 2.44615 3.90897 4.71794 5.04688
threshold=61.000000000000007 57.500000000000007 18.500000000000004 8.5000000000000018 1.5000000000000002 27.500000000000004
decision_type=2 2 2 2 2 2
left_child=1 2 -1 -4 -5 -6
right_child=-2 -3 3 4 5 -7
leaf_value=0.0031167685298426951 -0.098078676730507339 0.021195739679178975 -0.063927430644552585 -0.016365414518424402 0.031540419862127578 -0.0013194099343319401
leaf_weight=2607 114 87 143 413 214 683
leaf_count=2607 114 87 143 413 214 683
internal_value=9.84529e-06 0.000248555 -1.40221e-05 -0.00198354 -0.00093308 0.00150998
internal_weight=4261 4147 4060 1453 1310 897
internal_count=4261 4147 4060 1453 1310 897
is_linear=0
shrinkage=0.06


Tree=113
num_leaves=7
num_cat=1
split_feature=30 3 27 3 1 24
split_gain=2.11781 4.34282 5.44311 4.89867 3.11593 2.71652
threshold=18.500000000000004 107.50000000000001 3.5000000000000004 131.50000000000003 0 21.750000000000004
decision_type=2 2 2 2 1 2
left_child=5 4 3 -3 -2 -1
right_child=1 2 -4 -5 -6 -7
leaf_value=0.028329496655177096 0.015471833955583351 0.01172470619086111 0.019019979598458286 -0.013029345846698893 -0.047097725757563026 0.00040622020335262743
leaf_weight=253 170 185 284 226 686 2513
leaf_count=253 170 185 284 226 686 2513
internal_value=-0.000183248 -0.00195501 0.00156 -0.00284135 -0.00480488 0.000810899
internal_weight=4317 1551 695 411 856 2766
internal_count=4317 1551 695 411 856 2766
cat_boundaries=0 1
cat_threshold=2
is_linear=0
shrinkage=0.06


Tree=114
num_leaves=7
num_cat=1
split_feature=24 26 1 33 27 27
split_gain=2.32415 4.75724 3.75593 3.11642 2.70467 3.5214
threshold=21.250000000000004 24.500000000000004 0 1.0000000180025095e-35 2.5000000000000004 3.5000000000000004
decision_type=2 2 1 2 2 2
left_child=2 4 -1 -3 -2 -6
right_child=1 3 -4 -5 5 -7
leaf_value=0.029710026959990577 -0.015841492915938806 0.0025077980771114473 0.0018887603717446665 -0.014851817438437775 0.032834477097498059 -0.004464163695947025
leaf_weight=108 477 3073 293 93 95 137
leaf_count=108 477 3073 293 93 95 137
internal_value=6.93763e-05 -0.000381959 0.00438916 0.000614002 -0.00480672 0.000493671
internal_weight=4276 3875 401 3166 709 232
internal_count=4276 3875 401 3166 709 232
cat_boundaries=0 1
cat_threshold=8
is_linear=0
shrinkage=0.06


Tree=115
num_leaves=7
num_cat=1
split_feature=26 24 1 26 18 24
split_gain=2.45495 1.75496 3.38972 3.28821 2.92634 4.01339
threshold=61.000000000000007 21.250000000000004 0 24.500000000000004 6.211534452269416 27.500000000000004
decision_type=2 2 1 2 2 2
left_child=1 2 -1 4 -3 -6
right_child=-2 3 -4 -5 5 -7
leaf_value=0.027927425342391156 0.011886121402365397 -0.09261203656038651 -0.0023352014304255219 0.00029525483442013997 0.00078147888135898455 -0.15567105448449556
leaf_weight=107 82 161 286 3092 432 115
leaf_count=107 82 161 286 3092 432 115
internal_value=-9.81308e-06 -0.000217246 0.00357286 -0.000614192 -0.00428752 -0.0021413
internal_weight=4275 4193 393 3800 708 547
internal_count=4275 4193 393 3800 708 547
cat_boundaries=0 1
cat_threshold=8
is_linear=0
shrinkage=0.06


Tree=116
num_leaves=7
num_cat=0
split_feature=27 12 14 26 24 11
split_gain=2.30911 3.53591 3.2652 3.9953 3.28219 4.60195
threshold=2.5000000000000004 49.000000000000007 45.250000000000007 23.500000000000004 23.500000000000004 30.535714285714288
decision_type=2 2 2 2 2 2
left_child=2 -2 3 -1 -5 -6
right_child=1 -3 -4 4 5 -7
leaf_value=-0.014222303101920854 0.0018368310858251035 0.011758281824515715 -0.076141174528678052 0.019324242741403021 -0.027547186371272982 0.0087964959159757307
leaf_weight=611 2349 83 204 90 220 716
leaf_count=611 2349 83 204 90 220 716
internal_value=6.59187e-05 0.00127903 -0.00153413 -0.000628502 0.00165567 0.00057067
internal_weight=4273 2432 1841 1637 1026 936
internal_count=4273 2432 1841 1637 1026 936
is_linear=0
shrinkage=0.06


Tree=117
num_leaves=7
num_cat=0
split_feature=26 25 17 24 26 27
split_gain=2.12221 3.61317 2.31082 6.64376 4.53915 2.82307
threshold=57.500000000000007 55.500000000000007 10.14730102235225 35.500000000000007 44.500000000000007 4.5000000000000009
decision_type=2 2 2 2 2 2
left_child=1 2 5 -4 -5 -1
right_child=-2 -3 3 4 -6 -7
leaf_value=-0.0025696057571411245 0.01106274425307399 -0.099469252345306597 0.15612595799052917 -0.079250241224812862 0.0095433239635932931 0.0087053111465217482
leaf_weight=2714 141 90 81 171 98 946
leaf_count=2714 141 90 81 171 98 946
internal_value=0.000165332 -8.69671e-05 0.000186052 0.00480845 0.000153285 -0.000261119
internal_weight=4241 4100 4010 350 269 3660
internal_count=4241 4100 4010 350 269 3660
is_linear=0
shrinkage=0.06


Tree=118
num_leaves=7
num_cat=0
split_feature=25 24 25 12 24 25
split_gain=2.3451 5.14156 3.09257 2.71175 7.02237 4.44621
threshold=39.500000000000007 42.500000000000007 40.750000000000007 37.857142857142868 32.500000000000007 29.500000000000004
decision_type=2 2 2 2 2 2
left_child=1 3 -2 4 5 -1
right_child=2 -3 -4 -5 -6 -7
leaf_value=-0.0014775215905218973 0.055664826982423248 -0.19688803904546409 0.0040001150364487792 0.01279815674718506 -0.060038692046814592 0.028061990895666966
leaf_weight=1573 114 133 1202 440 474 357
leaf_count=1573 114 133 1202 440 474 357
internal_value=-1.6752e-05 -0.000949698 0.00208706 -0.000399087 -0.00119427 0.000417054
internal_weight=4293 2977 1316 2844 2404 1930
internal_count=4293 2977 1316 2844 2404 1930
is_linear=0
shrinkage=0.06


Tree=119
num_leaves=7
num_cat=1
split_feature=27 16 1 30 19 17
split_gain=3.01807 4.18764 5.53737 4.38515 4.021 3.10612
threshold=4.5000000000000009 8.7454069511560562 0 6.5000000000000009 0.14285714285714415 10.14730102235225
decision_type=2 2 1 2 2 2
left_child=5 2 4 -4 -2 -1
right_child=1 -3 3 -5 -6 -7
leaf_value=-0.0049973056269243107 0.091106151514764866 -0.053626279534815371 -0.058886934948369468 0.0081925343131494088 0.017387060075126935 0.0093361215025725402
leaf_weight=2732 140 438 90 456 88 310
leaf_count=2732 140 438 90 456 88 310
internal_value=-0.000358535 0.0021668 0.00481001 0.00133155 0.0123333 -0.00136757
internal_weight=4254 1212 774 546 228 3042
internal_count=4254 1212 774 546 228 3042
cat_boundaries=0 1
cat_threshold=5
is_linear=0
shrinkage=0.06


Tree=120
num_leaves=7
num_cat=0
split_feature=25 24 17 25 14 17
split_gain=2.10936 1.65564 5.51263 4.17283 3.33463 2.69175
threshold=62.500000000000007 43.500000000000007 10.08643865517786 39.500000000000007 46.250000000000007 9.6231527254729166
decision_type=2 2 2 2 2 2
left_child=1 2 -1 -3 5 -5
right_child=-2 3 -4 4 -6 -7
leaf_value=-0.00020206903626221795 0.011747032420039804 -0.208546035645338 0.033221539504776826 -0.0053747438757976258 0.069480554347566406 -0.12598065182604495
leaf_weight=3186 97 92 205 384 196 141
leaf_count=3186 97 92 205 384 196 141
internal_value=0.000121226 -8.48182e-05 0.000498233 -0.00250856 -0.00092562 -0.00341887
internal_weight=4301 4204 3391 813 721 525
internal_count=4301 4204 3391 813 721 525
is_linear=0
shrinkage=0.06


Tree=121
num_leaves=7
num_cat=0
split_feature=25 24 26 24 17 32
split_gain=2.09465 2.42456 4.87832 3.79523 5.81222 3.38723
threshold=62.500000000000007 43.500000000000007 37.500000000000007 37.500000000000007 10.08643865517786 15.500000000000002
decision_type=2 2 2 2 2 2
left_child=1 2 3 4 -1 -4
right_child=-2 -3 5 -5 -6 -7
leaf_value=-0.0010731193360801992 0.010252111937211063 -0.030764558685907772 0.086045919236011972 -0.05848599700302335 0.062727055826870742 0.0027679046166097618
leaf_weight=2480 83 820 232 229 83 351
leaf_count=2480 83 820 232 229 83 351
internal_value=-0.000160402 -0.000352857 0.00035858 -0.000685377 -1.63551e-05 0.00532653
internal_weight=4278 4195 3375 2792 2563 583
internal_count=4278 4195 3375 2792 2563 583
is_linear=0
shrinkage=0.06


Tree=122
num_leaves=7
num_cat=0
split_feature=27 30 30 32 30 16
split_gain=2.57007 2.63535 4.33816 2.7442 4.18335 4.37433
threshold=4.5000000000000009 18.500000000000004 16.500000000000004 19.500000000000004 3.5000000000000004 8.5540993693849945
decision_type=2 2 2 2 2 2
left_child=1 2 3 -1 -5 -6
right_child=-2 -3 -4 4 5 -7
leaf_value=-0.0062539523809421738 0.0055737811187648485 -0.0060159229809337855 0.076233600315161826 -0.081609155861734228 -0.0021803956588841355 0.02583251233711218
leaf_weight=1257 1223 1077 188 94 200 253
leaf_count=1257 1223 1077 188 94 200 253
internal_value=8.30812e-05 -0.000843201 0.000449174 -0.000462687 0.00306522 0.00546288
internal_weight=4292 3069 1992 1804 547 453
internal_count=4292 3069 1992 1804 547 453
is_linear=0
shrinkage=0.06


Tree=123
num_leaves=7
num_cat=0
split_feature=24 15 26 25 30 18
split_gain=2.28349 7.1858 5.56072 4.87228 4.81678 4.4581
threshold=28.500000000000004 26.750000000000004 23.500000000000004 29.500000000000004 16.500000000000004 6.566052118873392
decision_type=2 2 2 2 2 2
left_child=1 -1 -3 -2 -4 -5
right_child=3 2 4 5 -6 -7
leaf_value=-0.0012132852177081975 -0.11055560357576096 -0.0069188531049051427 0.025976890799911938 0.018950042773755608 0.042326326761721079 -0.0029486209472917402
leaf_weight=1130 299 121 144 130 108 2348
leaf_count=1130 299 121 144 130 108 2348
internal_value=-4.13069e-05 0.0018382 0.009 -0.00106111 0.0139961 -0.000180024
internal_weight=4280 1503 373 2777 252 2478
internal_count=4280 1503 373 2777 252 2478
is_linear=0
shrinkage=0.06


Tree=124
num_leaves=7
num_cat=0
split_feature=24 25 24 30 26 26
split_gain=2.60665 3.65106 5.39792 5.57872 7.59088 3.12824
threshold=21.250000000000004 24.500000000000004 26.750000000000004 14.500000000000002 24.500000000000004 38.750000000000007
decision_type=2 2 2 2 2 2
left_child=-1 -2 3 -3 -5 -4
right_child=1 2 5 4 -6 -7
leaf_value=0.0097580462852753236 -0.011375147521377853 -0.0014165519665738113 -0.0074432172483351339 0.0071496205858465178 0.076294845743173592 0.0036163570514842068
leaf_weight=397 601 184 1585 110 90 1314
leaf_count=397 601 184 1585 110 90 1314
internal_value=-1.67989e-05 -0.000492929 0.00029562 0.00693316 0.0137415 -0.000592975
internal_weight=4281 3884 3283 384 200 2899
internal_count=4281 3884 3283 384 200 2899
is_linear=0
shrinkage=0.06


Tree=125
num_leaves=7
num_cat=0
split_feature=30 25 27 26 3 32
split_gain=2.82843 5.0018 3.724 4.12779 2.90402 4.6325
threshold=18.500000000000004 26.750000000000004 1.5000000000000002 23.500000000000004 87.500000000000014 19.500000000000004
decision_type=2 2 2 2 2 2
left_child=4 2 -2 -4 -1 -6
right_child=1 -3 3 -5 5 -7
leaf_value=0.0098047381844813142 -0.084466537556631083 0.00039534078948347593 0.035568603132619898 -0.048055811711684826 -0.017911955652276452 0.010052592725227285
leaf_weight=1147 193 1095 126 126 828 773
leaf_count=1147 193 1095 126 126 828 773
internal_value=0.00015304 -0.00190097 -0.00722667 -0.00232296 0.00130657 -0.000343711
internal_weight=4288 1540 445 252 2748 1601
internal_count=4288 1540 445 252 2748 1601
is_linear=0
shrinkage=0.06


Tree=126
num_leaves=7
num_cat=0
split_feature=27 24 26 30 24 13
split_gain=2.37359 3.70687 3.78692 3.48483 5.99575 7.40206
threshold=4.5000000000000009 31.500000000000004 36.500000000000007 19.500000000000004 36.500000000000007 37.500000000000007
decision_type=2 2 2 2 2 2
left_child=3 -2 -3 4 5 -1
right_child=1 2 -4 -5 -6 -7
leaf_value=0.0017105010534641007 0.090372297011112504 -0.05182156726441537 0.0091211659156287331 -0.0050379882332545834 -0.030805399780209013 0.18779297367365855
leaf_weight=1388 118 267 854 984 509 149
leaf_count=1388 118 267 854 984 509 149
internal_value=-0.000171268 0.00203537 0.000943162 -0.00107644 0.000334959 0.00220623
internal_weight=4269 1239 1121 3030 2046 1537
internal_count=4269 1239 1121 3030 2046 1537
is_linear=0
shrinkage=0.06


Tree=127
num_leaves=7
num_cat=0
split_feature=27 14 30 14 24 16
split_gain=2.28053 3.43636 3.13308 7.04645 4.56916 4.94454
threshold=2.5000000000000004 44.750000000000007 19.500000000000004 33.750000000000007 19.500000000000004 5.6399932455211177
decision_type=2 2 2 2 2 2
left_child=1 2 4 -4 -1 -6
right_child=-2 -3 3 -5 5 -7
leaf_value=0.05889224487632097 0.0026099920830937148 -0.075507502252982792 -0.056892725005795987 0.022848201006003249 -0.10347053778793534 0.00089602335389499244
leaf_weight=114 2421 212 309 196 91 918
leaf_count=114 2421 212 309 196 91 918
internal_value=-0.000424754 -0.00201463 -0.00106369 -0.00496471 0.000702128 -0.00060355
internal_weight=4261 1840 1628 505 1123 1009
internal_count=4261 1840 1628 505 1123 1009
is_linear=0
shrinkage=0.06


Tree=128
num_leaves=7
num_cat=1
split_feature=19 3 30 1 30 25
split_gain=2.13459 2.13818 5.61224 5.93322 4.58886 3.80506
threshold=-2.7499999999999996 107.50000000000001 7.5000000000000009 0 3.5000000000000004 58.500000000000007
decision_type=2 2 2 1 2 2
left_child=-1 2 3 -2 -3 -6
right_child=1 4 -4 -5 5 -7
leaf_value=0.01858604772371689 -0.026213920926331964 -0.070977052117803821 -0.015524009483974255 0.048272445816167193 0.0025370793626195496 0.023358180802964732
leaf_weight=159 131 187 1807 470 1401 80
leaf_count=159 131 187 1807 470 1401 80
internal_value=-5.23585e-05 -0.000322715 -0.00146581 0.00353465 0.00132516 0.00245087
internal_weight=4235 4076 2408 601 1668 1481
internal_count=4235 4076 2408 601 1668 1481
cat_boundaries=0 1
cat_threshold=16
is_linear=0
shrinkage=0.06


Tree=129
num_leaves=7
num_cat=0
split_feature=24 26 24 15 30 18
split_gain=1.97054 2.3322 4.22777 3.71849 5.19537 4.0893
threshold=18.500000000000004 22.500000000000004 26.750000000000004 26.750000000000004 14.500000000000002 7.3997485143754682
decision_type=2 2 2 2 2 2
left_child=-1 -2 3 5 -5 -3
right_child=1 2 -4 4 -6 -7
leaf_value=0.02533996647384474 -0.014941481431625738 0.007653839208969053 -0.0013697079514111898 0.013993572712812785 0.027795390197031936 -0.0059223136133897914
leaf_weight=128 555 313 2952 116 106 84
leaf_count=128 555 313 2952 116 106 84
internal_value=6.33952e-06 -0.000224401 0.000338926 0.00482692 0.0109559 0.00129851
internal_weight=4254 4126 3571 619 222 397
internal_count=4254 4126 3571 619 222 397
is_linear=0
shrinkage=0.06


Tree=130
num_leaves=7
num_cat=0
split_feature=24 26 24 15 30 25
split_gain=1.8995 4.30113 4.68714 3.84767 3.65062 5.40347
threshold=28.500000000000004 34.500000000000007 43.500000000000007 26.750000000000004 7.5000000000000009 32.500000000000007
decision_type=2 2 2 2 2 2
left_child=3 4 -3 -1 5 -2
right_child=1 2 -4 -5 -6 -7
leaf_value=4.6710670535817787e-05 0.025111130434667943 0.011120090199001521 -0.016060621072069889 0.018582043247741698 -0.02491412307091952 -0.063777043931461178
leaf_weight=1124 109 899 908 378 769 110
leaf_count=1124 109 899 908 378 769 110
internal_value=5.16039e-05 -0.000872143 0.00086755 0.00176974 -0.00404532 0.00273214
internal_weight=4297 2795 1807 1502 988 219
internal_count=4297 2795 1807 1502 988 219
is_linear=0
shrinkage=0.06


Tree=131
num_leaves=7
num_cat=0
split_feature=24 27 26 15 24 25
split_gain=1.95576 2.19179 2.96428 4.05345 3.67001 2.97899
threshold=18.500000000000004 2.5000000000000004 22.500000000000004 22.250000000000004 39.500000000000007 33.500000000000007
decision_type=2 2 2 2 2 2
left_child=-1 2 3 -2 5 -4
right_child=1 -3 4 -5 -6 -7
leaf_value=0.052720346691655866 0.0041487875457607085 0.0024568306443571064 -0.001646107304699178 -0.063021693044008897 -0.042636003462685507 0.023052330923249594
leaf_weight=121 84 2429 806 270 236 346
leaf_count=121 84 2429 806 270 236 346
internal_value=0.000111008 -0.000110632 -0.00173268 -0.00659331 -0.000471644 0.000930856
internal_weight=4292 4171 1742 354 1388 1152
internal_count=4292 4171 1742 354 1388 1152
is_linear=0
shrinkage=0.06


Tree=132
num_leaves=7
num_cat=0
split_feature=25 26 26 24 25 3
split_gain=2.34558 2.01102 1.91951 4.42513 5.14038 4.62554
threshold=59.500000000000007 54.500000000000007 38.750000000000007 28.500000000000004 28.500000000000004 72.500000000000014
decision_type=2 2 2 2 2 2
left_child=1 2 3 4 -1 -5
right_child=-2 -3 -4 5 -6 -7
leaf_value=2.0958048129706697e-05 0.0085184267272003025 -0.22140816054142889 0.0051733743722879293 0.0015161325176666729 0.035006360397343964 -0.035612131396683663
leaf_weight=1305 124 111 1064 545 194 933
leaf_count=1305 124 111 1064 545 194 933
internal_value=-8.33917e-05 -0.000331248 -0.000106772 -0.000889336 0.00140426 -0.00321443
internal_weight=4276 4152 4041 2977 1499 1478
internal_count=4276 4152 4041 2977 1499 1478
is_linear=0
shrinkage=0.06


Tree=133
num_leaves=7
num_cat=0
split_feature=24 30 14 26 24 30
split_gain=1.62307 3.24886 3.58716 2.91821 3.21108 7.15306
threshold=21.250000000000004 18.500000000000004 24.250000000000004 25.500000000000004 28.500000000000004 4.5000000000000009
decision_type=2 2 2 2 2 2
left_child=1 2 -1 -2 5 -5
right_child=3 -3 -4 4 -6 -7
leaf_value=0.0038986028101272649 -0.0059706155537178531 -0.0032799292761564302 0.059396077459278974 -0.064614562813871831 -0.00048223534697969136 0.043518953583812678
leaf_weight=173 858 145 85 81 2693 296
leaf_count=173 858 145 85 81 2693 296
internal_value=-0.000189576 0.00341176 0.00740304 -0.000563692 0.000301463 0.00545026
internal_weight=4331 403 258 3928 3070 377
internal_count=4331 403 258 3928 3070 377
is_linear=0
shrinkage=0.06


Tree=134
num_leaves=7
num_cat=1
split_feature=25 24 1 25 3 25
split_gain=2.08164 1.83548 3.81748 3.81281 5.90908 3.9555
threshold=62.500000000000007 26.750000000000004 0 24.500000000000004 138.50000000000003 28.500000000000004
decision_type=2 2 1 2 2 2
left_child=1 3 -3 -1 5 -5
right_child=-2 2 -4 4 -6 -7
leaf_value=-0.0014009023236984585 0.0082145194078300666 0.00019490698901397874 -0.026014244861602392 0.0060081815052984685 -0.0087874070560971067 0.068484859702772113
leaf_weight=831 83 2215 734 252 82 89
leaf_count=831 83 2215 734 252 82 89
internal_value=-0.000132137 -0.000323669 -0.0011415 0.00159412 0.00619626 0.00965896
internal_weight=4286 4203 2949 1254 423 341
internal_count=4286 4203 2949 1254 423 341
cat_boundaries=0 1
cat_threshold=7
is_linear=0
shrinkage=0.06


Tree=135
num_leaves=7
num_cat=0
split_feature=25 24 26 25 32 30
split_gain=2.16573 2.95473 3.86903 3.44011 2.24979 9.44201
threshold=62.500000000000007 43.500000000000007 38.750000000000007 40.250000000000007 15.500000000000002 10.500000000000002
decision_type=2 2 2 2 2 2
left_child=1 2 -1 -3 -4 -6
right_child=-2 3 4 -5 5 -7
leaf_value=-0.00061082595027198258 0.0077216482433602523 -0.18069634666337425 0.10405407924460398 -0.010076169762273997 -0.087351466524754076 0.024901497073950174
leaf_weight=2863 91 131 189 665 119 208
leaf_count=2863 91 131 189 665 119 208
internal_value=-3.44182e-05 -0.000239713 0.000535461 -0.00351685 0.00529175 0.00220482
internal_weight=4266 4175 3379 796 516 327
internal_count=4266 4175 3379 796 516 327
is_linear=0
shrinkage=0.06


Tree=136
num_leaves=7
num_cat=0
split_feature=27 15 29 17 13 27
split_gain=3.14291 2.73942 3.72113 2.94417 3.02199 2.56675
threshold=2.5000000000000004 43.750000000000007 5.5000000000000009 9.0033567963015564 39.500000000000007 1.0000000180025095e-35
decision_type=2 2 2 2 2 2
left_child=5 3 -3 4 -2 -1
right_child=1 2 -4 -5 -6 -7
leaf_value=0.0041649050548362432 0.0010146181633623997 0.0011908060454361724 0.025105177197225478 -0.032171796423055739 0.035303207160377936 -0.0076119611287527528
leaf_weight=634 1552 158 81 448 179 1244
leaf_count=634 1552 158 81 448 179 1244
internal_value=-0.000278307 0.00115023 0.00718033 0.000472527 0.00159677 -0.00211737
internal_weight=4296 2418 239 2179 1731 1878
internal_count=4296 2418 239 2179 1731 1878
is_linear=0
shrinkage=0.06


Tree=137
num_leaves=7
num_cat=0
split_feature=27 24 27 30 30 30
split_gain=2.36101 2.80962 3.39362 7.78225 7.63272 5.07058
threshold=2.5000000000000004 20.750000000000004 1.0000000180025095e-35 12.500000000000002 5.5000000000000009 10.500000000000002
decision_type=2 2 2 2 2 2
left_child=1 -1 3 4 -3 -4
right_child=-2 2 5 -5 -6 -7
leaf_value=0.0098274889609219155 0.0022925786277010808 -0.035396905847456556 -0.055186260548693189 -0.030005871372131735 0.13789930246981935 -0.002648393903550472
leaf_weight=227 2447 107 369 353 155 635
leaf_count=227 2447 107 369 353 155 635
internal_value=-0.000114472 -0.00173258 -0.00261207 0.000890323 0.00864045 -0.00475421
internal_weight=4293 1846 1619 615 262 1004
internal_count=4293 1846 1619 615 262 1004
is_linear=0
shrinkage=0.06


Tree=138
num_leaves=7
num_cat=0
split_feature=27 33 18 11 24 29
split_gain=1.75089 2.38822 2.62487 2.77135 3.20992 2.93063
threshold=2.5000000000000004 1.0000000180025095e-35 5.112685082646081 43.392857142857146 45.500000000000007 5.5000000000000009
decision_type=2 2 2 2 2 2
left_child=-1 2 -2 4 -4 -5
right_child=1 -3 3 5 -6 -7
leaf_value=-0.0033155919237034402 0.077328467492800534 -0.01606654806869896 0.0011657295414174518 0.011904288212598341 -0.082531500404235847 0.084361737034519421
leaf_weight=1833 90 126 1476 400 271 100
leaf_count=1833 90 126 1476 400 271 100
internal_value=-0.000236457 0.000807131 0.00124765 0.000831261 -0.000297945 0.00474653
internal_weight=4296 2463 2337 2247 1747 500
internal_count=4296 2463 2337 2247 1747 500
is_linear=0
shrinkage=0.06


Tree=139
num_leaves=7
num_cat=0
split_feature=11 26 25 17 24 3
split_gain=1.89584 3.24944 2.51387 3.75254 5.15933 5.03021
threshold=49.357142857142868 58.500000000000007 55.500000000000007 10.08643865517786 37.500000000000007 95.500000000000014
decision_type=2 2 2 2 2 2
left_child=1 2 3 -1 -5 -6
right_child=-2 -3 -4 4 5 -7
leaf_value=-0.00088173185354335716 -0.0211071521723015 0.012197806483819282 -0.088147359378181939 0.070314976348831007 -0.07385382061998641 0.018399607625658728
leaf_weight=3678 147 100 87 103 80 85
leaf_count=3678 147 100 87 103 80 85
internal_value=-0.000405368 -0.000162397 -0.000433878 -0.000204252 0.00658242 -7.05882e-05
internal_weight=4280 4133 4033 3946 268 165
internal_count=4280 4133 4033 3946 268 165
is_linear=0
shrinkage=0.06


Tree=140
num_leaves=7
num_cat=0
split_feature=24 25 3 32 27 13
split_gain=2.71008 3.03964 1.99247 3.04901 2.72507 2.76543
threshold=62.500000000000007 58.500000000000007 55.500000000000007 12.500000000000002 1.5000000000000002 26.500000000000004
decision_type=2 2 2 2 2 2
left_child=1 2 -1 4 -4 -6
right_child=-2 -3 3 -5 5 -7
leaf_value=-0.0072643687336120697 -0.08388912322131932 0.014489264786720638 -0.0081856387417091614 -0.00063974622645751123 0.00079914649462616168 0.069226934645547966
leaf_weight=885 97 93 175 2539 212 285
leaf_count=885 97 93 175 2539 212 285
internal_value=-0.00045374 -0.000217454 -0.000467447 0.000227612 0.0038065 0.00605976
internal_weight=4286 4189 4096 3211 672 497
internal_count=4286 4189 4096 3211 672 497
is_linear=0
shrinkage=0.06


Tree=141
num_leaves=7
num_cat=0
split_feature=26 24 25 26 30 24
split_gain=1.66346 2.20827 4.88451 2.96255 2.92723 2.79869
threshold=61.000000000000007 43.500000000000007 46.500000000000007 41.500000000000007 11.500000000000002 53.500000000000007
decision_type=2 2 2 2 2 2
left_child=1 2 -1 -3 -5 -6
right_child=-2 3 -4 4 5 -7
leaf_value=-0.00032279462536281779 0.0056650422075521685 -0.12542173496768425 0.18710518754702685 -0.024733783712938304 0.076032591238687344 -0.078855775828040153
leaf_weight=3302 82 210 87 199 247 155
leaf_count=3302 82 210 87 199 247 155
internal_value=-0.000314206 -0.000484423 0.000189157 -0.00328676 -0.00110891 0.00183538
internal_weight=4282 4200 3389 811 601 402
internal_count=4282 4200 3389 811 601 402
is_linear=0
shrinkage=0.06


end of trees

feature_importances:
seasonal_lag_7_target=198
seasonal_lag_28_target=125
seasonal_lag_14_target=101
target_day_of_month=92
target_day_of_week=63
rolling_mean_28=35
rolling_median_28=29
rolling_std_7=27
product_code=23
rolling_std_14=22
rolling_std_28=22
target_week_of_year=22
history_observation_count=19
rolling_median_14=18
rolling_mean_14=15
rolling_mean_7=12
mean_last_7_minus_previous_7=11
rolling_median_7=7
target_month=5
target_is_holiday=3
stockout_count_28=2
target_is_weekend=1

parameters:
[boosting: gbdt]
[objective: quantile]
[metric: quantile]
[tree_learner: serial]
[device_type: cpu]
[data_sample_strategy: bagging]
[data: ]
[valid: ]
[num_iterations: 142]
[learning_rate: 0.06]
[num_leaves: 7]
[num_threads: 4]
[seed: 42]
[deterministic: 0]
[force_col_wise: 0]
[force_row_wise: 0]
[histogram_pool_size: -1]
[max_depth: -1]
[min_data_in_leaf: 80]
[min_sum_hessian_in_leaf: 0.001]
[bagging_fraction: 0.9]
[pos_bagging_fraction: 1]
[neg_bagging_fraction: 1]
[bagging_freq: 1]
[bagging_seed: 400]
[bagging_by_query: 0]
[feature_fraction: 0.9]
[feature_fraction_bynode: 1]
[feature_fraction_seed: 30056]
[extra_trees: 0]
[extra_seed: 12879]
[early_stopping_round: 0]
[early_stopping_min_delta: 0]
[first_metric_only: 0]
[max_delta_step: 0]
[lambda_l1: 0.05]
[lambda_l2: 5]
[linear_lambda: 0]
[min_gain_to_split: 0]
[drop_rate: 0.1]
[max_drop: 50]
[skip_drop: 0.5]
[xgboost_dart_mode: 0]
[uniform_drop: 0]
[drop_seed: 17869]
[top_rate: 0.2]
[other_rate: 0.1]
[min_data_per_group: 100]
[max_cat_threshold: 32]
[cat_l2: 10]
[cat_smooth: 10]
[max_cat_to_onehot: 4]
[top_k: 20]
[monotone_constraints: ]
[monotone_constraints_method: basic]
[monotone_penalty: 0]
[feature_contri: ]
[forcedsplits_filename: ]
[refit_decay_rate: 0.9]
[cegb_tradeoff: 1]
[cegb_penalty_split: 0]
[cegb_penalty_feature_lazy: ]
[cegb_penalty_feature_coupled: ]
[path_smooth: 0]
[interaction_constraints: ]
[verbosity: -1]
[saved_feature_importance_type: 0]
[use_quantized_grad: 0]
[num_grad_quant_bins: 4]
[quant_train_renew_leaf: 0]
[stochastic_rounding: 1]
[linear_tree: 0]
[max_bin: 255]
[max_bin_by_feature: ]
[min_data_in_bin: 3]
[bin_construct_sample_cnt: 200000]
[data_random_seed: 175]
[is_enable_sparse: 1]
[enable_bundle: 1]
[use_missing: 1]
[zero_as_missing: 0]
[feature_pre_filter: 1]
[pre_partition: 0]
[two_round: 0]
[header: 0]
[label_column: ]
[weight_column: ]
[group_column: ]
[ignore_column: ]
[categorical_feature: 0,1]
[forcedbins_filename: ]
[precise_float_parser: 0]
[parser_config_file: ]
[objective_seed: 16083]
[num_class: 1]
[is_unbalance: 0]
[scale_pos_weight: 1]
[sigmoid: 1]
[boost_from_average: 1]
[reg_sqrt: 0]
[alpha: 0.75]
[fair_c: 1]
[poisson_max_delta_step: 0.7]
[tweedie_variance_power: 1.5]
[lambdarank_truncation_level: 30]
[lambdarank_norm: 1]
[label_gain: ]
[lambdarank_position_bias_regularization: 0]
[eval_at: ]
[multi_error_top_k: 1]
[auc_mu_weights: ]
[num_machines: 1]
[local_listen_port: 12400]
[time_out: 120]
[machine_list_filename: ]
[machines: ]
[gpu_platform_id: -1]
[gpu_device_id: -1]
[gpu_device_id_list: ]
[gpu_use_dp: 0]
[num_gpu: 1]

end of parameters

pandas_categorical:[]
