tree
version=v4
num_class=1
num_tree_per_iteration=1
label_index=0
max_feature_idx=37
objective=quantile
feature_names=store_code product_code horizon history_observation_count last_observed_demand cutoff_lag_1 cutoff_lag_2 cutoff_lag_7 cutoff_lag_14 cutoff_lag_28 rolling_mean_7 rolling_mean_14 rolling_mean_28 rolling_median_7 rolling_median_14 rolling_median_28 rolling_std_7 rolling_std_14 rolling_std_28 mean_last_7_minus_previous_7 stockout_count_7 stockout_count_28 stockout_rate_7 stockout_rate_28 seasonal_lag_7_target seasonal_lag_14_target seasonal_lag_28_target target_day_of_week target_is_weekend target_month target_day_of_month target_week_of_month target_week_of_year target_is_holiday target_store_closed target_temperature target_rainfall calendar_available
feature_infos=none -1:1:2:3:4:0 [1:7] [28:166] [13:77] [13:77] [13:77] [13:77] [13:77] [13:77] [19.857142857142858:51.571428571428569] [20.857142857142858:50.642857142857146] [21.357142857142858:50.25] [19:51] [19:50] [21:49] [3.5050983275386582:14.998412614419587] [3.5833865742701199:12.096907242562692] [4.5883450233074301:11.083795789373312] [-4.4285714285714306:6.7142857142857153] [0:1] [0:1] [0:0.14285714285714285] [0:0.035714285714285712] [13:77] [13:77] [13:77] [0:6] [0:1] [1:6] [1:31] [1:5] [5:25] [0:1] none none none none
tree_sizes=740 763 725 746 766 760 761 764 765 761 764 765 765 768 767 765 765 768 765 774 773 764 762 775 767 770 762 762 760 768 768 772 767 772 767 768 772 756 772 770 769 785 782 768 764 774 770 780 775 791 765 769 771 770 769 774 775 764 766 769 775 773 770 776 770 770 781 766 773 763 774 771 775 771 775 766 779 762 767 761 797 774 774 772 780 777 764 775 775 765 774 769 777 775 770 780 769 774 794 769 770 766 783 762 774 769 771 768 786 771 771 772 771 783 767 775 774 763 767 766 786 767 776 771 785 780 774 770 781 777 761 788 766 773 771 770 770 773 771 768 779 794 766 765 769 779 773 771 763 769 775 768 773 776 774 773 777 780 770 771 778 766 773 768 771 778 768 771 766 774 768 764 777 777 783 792 771 767 765 769 773 776 778 765 772 774 771 769 768 777 778 757 774 774 773 775 776 771 770 787 764 765 782 762 779 768 767 768 770 771 771 773 770 772 769 761 772 772 766 775 768 780 785 764 770 792 776 794 781 779 787 773 779 761 769 765 773 764 798 792 779 754 794

Tree=0
num_leaves=7
num_cat=0
split_feature=24 24 25 25 24 26
split_gain=44.7259 21.7615 30.4568 14.3808 15.9836 12.5703
threshold=42.500000000000007 25.500000000000004 27.500000000000004 39.500000000000007 62.500000000000007 38.750000000000007
decision_type=2 2 2 2 2 2
left_child=1 -1 -3 -2 -5 -4
right_child=3 2 5 4 -6 -7
leaf_value=-2.8799999999999999 -3.2999999999999998 -3.0600000000000001 -2.9399999999999999 -3.0600000000000001 -3.2999999999999998 -2.7599999999999998
leaf_weight=1032 134 512 1239 777 97 464
leaf_count=1032 134 512 1239 777 97 464
internal_value=-3.00054 -2.99711 -3.00046 -3.01155 -3.00863 -2.9966
internal_weight=4255 3247 2215 1008 874 1703
internal_count=4255 3247 2215 1008 874 1703
is_linear=0
shrinkage=1


Tree=1
num_leaves=7
num_cat=0
split_feature=24 24 26 25 24 25
split_gain=31.6399 13.773 17.312 17.2608 10.9153 14.8479
threshold=26.750000000000004 44.500000000000007 38.750000000000007 39.500000000000007 36.500000000000007 30.500000000000004
decision_type=2 2 2 2 2 2
left_child=-1 2 4 -3 5 -2
right_child=1 3 -4 -5 -6 -7
leaf_value=0.11279999999999998 -0.056399999999999992 -0.34199999999999997 0.16559999999999997 -0.11639999999999999 -0.063600000000000004 0.11639999999999999
leaf_weight=1241 555 83 582 722 396 639
leaf_count=1241 555 83 582 722 396 639
internal_value=0.00161189 -0.00174447 0.000742765 -0.00842222 -0.00249969 0.000372811
internal_weight=4218 2977 2172 805 1590 1194
internal_count=4218 2977 2172 805 1590 1194
is_linear=0
shrinkage=0.06


Tree=2
num_leaves=7
num_cat=0
split_feature=18 19 25 30 19 32
split_gain=17.1229 8.27989 5.68194 5.05478 4.93608 3.19329
threshold=8.8862223175814936 0.14285714285714415 42.500000000000007 13.500000000000002 0.17857142857142708 15.500000000000002
decision_type=2 2 2 2 2 2
left_child=1 -1 -3 -4 5 -2
right_child=4 2 3 -5 -6 -7
leaf_value=0.10603199999999999 0.0654 0.035663999999999987 -0.184698 0.024983999999999992 -0.120216 -0.035016000000000005
leaf_weight=1473 135 1467 86 101 513 500
leaf_count=1473 135 1467 86 101 513 500
internal_value=0.00183224 0.00413218 0.00120976 -0.0085 -0.00442064 -0.0008625
internal_weight=4275 3127 1654 187 1148 635
internal_count=4275 3127 1654 187 1148 635
is_linear=0
shrinkage=0.06


Tree=3
num_leaves=7
num_cat=0
split_feature=24 24 26 26 27 24
split_gain=30.0139 13.7162 17.0498 14.6226 11.2176 13.8047
threshold=26.750000000000004 44.500000000000007 38.750000000000007 41.500000000000007 2.5000000000000004 36.500000000000007
decision_type=2 2 2 2 2 2
left_child=-1 2 4 -3 5 -2
right_child=1 3 -4 -5 -6 -7
leaf_value=0.10389215999999998 -0.012723840000000014 -0.33291144 0.15416495999999999 -0.10220303999999998 0.0048441599999999949 -0.15097104
leaf_weight=1273 564 159 582 635 890 181
leaf_count=1273 564 159 582 635 890 181
internal_value=0.00141222 -0.00185411 0.000572457 -0.00859449 -0.00256829 -0.007976
internal_weight=4284 3011 2217 794 1635 745
internal_count=4284 3011 2217 794 1635 745
is_linear=0
shrinkage=0.06


Tree=4
num_leaves=7
num_cat=0
split_feature=24 24 26 26 12 24
split_gain=28.7432 15.1688 14.0372 10.8764 8.94543 8.03133
threshold=43.500000000000007 25.500000000000004 38.750000000000007 41.500000000000007 45.169642857142868 45.500000000000007
decision_type=2 2 2 2 2 2
left_child=1 -1 4 5 -3 -2
right_child=3 2 -4 -5 -6 -7
leaf_value=0.097658630399999974 -0.059160753599999998 -0.0015924096000000086 0.14851506239999998 -0.096070857599999976 -0.10862477759999999 -0.32222835359999996
leaf_weight=1051 115 1737 530 690 81 101
leaf_count=1051 115 1737 530 690 81 101
internal_value=0.00153411 0.00406639 0.00137569 -0.00793304 -0.00113385 -0.0195339
internal_weight=4305 3399 2348 906 1818 216
internal_count=4305 3399 2348 906 1818 216
is_linear=0
shrinkage=0.06


Tree=5
num_leaves=7
num_cat=0
split_feature=24 24 25 26 16 24
split_gain=32.1255 12.3207 16.3306 10.149 8.36667 8.02779
threshold=40.750000000000007 25.500000000000004 30.500000000000004 38.750000000000007 8.5481817432575564 28.500000000000004
decision_type=2 2 2 2 2 2
left_child=1 -1 4 -2 5 -3
right_child=3 2 -4 -5 -6 -7
leaf_value=0.091799112576 -0.16852923302399997 -0.015667905023999982 0.10391305497600001 -0.067482606143999993 0.0068018549760000008 -0.11831014502399999
leaf_weight=1040 232 313 1191 1018 189 271
leaf_count=1040 232 313 1191 1018 189 271
internal_value=0.00130242 0.004665 0.00185729 -0.00676255 -0.0049126 -0.00844992
internal_weight=4254 3004 1964 1250 773 584
internal_count=4254 3004 1964 1250 773 584
is_linear=0
shrinkage=0.06


Tree=6
num_leaves=7
num_cat=0
split_feature=24 26 24 25 27 24
split_gain=30.1249 14.5381 13.9986 14.1329 9.99633 7.83822
threshold=44.500000000000007 41.500000000000007 25.500000000000004 28.500000000000004 2.5000000000000004 36.500000000000007
decision_type=2 2 2 2 2 2
left_child=2 -2 -1 -4 5 -5
right_child=1 -3 3 4 -6 -7
leaf_value=0.086291165821439988 -0.26484689840256004 -0.091369649775359982 -0.057578870722559988 0.11267827167744 0.088765115024639976 -0.075055216642559999
leaf_weight=1039 161 645 593 402 1112 331
leaf_count=1039 161 645 593 402 1112 331
internal_value=0.00180084 -0.00861529 0.00422516 0.00173025 0.00432 -0.00111382
internal_weight=4283 806 3477 2438 1845 733
internal_count=4283 806 3477 2438 1845 733
is_linear=0
shrinkage=0.06


Tree=7
num_leaves=7
num_cat=0
split_feature=24 24 25 25 26 24
split_gain=26.9411 11.7282 18.1476 12.2751 7.63734 13.3319
threshold=25.500000000000004 43.500000000000007 39.500000000000007 27.500000000000004 40.250000000000007 36.500000000000007
decision_type=2 2 2 2 2 2
left_child=-1 3 -3 -2 5 -5
right_child=1 2 -4 4 -6 -7
leaf_value=0.081113695872153599 -0.055178218479206391 -0.29283947078883837 -0.080775470788838385 0.09129828477596158 0.19472720812316158 -0.045148703324006376
leaf_weight=1043 509 91 809 970 349 515
leaf_count=1043 509 91 809 970 349 515
internal_value=0.00181007 -0.000890394 -0.00669282 0.00134668 0.00363622 0.0017396
internal_weight=4286 3243 900 2343 1834 1485
internal_count=4286 3243 900 2343 1834 1485
is_linear=0
shrinkage=0.06


Tree=8
num_leaves=7
num_cat=0
split_feature=24 24 25 25 24 25
split_gain=28.8327 10.4784 16.7166 14.5473 7.93907 11.9723
threshold=26.750000000000004 44.500000000000007 30.500000000000004 39.500000000000007 33.500000000000007 35.500000000000007
decision_type=2 2 2 2 2 2
left_child=-1 2 -2 -3 -4 -6
right_child=1 3 4 -5 5 -7
leaf_value=0.076246874119824393 -0.053226578519281503 -0.30782510254150808 0.14543967829023591 -0.081040942541508093 -0.051792581124566008 0.06061861563577188
leaf_weight=1276 592 83 436 734 318 883
leaf_count=1276 592 83 436 734 318 883
internal_value=0.00190594 -0.00126745 0.000864816 -0.00705839 0.00399026 0.00145274
internal_weight=4322 3046 2229 817 1637 1201
internal_count=4322 3046 2229 817 1637 1201
is_linear=0
shrinkage=0.06


Tree=9
num_leaves=7
num_cat=0
split_feature=13 26 25 26 15 26
split_gain=12.7338 7.36785 15.2866 4.3869 4.92856 13.1743
threshold=24.500000000000004 54.500000000000007 59.500000000000007 51.500000000000007 42.250000000000007 38.750000000000007
decision_type=2 2 2 2 2 2
left_child=-1 3 -3 4 -2 -6
right_child=1 2 -4 -5 5 -7
leaf_value=0.071672061672634943 0.014083905843046453 -0.23666648598901763 0.058221514010982377 0.10022151401098239 -0.1217084187027123 0.018019825649555184
leaf_weight=645 2724 113 104 125 167 424
leaf_count=645 2724 113 104 125 167 424
internal_value=0.0015108 0.000134353 -0.0104595 0.000817707 0.000392169 -0.00455034
internal_weight=4302 3657 217 3440 3315 591
internal_count=4302 3657 217 3440 3315 591
is_linear=0
shrinkage=0.06


Tree=10
num_leaves=7
num_cat=0
split_feature=24 24 25 25 24 26
split_gain=28.1835 9.43572 13.2047 12.1527 9.62211 12.38
threshold=26.750000000000004 44.500000000000007 30.500000000000004 39.500000000000007 33.500000000000007 41.500000000000007
decision_type=2 2 2 2 2 2
left_child=-1 2 -2 -3 -4 -6
right_child=1 3 4 -5 5 -7
leaf_value=0.070827027322052136 -0.054072860805189991 -0.26299278592799097 0.080471052641406915 -0.077259675527990915 -0.014684021146627736 0.17792062434704276
leaf_weight=1263 569 81 429 723 889 304
leaf_count=1263 569 81 429 723 889 304
internal_value=0.00166714 -0.001504 0.000538251 -0.00704203 0.00329871 0.000510851
internal_weight=4258 2995 2191 804 1622 1193
internal_count=4258 2995 2191 804 1622 1193
is_linear=0
shrinkage=0.06


Tree=11
num_leaves=7
num_cat=0
split_feature=15 25 12 19 26 14
split_gain=10.743 7.92677 6.95051 6.17738 4.9076 12.7459
threshold=33.250000000000007 42.500000000000007 34.339285714285715 1.8571428571428596 40.250000000000007 43.250000000000007
decision_type=2 2 2 2 2 2
left_child=1 -1 -2 4 5 -4
right_child=2 -3 3 -5 -6 -7
leaf_value=0.04429584594864043 -0.14363337052490727 -0.080850819807920943 0.032130509475092724 -0.085586431130288979 0.055759591090165865 -0.080236872311751903
leaf_weight=2293 88 146 500 436 664 156
leaf_count=2293 88 146 500 436 664 156
internal_value=0.00140905 0.00401882 -0.00204273 -0.0011908 0.000858113 -0.00280938
internal_weight=4283 2439 1844 1756 1320 656
internal_count=4283 2439 1844 1756 1320 656
is_linear=0
shrinkage=0.06


Tree=12
num_leaves=7
num_cat=0
split_feature=24 24 25 14 24 25
split_gain=15.5669 7.86146 13.4438 8.86754 8.0993 12.0615
threshold=25.500000000000004 44.500000000000007 30.500000000000004 46.750000000000007 33.500000000000007 35.500000000000007
decision_type=2 2 2 2 2 2
left_child=-1 2 -2 -3 -4 -6
right_child=1 3 4 -5 5 -7
leaf_value=0.063919654925810587 -0.04365618411848695 -0.11038901043017975 0.072985038726004065 0.056018228236592957 -0.067989227698334029 0.05489488347855212
leaf_weight=1043 771 624 448 184 298 879
leaf_count=1043 771 624 448 184 298 879
internal_value=0.00142098 -0.000653475 0.0010733 -0.00575277 0.00416687 0.00153299
internal_weight=4247 3204 2396 808 1625 1177
internal_count=4247 3204 2396 808 1625 1177
is_linear=0
shrinkage=0.06


Tree=13
num_leaves=7
num_cat=0
split_feature=24 26 24 25 24 24
split_gain=17.6724 7.32904 8.31968 10.041 7.42482 7.05
threshold=40.750000000000007 40.250000000000007 25.500000000000004 27.500000000000004 28.500000000000004 33.500000000000007
decision_type=2 2 2 2 2 2
left_child=1 2 -1 4 -4 -5
right_child=-2 -3 3 5 -6 -7
leaf_value=0.060084475630261938 -0.064578116614586886 0.27469968984704402 -0.0063945005289457318 0.064383856402443831 -0.095932358671377727 -0.0092774508998081876
leaf_weight=1055 1244 204 313 646 203 616
leaf_count=1055 1244 204 313 646 203 616
internal_value=0.00130471 0.0037712 0.00296406 0.000452608 -0.00655854 0.00333623
internal_weight=4281 3037 2833 1778 516 1262
internal_count=4281 3037 2833 1778 516 1262
is_linear=0
shrinkage=0.06


Tree=14
num_leaves=7
num_cat=0
split_feature=24 26 24 25 30 25
split_gain=10.32 9.34023 7.43848 8.37451 7.31966 7.1879
threshold=41.500000000000007 40.250000000000007 24.500000000000004 20.750000000000004 26.500000000000004 36.500000000000007
decision_type=2 2 2 2 2 2
left_child=1 2 3 -1 5 -4
right_child=-2 -3 4 -5 -6 -7
leaf_value=-0.0069758822573290575 -0.064537429617711667 0.20343346206571597 -0.024835720565937185 0.11225732709244625 0.10271341651437815 0.098979140432240334
leaf_weight=292 1110 267 1446 602 237 316
leaf_count=292 1110 267 1446 602 237 316
internal_value=0.00122737 0.00297536 0.00197101 0.00650389 -6.58683e-05 -0.00140747
internal_weight=4270 3160 2893 894 1999 1762
internal_count=4270 3160 2893 894 1999 1762
is_linear=0
shrinkage=0.06


Tree=15
num_leaves=7
num_cat=0
split_feature=24 27 26 24 25 24
split_gain=8.42922 8.08321 6.66109 7.4889 10.0414 11.9311
threshold=43.500000000000007 2.5000000000000004 40.250000000000007 26.750000000000004 30.500000000000004 33.500000000000007
decision_type=2 2 2 2 2 2
left_child=2 -2 3 -1 -5 -6
right_child=1 -3 -4 4 5 -7
leaf_value=0.056897960027885976 -0.18137557783429661 -0.041206218363658384 0.15960899641464962 -0.053239757016878213 0.066233048252253401 -0.019274665854078308
leaf_weight=1257 90 809 336 574 419 800
leaf_count=1257 90 809 336 574 419 800
internal_value=0.00121958 -0.0039292 0.00259127 0.00169787 -0.000790879 0.00228922
internal_weight=4285 899 3386 3050 1793 1219
internal_count=4285 899 3386 3050 1793 1219
is_linear=0
shrinkage=0.06


Tree=16
num_leaves=7
num_cat=0
split_feature=24 26 24 25 25 24
split_gain=9.54506 9.03044 6.25008 8.59894 8.5835 8.58112
threshold=41.500000000000007 40.250000000000007 24.500000000000004 27.500000000000004 20.750000000000004 28.500000000000004
decision_type=2 2 2 2 2 2
left_child=1 2 4 5 -1 -4
right_child=-2 -3 3 -5 -6 -7
leaf_value=-0.0099712069235624711 -0.054010107438535383 0.17051808559333231 -0.0054443272752707104 0.027656275957950241 0.10210800986522631 -0.085491888496126142
leaf_weight=292 1110 263 407 1403 605 209
leaf_count=292 1110 263 407 1403 605 209
internal_value=0.00114858 0.00282098 0.00184765 -5.92885e-06 0.006 -0.00588889
internal_weight=4289 3179 2916 2019 897 616
internal_count=4289 3179 2916 2019 897 616
is_linear=0
shrinkage=0.06


Tree=17
num_leaves=7
num_cat=0
split_feature=19 26 3 3 26 26
split_gain=6.53535 9.03468 4.21595 3.95299 5.33276 3.80164
threshold=0.14285714285714415 54.500000000000007 151.50000000000003 147.50000000000003 38.750000000000007 49.500000000000007
decision_type=2 2 2 2 2 2
left_child=3 2 5 -1 -5 -2
right_child=1 -3 -4 4 -6 -7
leaf_value=0.049860274841626584 -0.0039580282577584966 -0.16470575748229946 -0.038472717671565397 -0.067760696315885813 0.069524458710158804 0.12406224251770055
leaf_weight=1771 1882 99 134 172 157 80
leaf_count=1771 1882 99 134 172 157 80
internal_value=0.000972558 -0.00131455 -0.000455497 0.003362 -0.00264072 0.000257753
internal_weight=4295 2195 2096 2100 329 1962
internal_count=4295 2195 2096 2100 329 1962
is_linear=0
shrinkage=0.06


Tree=18
num_leaves=7
num_cat=0
split_feature=24 25 24 26 25 25
split_gain=9.67904 6.28088 8.81655 8.3916 7.4925 7.9501
threshold=25.500000000000004 27.500000000000004 42.500000000000007 41.500000000000007 39.500000000000007 42.500000000000007
decision_type=2 2 2 2 2 2
left_child=-1 -2 3 -3 -4 -6
right_child=1 2 4 -5 5 -7
leaf_value=0.054319836537092069 -0.044056784038653422 0.00433978334349316 -0.1954269007819639 0.17148916189868457 0.088000700010860536 -0.06008798519417486
leaf_weight=1056 507 1462 141 240 156 701
leaf_count=1056 507 1462 141 240 156 701
internal_value=0.000797095 -0.000844334 0.000309427 0.00293322 -0.00415454 -0.00199768
internal_weight=4263 3207 2700 1702 998 857
internal_count=4263 3207 2700 1702 998 857
is_linear=0
shrinkage=0.06


Tree=19
num_leaves=7
num_cat=0
split_feature=24 25 24 24 16 25
split_gain=9.07179 7.23278 9.07055 8.62053 6.77276 6.71456
threshold=25.500000000000004 27.500000000000004 28.500000000000004 33.500000000000007 7.2702910624080177 31.500000000000004
decision_type=2 2 2 2 2 2
left_child=-1 2 -2 5 -5 -3
right_child=1 3 -4 4 -6 -7
leaf_value=0.051060646344866546 -0.015329249846961582 -0.00035256114088712097 -0.077481486448573847 0.10237966321687543 -0.026825090009995705 0.12092599428374201
leaf_weight=1048 312 310 204 361 1679 355
leaf_count=1048 312 310 204 361 1679 355
internal_value=0.000802995 -0.000775573 -0.00724952 0.000469373 -0.00146553 0.00637612
internal_weight=4269 3221 516 2705 2040 665
internal_count=4269 3221 516 2705 2040 665
is_linear=0
shrinkage=0.06


Tree=20
num_leaves=7
num_cat=0
split_feature=24 25 25 24 24 25
split_gain=7.9899 8.50966 6.04431 9.27085 8.51846 7.08409
threshold=24.500000000000004 20.750000000000004 27.500000000000004 33.500000000000007 28.500000000000004 35.500000000000007
decision_type=2 2 2 2 2 2
left_child=1 -1 4 -4 -2 -5
right_child=2 -3 3 5 -6 -7
leaf_value=-0.015458281785600735 -0.0091321335513780688 0.086667083809897613 0.053133831985147699 -0.065773143459407754 -0.072832597261659401 0.0088252743854848603
leaf_weight=290 407 593 715 384 206 1689
leaf_count=290 407 593 715 384 206 1689
internal_value=0.000992539 0.00606081 -0.000329419 0.000858217 -0.00569903 -0.00117517
internal_weight=4284 883 3401 2788 613 2073
internal_count=4284 883 3401 2788 613 2073
is_linear=0
shrinkage=0.06


Tree=21
num_leaves=7
num_cat=0
split_feature=24 25 25 24 13 25
split_gain=9.08932 7.65763 6.13257 8.50163 8.29608 8.18284
threshold=24.500000000000004 20.750000000000004 27.500000000000004 44.500000000000007 47.500000000000007 59.500000000000007
decision_type=2 2 2 2 2 2
left_child=1 -1 -2 -4 5 -5
right_child=2 -3 3 4 -6 -7
leaf_value=-0.014530784878464686 -0.038744561192433823 0.081467058781303767 0.033932229571194579 -0.1096665816365468 0.064963442997438919 0.21578109468253232
leaf_weight=296 610 604 1986 541 185 82
leaf_count=296 610 604 1986 541 185 82
internal_value=0.000751218 0.00609613 -0.000667938 0.000524116 -0.00464576 -0.00794904
internal_weight=4304 900 3404 2794 808 623
internal_count=4304 900 3404 2794 808 623
is_linear=0
shrinkage=0.06


Tree=22
num_leaves=7
num_cat=0
split_feature=24 25 30 17 24 30
split_gain=10.151 6.55432 4.52261 4.49771 7.2787 9.31471
threshold=24.500000000000004 20.750000000000004 8.5000000000000018 10.401816771747219 44.500000000000007 26.500000000000004
decision_type=2 2 2 2 2 2
left_child=1 2 -1 4 5 -2
right_child=3 -3 -4 -5 -6 -7
leaf_value=0.098889884028280098 -0.0061379677544138285 0.07657903525442554 -0.021110115971719901 0.032939740663200094 -0.071002133569229034 0.092993133733310057
leaf_weight=86 2169 592 206 281 645 282
leaf_count=86 2169 592 206 281 645 282
internal_value=0.000635724 0.00634083 -0.001 -0.000863986 -0.00152757 -2.9316e-05
internal_weight=4261 884 292 3377 3096 2451
internal_count=4261 884 292 3377 3096 2451
is_linear=0
shrinkage=0.06


Tree=23
num_leaves=7
num_cat=0
split_feature=24 21 3 19 26 24
split_gain=10.4331 5.00855 6.0279 5.4264 4.56679 9.6246
threshold=24.500000000000004 1.0000000180025095e-35 150.50000000000003 1.1071428571428543 27.500000000000004 33.500000000000007
decision_type=2 2 2 2 2 2
left_child=-1 2 4 -3 -2 -6
right_child=1 3 -4 -5 5 -7
leaf_value=0.051062958522321671 -0.096106717246576032 0.0410143600233938 -0.024947955500191146 -0.0071795198646470324 0.098499973911909261 -0.021743167308491278
leaf_weight=915 210 1339 110 723 264 727
leaf_count=915 210 1339 110 723 264 727
internal_value=0.000642208 -0.000900533 -0.00379331 0.000941945 -0.00252239 -0.000795181
internal_weight=4288 3373 1311 2062 1201 991
internal_count=4288 3373 1311 2062 1201 991
is_linear=0
shrinkage=0.06


Tree=24
num_leaves=7
num_cat=0
split_feature=19 29 26 26 25 25
split_gain=5.10164 4.9322 5.57911 13.7643 3.7968 4.09275
threshold=1.4285714285714255 5.5000000000000009 38.750000000000007 28.500000000000004 42.500000000000007 36.500000000000007
decision_type=2 2 2 2 2 2
left_child=1 -1 3 -3 5 -2
right_child=4 2 -4 -5 -6 -7
leaf_value=0.035310299875224854 -0.0075313639744341281 0.09565948161242413 0.086537855482880677 -0.096836440553193681 -0.081636205678060486 0.034021170219690734
leaf_weight=2659 659 140 184 145 255 226
leaf_count=2659 659 140 184 145 255 226
internal_value=0.000757547 0.00200989 -0.00363291 -0.00883448 -0.00266987 -0.000788764
internal_weight=4268 3128 469 285 1140 885
internal_count=4268 3128 469 285 1140 885
is_linear=0
shrinkage=0.06


Tree=25
num_leaves=7
num_cat=0
split_feature=24 25 25 24 16 27
split_gain=11.9831 6.55848 5.79539 15.8106 5.73288 6.31823
threshold=25.500000000000004 20.750000000000004 31.500000000000004 33.500000000000007 7.8664434002045693 4.5000000000000009
decision_type=2 2 2 2 2 2
left_child=1 -1 4 -4 5 -2
right_child=2 -3 3 -5 -6 -7
leaf_value=-0.015004226500326866 -0.064887036658804118 0.066801897635307222 0.10335663240235328 -0.015963500410894074 0.0043204676121957946 0.055259371409114001
leaf_weight=302 422 754 350 1965 386 116
leaf_count=302 422 754 350 1965 386 116
internal_value=0.000456279 0.00599152 -0.00135388 0.000250862 -0.00535737 -0.00933149
internal_weight=4295 1056 3239 2315 924 538
internal_count=4295 1056 3239 2315 924 538
is_linear=0
shrinkage=0.06


Tree=26
num_leaves=7
num_cat=0
split_feature=24 25 24 30 30 30
split_gain=10.084 6.07188 12.3451 7.48288 6.77747 6.24096
threshold=25.500000000000004 31.500000000000004 32.500000000000007 4.5000000000000009 7.5000000000000009 26.500000000000004
decision_type=2 2 2 2 2 2
left_child=-1 3 -3 -2 -5 -6
right_child=1 2 -4 4 5 -7
leaf_value=0.045896027089692745 -0.053479401005789469 0.11368242518049131 -0.0066475417092431467 0.15920470106622392 -0.048844242624232356 0.033968377080452
leaf_weight=1043 102 264 2050 94 602 96
leaf_count=1043 102 264 2050 94 602 96
internal_value=0.000883929 -0.00078338 0.000839586 -0.00496885 -0.00293225 -0.00498862
internal_weight=4251 3208 2314 894 792 698
internal_count=4251 3208 2314 894 792 698
is_linear=0
shrinkage=0.06


Tree=27
num_leaves=7
num_cat=0
split_feature=24 25 24 14 25 24
split_gain=8.25948 8.96957 5.29289 4.60462 5.40752 10.1494
threshold=24.500000000000004 20.750000000000004 17.500000000000004 23.750000000000004 31.500000000000004 33.500000000000007
decision_type=2 2 2 2 2 2
left_child=1 2 -1 -2 -5 -6
right_child=3 -3 -4 4 5 -7
leaf_value=0.19522600695160422 0.090795701653497846 0.060040022151807225 -0.026879412552631432 -0.015016949928839207 0.08840641407414794 -0.011238077498719736
leaf_weight=80 166 604 208 938 334 1925
leaf_count=80 166 604 208 938 334 1925
internal_value=0.0007 0.00581605 -0.00285666 -0.000662708 -0.00117489 0.000416078
internal_weight=4255 892 288 3363 3197 2259
internal_count=4255 892 288 3363 3197 2259
is_linear=0
shrinkage=0.06


Tree=28
num_leaves=7
num_cat=0
split_feature=24 24 25 24 11 26
split_gain=7.071 4.68204 7.44546 6.89581 9.47016 7.57385
threshold=21.750000000000004 44.500000000000007 59.500000000000007 54.500000000000007 47.053571428571438 41.500000000000007
decision_type=2 2 2 2 2 2
left_child=-1 -2 3 4 5 -3
right_child=1 2 -4 -5 -6 -7
leaf_value=0.087533352200526451 0.004185418499228084 -0.32433092728131213 0.058208123954554387 -0.21984485036219992 0.1279167876824665 -0.017580583181993691
leaf_weight=394 3043 123 133 152 157 241
leaf_count=394 3043 123 133 152 157 241
internal_value=0.000885593 9.65231e-05 -0.00395438 -0.00652212 -0.0031597 -0.00844715
internal_weight=4243 3849 806 673 521 364
internal_count=4243 3849 806 673 521 364
is_linear=0
shrinkage=0.06


Tree=29
num_leaves=7
num_cat=0
split_feature=24 25 24 26 13 19
split_gain=7.28718 5.04356 5.02217 7.91146 7.87497 6.96469
threshold=21.750000000000004 20.750000000000004 44.500000000000007 41.500000000000007 47.500000000000007 1.8571428571428561
decision_type=2 2 2 2 2 2
left_child=1 -1 3 -2 5 -4
right_child=2 -3 4 -5 -6 -7
leaf_value=0.026176703915183348 -0.00034685314613739135 0.11118561969066719 -0.044876440626461331 0.12945912598010362 0.051641983180821791 -0.14278523934046794
leaf_weight=193 2776 211 461 303 187 168
leaf_count=193 2776 211 461 303 187 168
internal_value=0.000441914 0.00806112 -0.000356923 0.000752918 -0.00452741 -0.00773186
internal_weight=4299 404 3895 3079 816 629
internal_count=4299 404 3895 3079 816 629
is_linear=0
shrinkage=0.06


Tree=30
num_leaves=7
num_cat=0
split_feature=24 25 30 30 18 27
split_gain=6.45149 4.06657 4.04399 4.59712 8.30457 4.79434
threshold=21.750000000000004 20.750000000000004 1.5000000000000002 3.5000000000000004 7.5822102719918378 3.5000000000000004
decision_type=2 2 2 2 2 2
left_child=1 -1 -2 4 -4 -5
right_child=2 -3 3 5 -6 -7
leaf_value=0.03136603818335916 0.12001571900829404 0.10451448250922717 -0.081180504231994854 -0.0049457411459437849 -0.009987373657036884 0.03250631116118903
leaf_weight=193 148 203 80 1873 169 1588
leaf_count=193 148 203 80 1873 169 1588
internal_value=0.000978399 0.00822195 0.000224437 -0.000168775 -0.00796063 0.000401616
internal_weight=4254 396 3858 3710 249 3461
internal_count=4254 396 3858 3710 249 3461
is_linear=0
shrinkage=0.06


Tree=31
num_leaves=7
num_cat=0
split_feature=23 3 18 17 26 30
split_gain=4.5848 5.85386 3.68645 7.56957 5.67359 4.17416
threshold=1.0000000180025095e-35 150.50000000000003 8.8862223175814936 10.32346597582937 38.750000000000007 14.500000000000002
decision_type=2 2 2 2 2 2
left_child=1 -1 -2 4 5 -4
right_child=2 -3 3 -5 -6 -7
leaf_value=-0.0064426155113813267 0.029174282196463102 -0.022408903214046365 -0.088463451265658799 0.047588636216203857 -0.0011897193338196355 -0.026736795382133634
leaf_weight=1625 1633 144 151 273 366 85
leaf_count=1625 1633 144 151 273 366 85
internal_value=0.000451191 -0.00188388 0.00209988 -0.00103636 -0.00478913 -0.0119378
internal_weight=4277 1769 2508 875 602 236
internal_count=4277 1769 2508 875 602 236
is_linear=0
shrinkage=0.06


Tree=32
num_leaves=7
num_cat=0
split_feature=24 25 29 26 26 26
split_gain=6.99418 4.58117 3.96096 7.85269 12.3823 6.04067
threshold=21.750000000000004 20.750000000000004 5.5000000000000009 42.500000000000007 28.500000000000004 22.500000000000004
decision_type=2 2 2 2 2 2
left_child=1 -1 5 4 -4 -2
right_child=2 -3 3 -5 -6 -7
leaf_value=0.021182821446719017 -0.014624367007954322 0.095174881139581113 0.059361725077001326 0.091112946232378839 -0.078060130909862954 0.012733600374306273
leaf_weight=194 340 212 120 150 206 3081
leaf_count=194 340 212 120 150 206 3081
internal_value=0.000650418 0.00809489 -0.000133778 -0.00523285 -0.0104139 0.000581436
internal_weight=4303 406 3897 476 326 3421
internal_count=4303 406 3897 476 326 3421
is_linear=0
shrinkage=0.06


Tree=33
num_leaves=7
num_cat=0
split_feature=24 26 24 30 16 30
split_gain=7.38113 7.49215 5.98583 8.59178 7.90481 9.00484
threshold=40.750000000000007 40.250000000000007 21.750000000000004 26.500000000000004 9.8730031133485721 22.500000000000004
decision_type=2 2 2 2 2 2
left_child=1 2 -1 4 5 -4
right_child=-2 -3 3 -5 -6 -7
leaf_value=0.06691556645716934 -0.030742041809839641 0.22436036790371447 -0.0044063407627507973 0.058500049300031588 0.1146667769777245 -0.050141222584659903
leaf_weight=400 1238 199 1676 303 227 237
leaf_count=400 1238 199 1676 303 227 237
internal_value=0.000447375 0.00203709 0.00123666 0.000115196 -0.00122937 -0.00249322
internal_weight=4280 3042 2843 2443 2140 1913
internal_count=4280 3042 2843 2443 2140 1913
is_linear=0
shrinkage=0.06


Tree=34
num_leaves=7
num_cat=0
split_feature=24 24 25 27 29 24
split_gain=7.25222 4.7084 9.73399 5.21039 5.26667 5.47042
threshold=21.750000000000004 56.500000000000007 59.500000000000007 2.5000000000000004 2.5000000000000004 40.750000000000007
decision_type=2 2 2 2 2 2
left_child=-1 3 -3 4 -2 -6
right_child=1 2 -4 -5 5 -7
leaf_value=0.073929440199031887 -0.054941170657003491 -0.23917658928627969 0.040115513081976556 0.0208971650441033 0.0037182669553388445 -0.081288739044834399
leaf_weight=396 248 105 93 2137 1076 218
leaf_count=396 248 105 93 2137 1076 218
internal_value=0.000690042 -0.000103555 -0.009 0.000385993 -0.00226697 -0.000713626
internal_weight=4273 3877 198 3679 1542 1294
internal_count=4273 3877 198 3679 1542 1294
is_linear=0
shrinkage=0.06


Tree=35
num_leaves=7
num_cat=0
split_feature=24 26 25 3 24 25
split_gain=7.43335 5.36198 8.65235 6.38142 5.98828 6.50451
threshold=21.250000000000004 22.500000000000004 23.500000000000004 75.500000000000014 26.750000000000004 27.500000000000004
decision_type=2 2 2 2 2 2
left_child=-1 2 3 -2 -3 -6
right_child=1 4 -4 -5 5 -7
leaf_value=0.069493673787089968 -0.0040337524558117345 0.056689264227293701 0.03338106863074259 -0.096066878074915402 -0.043301515100160101 0.0030333099072882507
leaf_weight=397 142 551 141 96 345 2619
leaf_count=397 142 551 141 96 345 2619
internal_value=0.00047067 -0.000330085 -0.0070625 -0.0139383 0.000403977 -0.000665881
internal_weight=4291 3894 379 238 3515 2964
internal_count=4291 3894 379 238 3515 2964
is_linear=0
shrinkage=0.06


Tree=36
num_leaves=7
num_cat=0
split_feature=24 24 25 26 24 30
split_gain=6.93689 4.38143 8.59226 6.30056 12.5851 6.87529
threshold=21.250000000000004 56.500000000000007 59.500000000000007 41.500000000000007 45.500000000000007 26.500000000000004
decision_type=2 2 2 2 2 2
left_child=-1 3 -3 4 5 -2
right_child=1 2 -4 -5 -6 -7
leaf_value=0.076844067444608782 -0.0034780070367968286 -0.21298748534840345 0.037526583702620672 0.076962186280140593 -0.20402335758720205 0.047923630518299294
leaf_weight=398 2466 108 88 749 102 363
leaf_count=398 2466 108 88 749 102 363
internal_value=0.000763496 -1.46869e-05 -0.00864179 0.000455088 -0.00080109 -3.59915e-05
internal_weight=4274 3876 196 3680 2931 2829
internal_count=4274 3876 196 3680 2931 2829
is_linear=0
shrinkage=0.06


Tree=37
num_leaves=7
num_cat=0
split_feature=24 25 30 24 25 26
split_gain=6.5504 8.09361 6.50033 3.86262 9.81882 6.32272
threshold=24.500000000000004 21.250000000000004 8.5000000000000018 54.500000000000007 59.500000000000007 41.500000000000007
decision_type=2 2 2 2 2 2
left_child=1 2 -1 5 -5 -2
right_child=3 -3 -4 4 -6 -7
leaf_value=0.064438998406169595 -0.0049888345430150766 0.052975201275509386 -0.045836310284628201 -0.17193768811990634 0.040973300127850512 0.074889565116086715
leaf_weight=99 2440 538 252 152 110 704
leaf_count=99 2440 538 252 152 110 704
internal_value=0.000609767 0.00518121 -0.00188764 -0.000588391 -0.00751685 0
internal_weight=4295 889 351 3406 262 3144
internal_count=4295 889 351 3406 262 3144
is_linear=0
shrinkage=0.06


Tree=38
num_leaves=7
num_cat=0
split_feature=24 25 24 26 16 25
split_gain=7.26585 4.87548 4.35256 12.9464 6.18241 5.90463
threshold=21.250000000000004 20.750000000000004 46.500000000000007 43.500000000000007 11.125900331440894 36.500000000000007
decision_type=2 2 2 2 2 2
left_child=1 -1 5 -4 -5 -2
right_child=2 -3 3 4 -6 -7
leaf_value=0.007358940776954221 -0.0030595767833820849 0.074369075644894117 -0.21861748895721578 0.041772855792848063 -0.065382143088573638 0.058520255579762391
leaf_weight=197 2214 209 116 405 113 1036
leaf_count=197 2214 209 116 405 113 1036
internal_value=0.000215832 0.00780292 -0.000585498 -0.00511268 -0.000969407 0.000303226
internal_weight=4290 406 3884 634 518 3250
internal_count=4290 406 3884 634 518 3250
is_linear=0
shrinkage=0.06


Tree=39
num_leaves=7
num_cat=0
split_feature=24 24 25 27 24 16
split_gain=8.33831 4.52245 10.8534 6.36021 5.34557 6.69409
threshold=21.750000000000004 54.500000000000007 59.500000000000007 2.5000000000000004 43.500000000000007 10.458533914941137
decision_type=2 2 2 2 2 2
left_child=-1 3 -3 4 5 -2
right_child=1 2 -4 -5 -6 -7
leaf_value=0.056405532962200626 -0.012114086867728701 -0.14366841795834548 0.037906608112222226 0.018651511533866322 -0.1643971091721686 0.11130240925530675
leaf_weight=405 1234 150 103 2077 97 197
leaf_count=405 1234 150 103 2077 97 197
internal_value=0.00023477 -0.000628268 -0.00830233 -7.81163e-05 -0.00301174 -0.00205571
internal_weight=4263 3858 253 3605 1528 1431
internal_count=4263 3858 253 3605 1528 1431
is_linear=0
shrinkage=0.06


Tree=40
num_leaves=7
num_cat=0
split_feature=24 25 26 25 3 21
split_gain=4.44639 5.09936 4.67222 6.65004 5.11621 4.58821
threshold=21.250000000000004 21.750000000000004 22.500000000000004 23.500000000000004 81.500000000000014 1.0000000180025095e-35
decision_type=2 2 2 2 2 2
left_child=1 -1 3 4 -2 -4
right_child=2 -3 5 -5 -6 -7
leaf_value=0.0022478224371151566 -0.0037790846513675192 0.072114902340714382 -0.011684057418743699 0.0327966348267534 -0.09547050319625458 0.016263351601349521
leaf_weight=231 143 160 1454 135 80 2071
leaf_count=231 143 160 1454 135 80 2071
internal_value=0.000412947 0.0064697 -0.000203704 -0.00668595 -0.0129474 0.000462323
internal_weight=4274 391 3883 358 223 3525
internal_count=4274 391 3883 358 223 3525
is_linear=0
shrinkage=0.06


Tree=41
num_leaves=7
num_cat=1
split_feature=29 1 26 16 27 30
split_gain=3.32663 5.22181 4.30635 7.23598 4.52206 4.75538
threshold=5.5000000000000009 0 54.500000000000007 9.5006264631217689 4.5000000000000009 7.5000000000000009
decision_type=2 1 2 2 2 2
left_child=2 -2 4 -4 5 -1
right_child=1 -3 3 -5 -6 -7
leaf_value=0.047594294059493836 -0.067407118899693752 0.0089690757062252727 0.033261571175474618 -0.092398563178632251 0.045379220744655079 -0.0025241614587380745
leaf_weight=617 202 304 80 96 932 2055
leaf_count=617 202 304 80 96 932 2055
internal_value=0.00014612 -0.00439726 0.000760106 -0.00827072 0.0012128 -4.37056e-05
internal_weight=4286 506 3780 176 3604 2672
internal_count=4286 506 3780 176 3604 2672
cat_boundaries=0 1
cat_threshold=20
is_linear=0
shrinkage=0.06


Tree=42
num_leaves=7
num_cat=1
split_feature=24 26 1 17 26 30
split_gain=5.36272 6.95859 5.21288 6.83771 5.70599 4.97308
threshold=40.750000000000007 40.250000000000007 0 9.3021621012759166 41.500000000000007 25.500000000000004
decision_type=2 2 1 2 2 2
left_child=1 -1 4 5 -2 -4
right_child=2 -3 3 -5 -6 -7
leaf_value=0.0024992294125638637 -0.023561569291448238 0.20291709689973783 0.049957459285675507 -0.15093958040814517 0.043551695881285546 -0.21506385931478139
leaf_weight=2797 232 204 243 257 445 83
leaf_count=2797 232 204 243 257 445 83
internal_value=0.000101266 0.00148104 -0.00317549 -0.00724415 0.000450867 -0.00153172
internal_weight=4261 3001 1260 583 677 326
internal_count=4261 3001 1260 583 677 326
cat_boundaries=0 1
cat_threshold=26
is_linear=0
shrinkage=0.06


Tree=43
num_leaves=7
num_cat=0
split_feature=24 25 27 30 24 16
split_gain=5.92927 7.17951 4.4896 4.9499 7.08061 9.88179
threshold=56.500000000000007 59.500000000000007 3.5000000000000004 8.5000000000000018 41.500000000000007 8.8898683400118319
decision_type=2 2 2 2 2 2
left_child=2 -2 3 -1 5 -5
right_child=1 -3 -4 4 -6 -7
leaf_value=0.045445814782795919 -0.17611032258413772 0.023908775447156545 0.024882450507642873 -0.011184647504457272 -0.10535507067251877 0.0523878556767833
leaf_weight=690 110 84 1627 1086 246 431
leaf_count=690 110 84 1627 1086 246 431
internal_value=0.000328815 -0.00978392 0.000821787 -0.00079821 -0.00248416 -0.000934297
internal_weight=4274 194 4080 2453 1763 1517
internal_count=4274 194 4080 2453 1763 1517
is_linear=0
shrinkage=0.06


Tree=44
num_leaves=7
num_cat=0
split_feature=29 25 26 24 26 28
split_gain=3.86208 6.67911 8.70853 6.01978 5.80456 5.40138
threshold=5.5000000000000009 47.500000000000007 28.500000000000004 61.000000000000007 38.750000000000007 1.0000000180025095e-35
decision_type=2 2 2 2 2 2
left_child=3 2 -2 5 -4 -1
right_child=1 -3 4 -5 -6 -7
leaf_value=0.00013591579453674951 0.06652429010163205 0.13730351929357112 -0.086161706002509358 -0.13131658622860823 -0.028876769642490103 0.044947443070382648
leaf_weight=2664 143 95 161 97 103 1018
leaf_count=2664 143 95 161 97 103 1018
internal_value=0.000366776 -0.0045503 -0.0078932 0.0010259 -0.0142639 0.00142311
internal_weight=4281 502 407 3779 264 3682
internal_count=4281 502 407 3779 264 3682
is_linear=0
shrinkage=0.06


Tree=45
num_leaves=7
num_cat=0
split_feature=17 24 27 29 24 11
split_gain=3.33962 6.19959 4.57858 6.78879 5.97913 9.1592
threshold=10.381326142848549 56.500000000000007 4.5000000000000009 5.5000000000000009 25.500000000000004 29.535714285714288
decision_type=2 2 2 2 2 2
left_child=1 2 4 -4 -1 -6
right_child=-2 -3 3 -5 5 -7
leaf_value=0.01613672365832294 0.035778381677436098 -0.14240645922742431 0.043681156822410049 -0.013366538218937078 -0.058740430724593645 -0.0035738836439413646
leaf_weight=1021 315 144 928 91 373 1417
leaf_count=1021 315 144 928 91 373 1417
internal_value=0.000421984 -5.20231e-05 0.00041382 0.00384961 -0.000835227 -0.00292312
internal_weight=4289 3974 3830 1019 2811 1790
internal_count=4289 3974 3830 1019 2811 1790
is_linear=0
shrinkage=0.06


Tree=46
num_leaves=7
num_cat=0
split_feature=24 26 24 25 25 24
split_gain=3.71574 13.3217 4.88609 6.90255 4.61364 7.62283
threshold=46.500000000000007 43.500000000000007 56.500000000000007 59.500000000000007 36.500000000000007 32.500000000000007
decision_type=2 2 2 2 2 2
left_child=4 -2 -3 -4 5 -1
right_child=1 2 3 -5 -6 -7
leaf_value=0.005394084863174946 -0.20620570235274666 0.079337451087967831 -0.16759746764442732 0.016344297803639093 0.045963473638406832 -0.036193277627723251
leaf_weight=1993 119 339 106 93 1043 601
leaf_count=1993 119 339 106 93 1043 601
internal_value=-6.28053e-06 -0.00414199 -4.97238e-05 -0.00741176 0.000744646 -0.000610619
internal_weight=4294 657 538 199 3637 2594
internal_count=4294 657 538 199 3637 2594
is_linear=0
shrinkage=0.06


Tree=47
num_leaves=7
num_cat=1
split_feature=24 26 16 1 25 3
split_gain=3.76957 6.54519 5.76628 6.19532 5.65145 8.09517
threshold=40.750000000000007 40.250000000000007 7.6563077014346534 0 38.750000000000007 79.500000000000014
decision_type=2 2 2 1 2 2
left_child=1 -1 -2 -4 -5 -6
right_child=2 -3 3 4 5 -7
leaf_value=0.0017746486791006921 0.054084042956140346 0.1844661954434095 0.00086951286279246531 -0.17421280674310224 0.080110294388182401 -0.12060778071414803
leaf_weight=2806 223 198 470 84 115 350
leaf_count=2806 223 198 470 84 115 350
internal_value=0.000105152 0.00125523 -0.002668 -0.00458203 -0.00879787 -0.00621702
internal_weight=4246 3004 1242 1019 549 465
internal_count=4246 3004 1242 1019 549 465
cat_boundaries=0 1
cat_threshold=2
is_linear=0
shrinkage=0.06


Tree=48
num_leaves=7
num_cat=0
split_feature=21 24 10 32 24 27
split_gain=3.24564 5.85961 10.0441 4.33891 4.42009 4.22457
threshold=1.0000000180025095e-35 26.750000000000004 35.642857142857146 8.5000000000000018 32.500000000000007 4.5000000000000009
decision_type=2 2 2 2 2 2
left_child=1 -1 3 -3 -5 -2
right_child=5 2 -4 4 -6 -7
leaf_value=0.029793153245478508 0.00011377705311478081 -0.0028106911829445824 0.0035878010747772168 -0.036338565327868895 -0.042911686168650577 0.029826673937538857
leaf_weight=592 1810 134 723 153 168 726
leaf_count=592 1810 134 723 153 168 726
internal_value=0.000228949 -0.00173915 -0.00418174 -0.011113 -0.0148528 0.00160449
internal_weight=4306 1770 1178 455 321 2536
internal_count=4306 1770 1178 455 321 2536
is_linear=0
shrinkage=0.06


Tree=49
num_leaves=7
num_cat=1
split_feature=27 30 1 16 24 25
split_gain=3.77455 5.04468 10.5162 5.24801 4.49408 10.2438
threshold=3.5000000000000004 5.5000000000000009 0 6.9092740949511677 36.500000000000007 33.500000000000007
decision_type=2 2 1 2 2 2
left_child=4 2 -2 -3 5 -1
right_child=1 3 -4 -5 -6 -7
leaf_value=-0.0025409180780193476 0.072471500384927653 0.066633331456941253 -0.055350269702411407 0.0086501771279042568 -0.040615276758853777 0.18619623702888571
leaf_weight=1564 110 378 167 1167 617 250
leaf_count=1564 110 378 167 1167 617 250
internal_value=0.000284641 0.00234647 -0.00504255 0.00368516 -0.00126108 0.000245739
internal_weight=4253 1822 277 1545 2431 1814
internal_count=4253 1822 277 1545 2431 1814
cat_boundaries=0 1
cat_threshold=3
is_linear=0
shrinkage=0.06


Tree=50
num_leaves=7
num_cat=0
split_feature=27 16 24 11 26 26
split_gain=4.11582 4.86896 6.54646 8.20315 6.37003 7.41423
threshold=2.5000000000000004 10.113626585678356 26.750000000000004 29.678571428571434 22.500000000000004 21.750000000000004
decision_type=2 2 2 2 2 2
left_child=1 2 4 -4 5 -1
right_child=-2 -3 3 -5 -6 -7
leaf_value=0.0010080205470866677 0.0087101957554139055 0.043658588972381555 -0.10814358896043529 -0.030301136222183646 0.046613046738211185 -0.018698781111949121
leaf_weight=328 2444 319 106 594 386 112
leaf_count=328 2444 319 106 594 386 112
internal_value=0.000394038 -0.00174162 -0.00315284 -0.0074 0.000465704 -0.0044427
internal_weight=4289 1845 1526 700 826 440
internal_count=4289 1845 1526 700 826 440
is_linear=0
shrinkage=0.06


Tree=51
num_leaves=7
num_cat=0
split_feature=26 25 26 24 29 26
split_gain=2.93163 9.98805 4.89066 8.90734 3.52347 8.16699
threshold=54.500000000000007 62.500000000000007 43.500000000000007 46.500000000000007 5.5000000000000009 28.500000000000004
decision_type=2 2 2 2 2 2
left_child=2 -2 3 4 -1 -6
right_child=1 -3 -4 -5 5 -7
leaf_value=0.0047599346342101344 -0.077504740373295994 0.042552159457523983 0.091215501341562227 -0.18167222053676957 0.071076365757936272 -0.050175444624330531
leaf_weight=3043 134 81 536 115 155 199
leaf_count=3043 134 81 536 115 155 199
internal_value=0.000417526 -0.00632727 0.000783864 -3.3267e-05 0.000532628 -0.00508914
internal_weight=4263 215 4048 3512 3397 354
internal_count=4263 215 4048 3512 3397 354
is_linear=0
shrinkage=0.06


Tree=52
num_leaves=7
num_cat=0
split_feature=25 26 26 24 26 32
split_gain=3.1249 9.10153 4.20076 4.96368 5.80316 5.25203
threshold=59.500000000000007 54.500000000000007 51.500000000000007 40.750000000000007 32.500000000000007 7.5000000000000009
decision_type=2 2 2 2 2 2
left_child=1 2 3 4 -1 -6
right_child=-2 -3 -4 -5 5 -7
leaf_value=-0.0011342398178882454 0.047996904347293909 -0.069221174520292542 0.19631914063362527 -0.024244524624951448 -0.050728187306078761 0.072068803739921625
leaf_weight=2164 123 115 120 900 103 749
leaf_count=2164 123 115 120 900 103 749
internal_value=0.000469035 0.000183349 0.000667409 0.000320581 0.00148858 0.00566744
internal_weight=4274 4151 4036 3916 3016 852
internal_count=4274 4151 4036 3916 3016 852
is_linear=0
shrinkage=0.06


Tree=53
num_leaves=7
num_cat=0
split_feature=27 24 25 26 24 24
split_gain=4.36536 5.26063 11.6215 5.38868 9.77714 5.74964
threshold=3.5000000000000004 36.500000000000007 33.500000000000007 38.750000000000007 39.500000000000007 43.500000000000007
decision_type=2 2 2 2 2 2
left_child=1 2 -1 4 -3 -5
right_child=-2 3 -4 5 -6 -7
leaf_value=-0.0030680928164367282 0.013762247732406445 -0.11546372219164297 0.17356192452258443 0.049004362610473397 -0.041597754020115313 -0.050140701361033831
leaf_weight=1583 1850 102 246 202 151 164
leaf_count=1583 1850 102 246 202 151 164
internal_value=0.000340925 -0.00131961 0.000300981 -0.00607692 -0.0127209 -0.00136658
internal_weight=4298 2448 1829 619 253 366
internal_count=4298 2448 1829 619 253 366
is_linear=0
shrinkage=0.06


Tree=54
num_leaves=7
num_cat=0
split_feature=17 24 29 26 26 27
split_gain=2.60888 4.3569 3.46262 6.22781 4.92628 4.26458
threshold=10.401816771747219 59.500000000000007 5.5000000000000009 28.500000000000004 38.750000000000007 4.5000000000000009
decision_type=2 2 2 2 2 2
left_child=1 2 5 -4 -5 -1
right_child=-2 -3 3 4 -6 -7
leaf_value=-0.0015569925767009729 0.035703555249234568 -0.12182084456691745 0.067820254526025678 -0.074690628121600142 -0.024574161068384715 0.034023503679030113
leaf_weight=2490 283 96 152 146 115 971
leaf_count=2490 283 96 152 146 115 971
internal_value=0.000256458 -0.000142642 0.000177108 -0.00498086 -0.0105338 0.000799769
internal_weight=4253 3970 3874 413 261 3461
internal_count=4253 3970 3874 413 261 3461
is_linear=0
shrinkage=0.06


Tree=55
num_leaves=7
num_cat=0
split_feature=26 25 25 24 25 30
split_gain=3.45139 6.39018 4.70234 5.58142 12.9798 7.03646
threshold=54.500000000000007 59.500000000000007 46.500000000000007 36.500000000000007 33.500000000000007 4.5000000000000009
decision_type=2 2 2 2 2 2
left_child=2 -2 3 4 5 -1
right_child=1 -3 -4 -5 -6 -7
leaf_value=-0.018940902689727365 -0.061599850729274971 0.031975668804172151 0.087585616482282955 -0.021850187170736914 0.13684216569062679 0.0042668496788514738
leaf_weight=326 113 99 392 1103 390 1837
leaf_count=326 113 99 392 1103 390 1837
internal_value=0.000196249 -0.00717512 0.000591414 -8.11254e-05 0.00145895 -0.000365314
internal_weight=4260 212 4048 3656 2553 2163
internal_count=4260 212 4048 3656 2553 2163
is_linear=0
shrinkage=0.06


Tree=56
num_leaves=7
num_cat=0
split_feature=24 16 27 24 12 24
split_gain=3.79174 4.31356 5.17478 5.28715 7.46719 5.33657
threshold=56.500000000000007 10.084163986308928 2.5000000000000004 26.750000000000004 29.732142857142861 36.500000000000007
decision_type=2 2 2 2 2 2
left_child=1 2 3 -1 -5 -6
right_child=-2 -3 -4 4 5 -7
leaf_value=0.00070921028299218757 -0.080265694869227119 0.045052697675107757 0.010007070202585176 -0.093765751741957504 0.0018814261418178988 -0.067381839579315664
leaf_weight=830 194 620 1963 119 350 238
leaf_count=830 194 620 1963 119 350 238
internal_value=-0.000186849 0.000202909 -0.000615407 -0.0032179 -0.00701124 -0.00414334
internal_weight=4314 4120 3500 1537 707 588
internal_count=4314 4120 3500 1537 707 588
is_linear=0
shrinkage=0.06


Tree=57
num_leaves=7
num_cat=0
split_feature=26 25 26 16 26 29
split_gain=2.63363 10.0353 4.89923 2.64846 3.52655 3.00314
threshold=54.500000000000007 56.500000000000007 51.500000000000007 10.458533914941137 46.500000000000007 5.5000000000000009
decision_type=2 2 2 2 2 2
left_child=2 -2 3 5 -5 -1
right_child=1 -3 -4 4 -6 -7
leaf_value=0.00073007989373337519 -0.06284127728541955 0.01732080398041216 0.16806360629437653 0.056785295189194618 -0.021561220764719096 -0.022816360334518181
leaf_weight=3093 88 128 123 381 97 356
leaf_count=3093 88 128 123 381 97 356
internal_value=0.000146804 -0.00623077 0.000494945 0.000117497 0.0042795 -0.00046381
internal_weight=4266 216 4050 3927 478 3449
internal_count=4266 216 4050 3927 478 3449
is_linear=0
shrinkage=0.06


Tree=58
num_leaves=7
num_cat=0
split_feature=21 24 10 24 25 25
split_gain=3.33859 5.43686 9.8902 5.61566 8.5367 5.53193
threshold=1.0000000180025095e-35 26.750000000000004 35.642857142857146 32.500000000000007 36.500000000000007 19.500000000000004
decision_type=2 2 2 2 2 2
left_child=1 5 3 -3 -5 -1
right_child=-2 2 -4 4 -6 -7
leaf_value=-0.018714286404916933 0.0047667031225818186 -0.0054913779636198432 0.00019101033783873065 -0.15051192351891518 -0.020687238112623338 0.039101441328361256
leaf_weight=112 2521 232 710 85 144 481
leaf_count=112 2521 232 710 85 144 481
internal_value=-0.000135664 -0.0021351 -0.0045 -0.0112918 -0.0178718 0.00252843
internal_weight=4285 1764 1171 461 229 593
internal_count=4285 1764 1171 461 229 593
is_linear=0
shrinkage=0.06


Tree=59
num_leaves=7
num_cat=0
split_feature=24 26 25 24 26 12
split_gain=2.71399 4.67281 9.6099 4.69277 7.01972 4.16248
threshold=21.250000000000004 22.500000000000004 23.500000000000004 26.750000000000004 24.500000000000004 26.482142857142861
decision_type=2 2 2 2 2 2
left_child=-1 2 5 -3 -5 -2
right_child=1 3 -4 4 -6 -7
leaf_value=0.04397631252041579 -0.0040171996548001229 0.043089282511456828 0.037062847401029553 -0.09068687173244952 0.00028010925227913927 -0.088469613618418916
leaf_weight=396 128 551 134 125 2829 95
leaf_count=396 128 551 134 125 2829 95
internal_value=0.000231527 -0.000255237 -0.00674586 0.000413675 -0.00053633 -0.0142632
internal_weight=4258 3862 357 3505 2954 223
internal_count=4258 3862 357 3505 2954 223
is_linear=0
shrinkage=0.06


Tree=60
num_leaves=7
num_cat=0
split_feature=19 26 26 24 25 30
split_gain=3.41928 3.18031 5.26584 3.54809 4.75347 5.932
threshold=-1.1428571428571439 54.500000000000007 49.500000000000007 37.500000000000007 33.500000000000007 4.5000000000000009
decision_type=2 2 2 2 2 2
left_child=-1 2 3 4 5 -2
right_child=1 -3 -4 -5 -6 -7
leaf_value=0.03342495783065183 -0.019760216845171839 -0.045802503811153146 0.14940978571828145 -0.010652489073578821 0.088561740335311667 0.0028338025281220247
leaf_weight=835 250 150 142 951 353 1583
leaf_count=835 250 150 142 951 353 1583
internal_value=0.000547435 -0.000291788 0.000104141 -0.000414386 0.00091602 -0.000316649
internal_weight=4264 3429 3279 3137 2186 1833
internal_count=4264 3429 3279 3137 2186 1833
is_linear=0
shrinkage=0.06


Tree=61
num_leaves=7
num_cat=0
split_feature=19 26 25 25 29 25
split_gain=3.97469 2.62318 6.09175 4.45727 2.45787 5.6348
threshold=-2.1428571428571401 54.500000000000007 56.500000000000007 46.500000000000007 5.5000000000000009 36.500000000000007
decision_type=2 2 2 2 2 2
left_child=-1 3 -3 4 -2 -6
right_child=1 2 -4 -5 5 -7
leaf_value=0.089671989421443124 0.00074489085557080334 -0.06328726108821188 0.0041278862168979908 0.074473614881230818 0.0012894489509375573 -0.082876513473653157
leaf_weight=297 3086 80 113 333 244 109
leaf_count=297 3086 80 113 333 244 109
internal_value=0.000357863 -0.000146599 -0.00687879 0.000205719 -0.000439024 -0.00514525
internal_weight=4262 3965 193 3772 3439 353
internal_count=4262 3965 193 3772 3439 353
is_linear=0
shrinkage=0.06


Tree=62
num_leaves=7
num_cat=0
split_feature=24 26 16 30 26 24
split_gain=2.99955 6.43812 5.29477 4.69479 7.26624 5.7208
threshold=40.750000000000007 40.250000000000007 7.5087224054517714 26.500000000000004 23.500000000000004 25.500000000000004
decision_type=2 2 2 2 2 2
left_child=1 3 -2 5 -5 -1
right_child=2 -3 -4 4 -6 -7
leaf_value=0.018132210341356439 0.060352892029603235 0.15501937410024627 -0.020663797391793057 -0.02686056191410148 0.076016250487144735 -0.0066709107500590769
leaf_weight=949 192 200 1055 85 250 1562
leaf_count=949 192 200 1055 85 250 1562
internal_value=0.000114472 0.00112979 -0.00235783 0.000388285 0.00700588 -0.000505564
internal_weight=4293 3046 1247 2846 335 2511
internal_count=4293 3046 1247 2846 335 2511
is_linear=0
shrinkage=0.06


Tree=63
num_leaves=7
num_cat=0
split_feature=24 26 26 26 26 26
split_gain=3.09764 4.4869 4.58076 3.9629 3.13277 2.63026
threshold=25.500000000000004 22.500000000000004 21.750000000000004 23.500000000000004 18.500000000000004 38.750000000000007
decision_type=2 2 2 2 2 2
left_child=1 2 4 -2 -1 -5
right_child=3 -3 -4 5 -6 -7
leaf_value=-0.0069585843449718725 -0.081581137126778336 0.038376281195456795 -0.014059909931806114 -0.0035774533550002497 0.019040317810076989 0.0083411159416074358
leaf_weight=157 147 457 150 1760 303 1330
leaf_count=157 147 457 150 1760 303 1330
internal_value=4.10768e-05 0.00283769 -0.000531707 -0.000882788 0.00244516 -0.000415832
internal_weight=4304 1067 610 3237 460 3090
internal_count=4304 1067 610 3237 460 3090
is_linear=0
shrinkage=0.06


Tree=64
num_leaves=7
num_cat=0
split_feature=24 26 30 26 24 11
split_gain=2.94547 6.06058 5.24734 6.12849 4.85517 6.1547
threshold=40.750000000000007 40.250000000000007 26.500000000000004 23.500000000000004 26.750000000000004 29.535714285714288
decision_type=2 2 2 2 2 2
left_child=1 2 4 -4 -1 -6
right_child=-2 -3 3 -5 5 -7
leaf_value=0.013651174003122199 -0.009318672293487186 0.14192089438850064 -0.023566147343039599 0.071768032096286641 -0.016054693651709275 0.0013150992505401148
leaf_weight=1083 1241 207 86 256 510 878
leaf_count=1083 1241 207 86 256 510 878
internal_value=0.000157525 0.00116926 0.000430092 0.00734006 -0.000537964 -0.0028837
internal_weight=4261 3020 2813 342 2471 1388
internal_count=4261 3020 2813 342 2471 1388
is_linear=0
shrinkage=0.06


Tree=65
num_leaves=7
num_cat=0
split_feature=27 32 24 26 24 26
split_gain=3.07122 4.56821 5.12101 8.08495 7.63142 7.06076
threshold=2.5000000000000004 7.5000000000000009 36.500000000000007 31.500000000000004 28.500000000000004 38.750000000000007
decision_type=2 2 2 2 2 2
left_child=1 -1 3 4 -3 -4
right_child=-2 2 5 -5 -6 -7
leaf_value=-0.040515060727687673 0.006447857854323686 0.004056487308530041 -0.09422988480535209 0.13064496696343209 -0.070228553830322102 0.0042628977310369054
leaf_weight=176 2429 842 184 224 213 211
leaf_count=176 2429 842 184 224 213 211
internal_value=0.000303922 -0.00153477 -0.000552114 0.00129439 -0.000916981 -0.00648
internal_weight=4279 1850 1674 1279 1055 395
internal_count=4279 1850 1674 1279 1055 395
is_linear=0
shrinkage=0.06


Tree=66
num_leaves=7
num_cat=1
split_feature=30 3 1 26 25 26
split_gain=2.29024 8.29055 8.21551 5.26715 4.89112 4.71989
threshold=7.5000000000000009 86.500000000000014 0 30.500000000000004 33.500000000000007 18.500000000000004
decision_type=2 2 1 2 2 2
left_child=1 -1 4 -4 -3 -2
right_child=5 2 3 -5 -6 -7
leaf_value=0.096474990385843409 -0.056375261857067392 -0.014957362566586398 0.0033308572059612194 -0.10199460118395176 0.048432497256930628 -0.00037166904008560485
leaf_weight=439 114 186 97 155 189 3093
leaf_count=439 114 186 97 155 189 3093
internal_value=0.000199158 0.00260224 -0.00182278 -0.0098764 0.0038 -0.000601494
internal_weight=4273 1066 627 252 375 3207
internal_count=4273 1066 627 252 375 3207
cat_boundaries=0 1
cat_threshold=19
is_linear=0
shrinkage=0.06


Tree=67
num_leaves=7
num_cat=0
split_feature=21 26 15 26 30 11
split_gain=2.29239 3.24504 3.74847 10.047 3.59167 2.86338
threshold=1.0000000180025095e-35 18.500000000000004 42.250000000000007 38.750000000000007 25.500000000000004 43.000000000000007
decision_type=2 2 2 2 2 2
left_child=-1 -2 5 -4 -5 -3
right_child=1 2 3 4 -6 -7
leaf_value=-0.0030497439280814209 -0.069521524971379159 0.008131324731249015 -0.079105234940967967 0.034963035504220433 -0.078630386804050961 0.10391024883533671
leaf_weight=1735 92 1665 125 379 93 152
leaf_count=1735 92 1665 125 379 93 152
internal_value=0.0003561 0.00151613 0.00194585 -0.00216279 0.0018805 0.00329967
internal_weight=4241 2506 2414 597 472 1817
internal_count=4241 2506 2414 597 472 1817
is_linear=0
shrinkage=0.06


Tree=68
num_leaves=7
num_cat=0
split_feature=26 25 26 24 16 30
split_gain=3.5621 5.72161 4.88843 2.82804 5.89289 5.14888
threshold=54.500000000000007 56.500000000000007 49.500000000000007 40.750000000000007 9.1261003434710926 26.500000000000004
decision_type=2 2 2 2 2 2
left_child=2 -2 3 4 5 -1
right_child=1 -3 -4 -5 -6 -7
leaf_value=-0.0021606929493393112 -0.056688297367995258 0.0057705401713460305 0.14968855052236249 -0.013079562097386893 0.057117366432555251 0.024655703646341266
leaf_weight=2199 83 126 185 861 556 271
leaf_count=2199 83 126 185 861 556 271
internal_value=5.87961e-05 -0.00748598 0.000455482 -3.08325e-06 0.000860112 -0.000398788
internal_weight=4281 209 4072 3887 3026 2470
internal_count=4281 209 4072 3887 3026 2470
is_linear=0
shrinkage=0.06


Tree=69
num_leaves=7
num_cat=0
split_feature=26 25 25 29 26 30
split_gain=3.04118 4.68341 3.99985 4.24569 7.16644 3.51571
threshold=54.500000000000007 59.500000000000007 46.500000000000007 5.5000000000000009 28.500000000000004 6.5000000000000009
decision_type=2 2 2 2 2 2
left_child=2 -2 3 -1 -5 -6
right_child=1 -3 -4 4 5 -7
leaf_value=0.0031543131341363259 -0.053286999525915563 0.042332738750195095 0.068310089427088896 0.073539837804055 -0.080111201006658528 -0.013385140346992851
leaf_weight=3269 111 101 398 152 80 161
leaf_count=3269 111 101 398 152 80 161
internal_value=0.000574468 -0.00634562 0.000943911 0.000318244 -0.00553266 -0.011878
internal_weight=4272 212 4060 3662 393 241
internal_count=4272 212 4060 3662 393 241
is_linear=0
shrinkage=0.06


Tree=70
num_leaves=7
num_cat=0
split_feature=20 24 30 24 25 24
split_gain=2.45444 2.41182 2.9867 3.8708 3.80624 3.6963
threshold=1.0000000180025095e-35 56.500000000000007 26.500000000000004 39.500000000000007 46.500000000000007 25.500000000000004
decision_type=2 2 2 2 2 2
left_child=1 2 4 -4 5 -1
right_child=-2 -3 3 -5 -6 -7
leaf_value=0.0064203436958634218 0.017805302988093928 -0.071761877227454904 0.038633739118474078 -0.027959076631088039 0.099476093213061903 -0.0083456237112523052
leaf_weight=824 659 151 273 126 302 1946
leaf_count=824 659 151 273 126 302 1946
internal_value=0.00014279 -0.000470637 -0.000141542 0.00470792 -0.000779006 -0.00148
internal_weight=4281 3622 3471 399 3072 2770
internal_count=4281 3622 3471 399 3072 2770
is_linear=0
shrinkage=0.06


Tree=71
num_leaves=7
num_cat=0
split_feature=13 25 30 26 15 24
split_gain=2.1328 4.42078 4.10888 2.82995 8.07284 4.93357
threshold=24.500000000000004 21.750000000000004 9.5000000000000018 38.750000000000007 43.250000000000007 38.750000000000007
decision_type=2 2 2 2 2 2
left_child=1 2 -1 4 -2 -5
right_child=3 -3 -4 5 -6 -7
leaf_value=0.033092184155667163 -0.00090688213348204087 0.065521483426590851 -0.055532764002217953 0.099751479613697694 -0.082920230975884496 0.0021467307599627983
leaf_weight=106 2269 391 151 153 80 1158
leaf_count=106 2269 391 151 153 80 1158
internal_value=0.000235799 0.0033951 -0.00267939 -0.000326603 -0.00157264 0.00190122
internal_weight=4308 648 257 3660 2349 1311
internal_count=4308 648 257 3660 2349 1311
is_linear=0
shrinkage=0.06


Tree=72
num_leaves=7
num_cat=0
split_feature=24 26 25 24 26 30
split_gain=2.31139 4.35215 7.40855 4.55229 4.16409 9.81793
threshold=21.750000000000004 22.500000000000004 23.500000000000004 26.750000000000004 38.750000000000007 25.500000000000004
decision_type=2 2 2 2 2 2
left_child=-1 2 -2 -3 5 -5
right_child=1 3 -4 4 -6 -7
leaf_value=0.016915903396640959 -0.013917647018126818 0.034340179336222909 0.03047553933986058 -0.012932795443838737 0.0059501531446218758 0.033408856776883836
leaf_weight=414 224 561 143 1390 1326 249
leaf_count=414 224 561 143 1390 1326 249
internal_value=-1.66976e-05 -0.00047255 -0.00664516 0.00017757 -0.000761616 -0.00278102
internal_weight=4307 3893 367 3526 2965 1639
internal_count=4307 3893 367 3526 2965 1639
is_linear=0
shrinkage=0.06


Tree=73
num_leaves=7
num_cat=0
split_feature=21 24 10 17 24 26
split_gain=3.03848 3.25702 6.78934 5.04346 4.89738 4.35324
threshold=1.0000000180025095e-35 26.750000000000004 35.642857142857146 6.7719679115958042 32.500000000000007 27.500000000000004
decision_type=2 2 2 2 2 2
left_child=1 3 4 -1 5 -3
right_child=-2 2 -4 -5 -6 -7
leaf_value=-0.012703015686558699 0.0044994956979938095 -0.077298615556613756 0.0013286040575563951 0.039884913610360596 -0.043609593332885409 0.016472610510250663
leaf_weight=252 2516 124 714 337 224 100
leaf_count=252 2516 124 714 337 224 100
internal_value=0.000234551 -0.00168109 -0.00351928 0.00193939 -0.0092649 -0.002869
internal_weight=4267 1751 1162 589 448 224
internal_count=4267 1751 1162 589 448 224
is_linear=0
shrinkage=0.06


Tree=74
num_leaves=7
num_cat=0
split_feature=24 26 24 27 30 24
split_gain=1.8733 3.09912 7.22298 3.21426 4.88623 4.48264
threshold=56.500000000000007 43.500000000000007 46.500000000000007 2.5000000000000004 4.5000000000000009 36.500000000000007
decision_type=2 2 2 2 2 2
left_child=1 2 3 5 -5 -1
right_child=-2 -3 -4 4 -6 -7
leaf_value=0.001161532314969802 -0.054626595293832993 0.076328359507845958 -0.16315319763095365 -0.015907556512504879 0.01243049921933927 -0.049522376043598652
leaf_weight=1426 196 552 118 172 1482 343
leaf_count=1426 196 552 118 172 1482 343
internal_value=0.000296227 0.000573939 -7.95262e-05 0.000432322 0.00233092 -0.00134273
internal_weight=4289 4093 3541 3423 1654 1769
internal_count=4289 4093 3541 3423 1654 1769
is_linear=0
shrinkage=0.06


Tree=75
num_leaves=7
num_cat=0
split_feature=17 24 25 30 25 25
split_gain=2.60286 3.28129 6.74954 5.96297 6.28584 3.79645
threshold=10.418835290625102 44.500000000000007 52.500000000000007 23.500000000000004 42.500000000000007 44.500000000000007
decision_type=2 2 2 2 2 2
left_child=1 5 3 4 -3 -1
right_child=-2 2 -4 -5 -6 -7
leaf_value=0.0011598394407229184 0.040250521573320652 0.035600065649557915 0.011150322373454155 -0.20518891147340412 -0.056463372117691202 0.15450762127741166
leaf_weight=3195 267 137 257 91 169 172
leaf_count=3195 267 137 257 91 169 172
internal_value=0.000208945 -0.000174367 -0.00404704 -0.00891045 -0.00471704 0.000581851
internal_weight=4288 4021 654 397 306 3367
internal_count=4288 4021 654 397 306 3367
is_linear=0
shrinkage=0.06


Tree=76
num_leaves=7
num_cat=1
split_feature=30 3 1 32 25 3
split_gain=2.29577 9.40582 6.20437 8.64821 4.8681 3.97636
threshold=7.5000000000000009 83.500000000000014 0 14.500000000000002 33.500000000000007 37.500000000000007
decision_type=2 2 1 2 2 2
left_child=1 -1 4 -4 -3 -2
right_child=5 2 3 -5 -6 -7
leaf_value=0.09938853777446166 -0.094492133292153238 -0.0183706969014686 -0.085499770613600964 -0.0079684422872485002 0.066444294608835358 -0.00022477912935622068
leaf_weight=417 126 93 97 307 169 3094
leaf_count=417 126 93 97 307 169 3094
internal_value=0.000302228 0.00268566 -0.0017392 -0.00629356 0.00529603 -0.000501395
internal_weight=4303 1083 666 404 262 3220
internal_count=4303 1083 666 404 262 3220
cat_boundaries=0 1
cat_threshold=3
is_linear=0
shrinkage=0.06


Tree=77
num_leaves=7
num_cat=0
split_feature=30 30 29 25 30 25
split_gain=2.2929 3.88437 5.19485 9.74435 5.03695 4.83843
threshold=2.5000000000000004 4.5000000000000009 3.5000000000000004 34.500000000000007 7.5000000000000009 41.500000000000007
decision_type=2 2 2 2 2 2
left_child=-1 2 -2 -4 5 -3
right_child=1 4 3 -5 -6 -7
leaf_value=0.012871978994634947 0.027489356319684466 0.10518582323662062 -0.10591351052729563 0.016634077865477406 -0.0012998048662908922 -0.038980640209929036
leaf_weight=295 121 340 91 99 3247 126
leaf_count=295 121 340 91 99 3247 126
internal_value=7.90934e-05 -0.000297096 -0.00668354 -0.0127538 0.000245293 0.00604459
internal_weight=4319 4024 311 190 3713 466
internal_count=4319 4024 311 190 3713 466
is_linear=0
shrinkage=0.06


Tree=78
num_leaves=7
num_cat=0
split_feature=26 26 26 17 24 24
split_gain=2.19801 4.44815 3.7098 2.8193 4.04924 3.85067
threshold=54.500000000000007 51.500000000000007 61.000000000000007 10.392964681200901 46.500000000000007 50.500000000000007
decision_type=2 2 2 2 2 2
left_child=1 3 -2 4 -1 -6
right_child=2 -3 -4 -5 5 -7
leaf_value=0.0015700016818346184 -0.050881357102539507 0.12718611499831772 0.028406522205778034 0.04205432980088257 -0.14027726919064376 0.00013956441986932687
leaf_weight=3466 138 121 81 239 129 121
leaf_count=3466 138 121 81 239 129 121
internal_value=0.000107442 0.000425631 -0.00567857 7.12121e-05 -0.000337812 -0.00763529
internal_weight=4295 4076 219 3955 3716 250
internal_count=4295 4076 219 3955 3716 250
is_linear=0
shrinkage=0.06


Tree=79
num_leaves=7
num_cat=0
split_feature=30 25 24 25 30 3
split_gain=2.4547 3.00711 2.86023 8.16492 4.47158 9.36627
threshold=2.5000000000000004 29.500000000000004 40.750000000000007 36.500000000000007 4.5000000000000009 89.500000000000014
decision_type=2 2 2 2 2 2
left_child=1 -1 3 4 5 -2
right_child=2 -3 -4 -5 -6 -7
leaf_value=-0.017560190423631435 0.0046119288164995706 0.052644789768164793 -0.012085327371767448 0.11383998508424921 0.0011879944375409724 -0.1149770840460391
leaf_weight=94 125 196 1155 471 2168 83
leaf_count=94 125 196 1155 471 2168 83
internal_value=9.70444e-05 0.00537966 -0.00029124 0.000730014 -0.000704326 -0.009
internal_weight=4292 290 4002 2847 2376 208
internal_count=4292 290 4002 2847 2376 208
is_linear=0
shrinkage=0.06


Tree=80
num_leaves=7
num_cat=1
split_feature=32 1 11 17 32 32
split_gain=2.3752 5.06034 3.28254 3.39544 6.33946 4.92852
threshold=19.500000000000004 0 43.464285714285722 7.4937701249111397 16.500000000000004 14.500000000000002
decision_type=2 1 2 2 2 2
left_child=2 -2 3 5 -5 -1
right_child=1 -3 -4 4 -6 -7
leaf_value=0.0013305042448756676 0.0031654384262453312 -0.039340313538295577 0.039863228324200396 -3.3180119606726064e-05 -0.073336223137233675 0.072068125174937159
leaf_weight=1034 703 463 454 1085 232 339
leaf_count=1034 703 463 454 1085 232 339
internal_value=0.000131402 -0.00217506 0.000989838 0.000188126 -0.00198336 0.00227286
internal_weight=4310 1166 3144 2690 1317 1373
internal_count=4310 1166 3144 2690 1317 1373
cat_boundaries=0 1
cat_threshold=11
is_linear=0
shrinkage=0.06


Tree=81
num_leaves=7
num_cat=0
split_feature=24 27 24 25 26 24
split_gain=2.67158 2.71337 3.54646 9.35712 6.91137 7.74297
threshold=56.500000000000007 2.5000000000000004 36.500000000000007 33.500000000000007 38.750000000000007 39.500000000000007
decision_type=2 2 2 2 2 2
left_child=1 2 3 -1 5 -4
right_child=-2 -3 4 -5 -6 -7
leaf_value=-0.0035368720945426046 -0.025153591344727992 0.0089885141119778987 -0.095004056975069945 0.13747136478257885 0.0034705319940033382 -0.040160259652221045
leaf_weight=1229 193 2243 80 197 210 116
leaf_count=1229 193 2243 80 197 210 116
internal_value=0.000532881 0.000863235 -0.000847578 0.000563941 -0.00575912 -0.0137164
internal_weight=4268 4075 1832 1426 406 196
internal_count=4268 4075 1832 1426 406 196
is_linear=0
shrinkage=0.06


Tree=82
num_leaves=7
num_cat=0
split_feature=17 24 24 3 26 32
split_gain=2.44374 3.04086 2.40535 4.16857 9.33684 7.21667
threshold=10.392964681200901 59.500000000000007 21.750000000000004 52.500000000000007 24.500000000000004 10.500000000000002
decision_type=2 2 2 2 2 2
left_child=1 2 -1 4 -4 -5
right_child=-2 -3 3 5 -6 -7
leaf_value=0.0091017391226491818 0.038677706926441527 -0.067073901218139054 -0.072373469636989346 0.065946420296420796 -0.00515890439015878 -0.00069311905566135309
leaf_weight=397 297 89 136 283 481 2583
leaf_count=397 297 89 136 283 481 2583
internal_value=0.000399672 3.01963e-06 0.000261776 -0.000244266 -0.00469775 0.000719958
internal_weight=4266 3969 3880 3483 617 2866
internal_count=4266 3969 3880 3483 617 2866
is_linear=0
shrinkage=0.06


Tree=83
num_leaves=7
num_cat=0
split_feature=24 30 30 25 26 24
split_gain=2.91724 2.9871 2.97502 6.30753 3.47746 5.557
threshold=21.750000000000004 2.5000000000000004 4.5000000000000009 33.500000000000007 22.500000000000004 24.500000000000004
decision_type=2 2 2 2 2 2
left_child=-1 -2 3 -3 -4 -6
right_child=1 2 4 -5 5 -7
leaf_value=0.013401866023227238 0.017533861828664028 -0.045750481174089648 -0.0065214792681306966 0.025407832583822929 0.035552159697813432 -0.00048699652036645003
leaf_weight=398 269 144 319 121 233 2808
leaf_count=398 269 144 319 121 233 2808
internal_value=0.000418199 -8.38677e-05 -0.000540496 -0.0066 -5.26003e-05 0.000575181
internal_weight=4292 3894 3625 265 3360 3041
internal_count=4292 3894 3625 265 3360 3041
is_linear=0
shrinkage=0.06


Tree=84
num_leaves=7
num_cat=1
split_feature=26 26 25 30 1 18
split_gain=2.33902 4.59597 4.34259 3.03988 4.1312 5.60691
threshold=54.500000000000007 51.500000000000007 56.500000000000007 7.5000000000000009 0 8.8862223175814936
decision_type=2 2 2 2 1 2
left_child=1 3 -2 4 -1 -6
right_child=2 -3 -4 -5 5 -7
leaf_value=0.11076137605508726 -0.049117817514077969 0.13232646115222749 0.0068893579333913603 -0.0011097327129796942 0.011750989922065854 -0.037172982363988395
leaf_weight=164 82 126 130 2932 671 137
leaf_count=164 82 126 130 2932 671 137
internal_value=0.000274782 0.000601487 -0.00579263 0.00022947 0.00312897 0.00123572
internal_weight=4242 4030 212 3904 972 808
internal_count=4242 4030 212 3904 972 808
cat_boundaries=0 1
cat_threshold=2
is_linear=0
shrinkage=0.06


Tree=85
num_leaves=7
num_cat=0
split_feature=24 27 16 24 25 24
split_gain=3.14258 2.73683 3.95649 6.07844 7.0224 6.88228
threshold=56.500000000000007 4.5000000000000009 10.458533914941137 36.500000000000007 33.500000000000007 28.500000000000004
decision_type=2 2 2 2 2 2
left_child=1 2 3 4 5 -1
right_child=-2 -3 -4 -5 -6 -7
leaf_value=0.0033098659430250477 -0.036757158283628945 0.021406898360150882 0.038260810520592048 -0.032543315929936825 0.1097684295068828 -0.023708240235023447
leaf_weight=1417 192 1038 411 532 210 461
leaf_count=1417 192 1038 411 532 210 461
internal_value=0.000410689 0.000768778 -0.000142292 -0.00100457 0.000457238 -0.000715348
internal_weight=4261 4069 3031 2620 2088 1878
internal_count=4261 4069 3031 2620 2088 1878
is_linear=0
shrinkage=0.06


Tree=86
num_leaves=7
num_cat=0
split_feature=26 25 25 24 30 30
split_gain=2.79616 4.92411 3.47549 5.03072 4.53859 3.13539
threshold=54.500000000000007 56.500000000000007 46.500000000000007 46.500000000000007 23.500000000000004 26.500000000000004
decision_type=2 2 2 2 2 2
left_child=2 -2 3 5 -4 -1
right_child=1 -3 4 -5 -6 -7
leaf_value=-0.00047267020293151329 -0.046134734300849196 0.008349120967413852 0.091316006837998204 -0.09358224982541162 -0.1324325793261395 0.01332136577419492
leaf_weight=3077 80 132 317 169 83 421
leaf_count=3077 80 132 317 169 83 421
internal_value=0.000289916 -0.00634562 0.00064391 6.04575e-05 0.00591852 0.000555809
internal_weight=4279 212 4067 3667 400 3498
internal_count=4279 212 4067 3667 400 3498
is_linear=0
shrinkage=0.06


Tree=87
num_leaves=7
num_cat=0
split_feature=20 26 26 29 26 26
split_gain=2.16424 2.70631 3.703 2.61493 4.25762 4.65375
threshold=1.0000000180025095e-35 54.500000000000007 51.500000000000007 5.5000000000000009 28.500000000000004 38.750000000000007
decision_type=2 2 2 2 2 2
left_child=1 2 3 -1 -5 -6
right_child=-2 -3 -4 4 5 -7
leaf_value=0.00026261336253773136 0.010844371929005243 -0.026025428649888268 0.12700095125718258 0.061085861318260708 -0.051633804895971788 -0.0062726529795470078
leaf_weight=2957 666 169 105 143 133 125
leaf_count=2957 666 169 105 143 133 125
internal_value=0.0003967 -0.000180643 0.000185121 -0.000168599 -0.00468473 -0.00922814
internal_weight=4298 3632 3463 3358 401 258
internal_count=4298 3632 3463 3358 401 258
is_linear=0
shrinkage=0.06


Tree=88
num_leaves=7
num_cat=0
split_feature=30 3 19 24 3 30
split_gain=2.53764 3.4638 3.04146 3.10387 3.03856 2.73382
threshold=7.5000000000000009 38.500000000000007 0.71428571428571364 54.500000000000007 115.50000000000001 15.500000000000002
decision_type=2 2 2 2 2 2
left_child=4 -2 -3 5 -1 -4
right_child=1 2 3 -5 -6 -7
leaf_value=0.025648202420197597 -0.076619817379757496 0.0051563276492664501 -0.010557486125596486 -0.046844046743441795 -0.0021291456524641082 0.0028459992652259112
leaf_weight=664 157 1710 497 98 437 761
leaf_count=664 157 1710 497 98 437 761
internal_value=0.000623008 -0.000226766 0.000223706 -0.00189346 0.00310307 -0.00106651
internal_weight=4324 3223 3066 1356 1101 1258
internal_count=4324 3223 3066 1356 1101 1258
is_linear=0
shrinkage=0.06


Tree=89
num_leaves=7
num_cat=0
split_feature=30 3 17 25 27 25
split_gain=1.91668 4.12565 4.38575 3.6459 3.50693 3.28654
threshold=7.5000000000000009 83.500000000000014 10.392964681200901 33.500000000000007 5.5000000000000009 20.750000000000004
decision_type=2 2 2 2 2 2
left_child=1 3 4 -1 -3 -2
right_child=5 2 -4 -5 -6 -7
leaf_value=0.011743402389097529 -0.057269574618234911 -0.00040659651290526287 0.04392561927696844 0.13195262033412536 -0.042520874627319856 0.00047157756632039134
leaf_weight=256 230 500 83 150 82 2993
leaf_count=256 230 500 83 150 82 2993
internal_value=0.000299372 0.00249257 -0.000420896 0.00721898 -0.00229472 -0.000431227
internal_weight=4294 1071 665 406 582 3223
internal_count=4294 1071 665 406 582 3223
is_linear=0
shrinkage=0.06


Tree=90
num_leaves=7
num_cat=0
split_feature=24 26 25 24 30 30
split_gain=2.49366 7.10842 6.90146 4.25064 8.53651 7.26002
threshold=36.500000000000007 31.500000000000004 35.500000000000007 24.500000000000004 26.500000000000004 22.500000000000004
decision_type=2 2 2 2 2 2
left_child=1 3 -2 -1 5 -5
right_child=2 -3 -4 4 -6 -7
leaf_value=0.008340426027957773 -0.093402876365025964 0.053722145717806771 -0.00015768420306096374 -0.007196733319438659 0.067489904539833542 -0.080110269734672043
leaf_weight=891 161 532 1545 860 130 129
leaf_count=891 161 532 1545 860 130 129
internal_value=0.000493064 0.00168316 -0.0012782 4.31762e-05 -0.00241281 -0.00432797
internal_weight=4248 2542 1706 2010 1119 989
internal_count=4248 2542 1706 2010 1119 989
is_linear=0
shrinkage=0.06


Tree=91
num_leaves=7
num_cat=0
split_feature=24 26 26 3 26 32
split_gain=2.53178 3.83421 6.70696 3.34777 8.70583 5.66055
threshold=24.500000000000004 22.500000000000004 21.750000000000004 52.500000000000007 27.500000000000004 10.500000000000002
decision_type=2 2 2 2 2 2
left_child=1 2 -1 4 -2 -5
right_child=3 -3 -4 5 -6 -7
leaf_value=0.005545275063702104 -0.14005589518172065 0.03246152565795285 -0.029675112398948982 0.061481711919202847 -0.0033141464952181443 -0.0009146947608038203
leaf_weight=417 104 365 125 233 419 2630
leaf_count=417 104 365 125 233 419 2630
internal_value=0.000463471 0.00326974 4.93601e-05 -0.000291065 -0.00468182 0.000516736
internal_weight=4293 907 542 3386 523 2863
internal_count=4293 907 542 3386 523 2863
is_linear=0
shrinkage=0.06


Tree=92
num_leaves=7
num_cat=0
split_feature=24 25 24 30 16 24
split_gain=2.86376 3.2901 4.78492 4.7826 4.6998 3.11869
threshold=25.500000000000004 28.500000000000004 29.500000000000004 2.5000000000000004 7.6528083759644412 40.750000000000007
decision_type=2 2 2 2 2 2
left_child=-1 2 4 -3 -2 -5
right_child=1 3 -4 5 -6 -7
leaf_value=0.0062374044449022758 -0.051164217649851622 0.046473023520171242 -0.025232484593977152 0.0048071087105468011 0.058819966772385879 -0.010094850490050608
leaf_weight=1071 257 191 175 1302 152 1162
leaf_count=1071 257 191 175 1302 152 1162
internal_value=0.000367787 -0.000521578 -0.00457895 0.000376692 -0.000971014 -0.000339004
internal_weight=4310 3239 584 2655 409 2464
internal_count=4310 3239 584 2655 409 2464
is_linear=0
shrinkage=0.06


Tree=93
num_leaves=7
num_cat=0
split_feature=24 25 25 17 12 24
split_gain=2.88593 6.4179 5.00957 6.04686 6.15845 4.86246
threshold=32.500000000000007 33.500000000000007 36.500000000000007 7.5467854905237521 32.017857142857153 36.500000000000007
decision_type=2 2 2 2 2 2
left_child=1 -1 -2 -4 -5 -6
right_child=2 -3 3 4 5 -7
leaf_value=0.0023266479274664364 -0.015276344539486456 0.12169525160643445 0.075405343066886302 -0.050008315705758012 0.14733440097014655 -0.0023663155900922384
leaf_weight=1903 628 139 241 101 83 1188
leaf_count=1903 628 139 241 101 83 1188
internal_value=0.000611474 0.00224084 -0.000873553 0.000897404 -0.000651416 0.000503135
internal_weight=4283 2042 2241 1613 1372 1271
internal_count=4283 2042 2241 1613 1372 1271
is_linear=0
shrinkage=0.06


Tree=94
num_leaves=7
num_cat=0
split_feature=26 25 26 14 30 16
split_gain=2.74725 4.52883 2.74491 2.54974 5.07212 2.51618
threshold=54.500000000000007 56.500000000000007 51.500000000000007 23.750000000000004 9.5000000000000018 10.604355211183575
decision_type=2 2 2 2 2 2
left_child=2 -2 3 4 -1 -5
right_child=1 -3 -4 5 -6 -7
leaf_value=0.046912291495692052 -0.038046299158529862 0.0054834624832394941 0.11309516303444923 -0.0017161513092256264 -0.011191961839552718 0.015401504372589709
leaf_weight=241 82 131 124 2993 258 457
leaf_count=241 82 131 124 2993 258 457
internal_value=0.000313913 -0.00624771 0.000665032 0.000382398 0.00436905 -0.000198842
internal_weight=4286 213 4073 3949 499 3450
internal_count=4286 213 4073 3949 499 3450
is_linear=0
shrinkage=0.06


Tree=95
num_leaves=7
num_cat=0
split_feature=20 26 25 30 24 14
split_gain=2.78836 2.56346 2.57788 3.95684 3.46423 7.15919
threshold=1.0000000180025095e-35 54.500000000000007 46.500000000000007 13.500000000000002 36.500000000000007 35.750000000000007
decision_type=2 2 2 2 2 2
left_child=1 2 4 -4 5 -1
right_child=-2 -3 3 -5 -6 -7
leaf_value=-0.0013442344152315309 0.010408691778276479 -0.019686546791374687 0.13521204922673272 -0.0035809135060615917 -0.013824460813144486 0.11436805286483787
leaf_weight=1898 660 178 159 176 960 266
leaf_count=1898 660 178 159 176 960 266
internal_value=0.000211994 -0.000439868 -7.27483e-05 0.00488824 -0.000612656 0.000717842
internal_weight=4297 3637 3459 335 3124 2164
internal_count=4297 3637 3459 335 3124 2164
is_linear=0
shrinkage=0.06


Tree=96
num_leaves=7
num_cat=0
split_feature=14 26 12 26 24 14
split_gain=2.18781 3.62729 2.96066 3.16406 3.04909 3.24771
threshold=22.750000000000004 18.500000000000004 24.982142857142858 21.750000000000004 25.500000000000004 27.250000000000004
decision_type=2 2 2 2 2 2
left_child=-1 -2 3 -3 5 -4
right_child=1 2 4 -5 -6 -7
leaf_value=0.012591072124051937 -0.059010029128894775 0.0035711356103399036 0.028581671547393613 -0.063876975946735082 -0.000458828128944555 -0.018374172780853047
leaf_weight=342 93 95 442 101 3057 175
leaf_count=342 93 95 442 101 3057 175
internal_value=0.000350812 -4.83871e-05 0.000239226 -0.00685075 0.000627073 0.00445659
internal_weight=4305 3963 3870 196 3674 617
internal_count=4305 3963 3870 196 3674 617
is_linear=0
shrinkage=0.06


Tree=97
num_leaves=7
num_cat=0
split_feature=24 27 24 16 26 24
split_gain=2.56357 2.94476 5.4805 8.50713 7.51644 3.04393
threshold=61.000000000000007 1.5000000000000002 36.500000000000007 9.4276687484329234 38.750000000000007 26.750000000000004
decision_type=2 2 2 2 2 2
left_child=1 2 3 -1 -4 -3
right_child=-2 5 4 -5 -6 -7
leaf_value=-0.004075558562731698 -0.034903204572151042 0.029763837914571944 -0.10092536028633509 0.084919884502858312 -0.00059586813140705098 0.0014269469607489048
leaf_weight=817 108 654 113 184 136 2268
leaf_count=817 108 654 113 184 136 2268
internal_value=0.000447375 0.000688772 -0.00174263 0.000250497 -0.00961417 0.00173112
internal_weight=4280 4172 1250 1001 249 2922
internal_count=4280 4172 1250 1001 249 2922
is_linear=0
shrinkage=0.06


Tree=98
num_leaves=7
num_cat=1
split_feature=20 26 27 16 32 1
split_gain=2.3491 2.19238 2.73063 3.70463 2.90174 2.58487
threshold=1.0000000180025095e-35 54.500000000000007 2.5000000000000004 10.113626585678356 20.500000000000004 0
decision_type=2 2 2 2 2 1
left_child=1 2 3 -1 -5 -4
right_child=-2 -3 5 4 -6 -7
leaf_value=-0.0055674458242003094 0.011137019754855093 -0.022346886758545556 0.075207632061769003 0.053586040936204372 -0.047718459123395784 0.0026397433587096631
leaf_weight=1309 664 180 313 149 109 1562
leaf_count=1309 664 180 313 149 109 1562
internal_value=0.000495689 -0.0001067 0.000234117 -0.00161069 0.00489354 0.00177766
internal_weight=4286 3622 3442 1567 258 1875
internal_count=4286 3622 3442 1567 258 1875
cat_boundaries=0 1
cat_threshold=2
is_linear=0
shrinkage=0.06


Tree=99
num_leaves=7
num_cat=0
split_feature=24 3 26 32 30 30
split_gain=2.83403 3.28336 7.5037 6.07498 3.2521 3.59107
threshold=21.250000000000004 52.500000000000007 24.500000000000004 10.500000000000002 20.500000000000004 13.500000000000002
decision_type=2 2 2 2 2 2
left_child=-1 2 -2 -3 5 -4
right_child=1 3 4 -5 -6 -7
leaf_value=0.011709228595205408 -0.054995151868298717 0.051666021976847304 -0.016009633233785743 -0.00082632039490569513 -0.017760770138974234 0.16151959670421581
leaf_weight=401 144 273 223 2988 130 136
leaf_count=401 144 273 223 2988 130 136
internal_value=0.000135349 -0.000360862 -0.00429781 0.000407838 -0.000692308 0.00225824
internal_weight=4295 3894 633 3261 489 359
internal_count=4295 3894 633 3261 489 359
is_linear=0
shrinkage=0.06


Tree=100
num_leaves=7
num_cat=0
split_feature=24 25 24 25 3 24
split_gain=3.298 5.56295 5.29731 5.26303 4.50259 3.57357
threshold=32.500000000000007 36.500000000000007 36.500000000000007 33.500000000000007 152.50000000000003 34.500000000000007
decision_type=2 2 2 2 2 2
left_child=3 5 -3 -1 -4 -2
right_child=1 2 4 -5 -6 -7
leaf_value=0.0022105403273677579 -0.025878025866856415 0.13506799299581795 0.002250795085712287 0.08787334768613897 -0.05499706219458525 -0.0067461921963704449
leaf_weight=1896 247 145 1341 144 144 384
leaf_count=1896 247 145 1341 144 144 384
internal_value=0.000657687 -0.0009188 0.000933945 0.0024044 -0.000148993 -0.00567925
internal_weight=4301 2261 1630 2040 1485 631
internal_count=4301 2261 1630 2040 1485 631
is_linear=0
shrinkage=0.06


Tree=101
num_leaves=7
num_cat=0
split_feature=14 30 15 24 11 25
split_gain=2.67274 3.8055 2.93264 3.46029 3.09138 3.03202
threshold=23.750000000000004 9.5000000000000018 25.250000000000004 22.500000000000004 27.410714285714288 24.500000000000004
decision_type=2 2 2 2 2 2
left_child=1 -1 3 -2 -4 -5
right_child=2 -3 4 5 -6 -7
leaf_value=0.03971722251313 0.0090281204776990875 -0.0042348413979530816 0.070185725874983632 -0.057583950349748961 0.00046864305083987867 -0.0051712138236748896
leaf_weight=241 129 262 80 111 3232 205
leaf_count=241 129 262 80 111 3232 205
internal_value=0.00060422 0.00468898 5.10367e-05 -0.00449333 0.000668375 -0.00784112
internal_weight=4260 503 3757 445 3312 316
internal_count=4260 503 3757 445 3312 316
is_linear=0
shrinkage=0.06


Tree=102
num_leaves=7
num_cat=0
split_feature=20 24 14 26 14 23
split_gain=1.99576 2.41834 6.32625 5.07365 5.13672 6.4363
threshold=1.0000000180025095e-35 36.500000000000007 35.750000000000007 38.750000000000007 40.750000000000007 1.0000000180025095e-35
decision_type=2 2 2 2 2 2
left_child=1 2 -1 4 5 -3
right_child=-2 3 -4 -5 -6 -7
leaf_value=7.0217033567376847e-05 0.0096400133445620467 -0.037390208036628798 0.11789239480453727 0.00044944263002199224 -0.077425139233672141 0.044923365652241337
leaf_weight=1905 669 147 275 1032 150 114
leaf_count=1905 669 147 275 1032 150 114
internal_value=0.000669537 0.000110805 0.00137162 -0.00179006 -0.00738462 -0.00218797
internal_weight=4292 3623 2180 1443 411 261
internal_count=4292 3623 2180 1443 411 261
is_linear=0
shrinkage=0.06


Tree=103
num_leaves=7
num_cat=0
split_feature=24 3 26 32 27 26
split_gain=2.052 2.79617 7.72155 4.94015 4.039 5.31606
threshold=21.750000000000004 53.500000000000007 24.500000000000004 10.500000000000002 1.5000000000000002 34.500000000000007
decision_type=2 2 2 2 2 2
left_child=-1 2 -2 -3 -4 -6
right_child=1 3 4 -5 5 -7
leaf_value=0.0084856521220426535 -0.055658010778227573 0.047484559400103842 -0.054743665918064489 0.00040043510997318066 0.031269045178858118 -0.02043305901207371
leaf_weight=400 141 260 93 2990 200 220
leaf_count=400 141 260 93 2990 200 220
internal_value=0.000667672 0.00024482 -0.00331866 0.00096682 0.000138996 0.00267529
internal_weight=4304 3904 654 3250 513 420
internal_count=4304 3904 654 3250 513 420
is_linear=0
shrinkage=0.06


Tree=104
num_leaves=7
num_cat=0
split_feature=24 26 18 25 24 17
split_gain=2.37486 7.37766 3.65787 3.98867 6.95672 4.37429
threshold=28.500000000000004 24.500000000000004 6.2798229835863646 36.500000000000007 36.500000000000007 7.5467854905237521
decision_type=2 2 2 2 2 2
left_child=-1 -2 -3 -4 -5 -6
right_child=1 2 3 4 5 -7
leaf_value=0.0045036696421708244 -0.11027526924137046 0.067485651349073375 -0.00576818740450685 0.12815756535172884 0.05863964374940378 -0.0028035954649533765
leaf_weight=1497 82 128 941 176 180 1287
leaf_count=1497 82 128 941 176 180 1287
internal_value=0.000680168 -0.000352626 0.000197644 -0.000300116 0.0014818 0.000110054
internal_weight=4291 2794 2712 2584 1643 1467
internal_count=4291 2794 2712 2584 1643 1467
is_linear=0
shrinkage=0.06


Tree=105
num_leaves=7
num_cat=0
split_feature=14 30 3 32 11 14
split_gain=1.70457 5.09734 2.25216 2.3969 2.36015 1.71426
threshold=23.750000000000004 9.5000000000000018 52.500000000000007 10.500000000000002 38.107142857142868 47.750000000000007
decision_type=2 2 2 2 2 2
left_child=1 -1 -2 4 -4 -5
right_child=2 -3 3 5 -6 -7
leaf_value=0.038970338012176621 -0.012726537938834727 -0.013105101075710623 -0.0026297303587991291 -0.0001660518255541965 0.071086022115085884 0.019997154064540251
leaf_weight=239 522 260 81 2896 128 160
leaf_count=239 522 260 81 2896 128 160
internal_value=0.000495689 0.00377381 5.85443e-05 0.000645872 0.00678505 0.000214636
internal_weight=4286 499 3787 3265 209 3056
internal_count=4286 499 3787 3265 209 3056
is_linear=0
shrinkage=0.06


Tree=106
num_leaves=7
num_cat=0
split_feature=24 25 14 25 24 24
split_gain=2.06053 3.11498 4.18591 2.72027 7.31707 3.35995
threshold=25.500000000000004 21.750000000000004 27.750000000000004 36.500000000000007 36.500000000000007 38.750000000000007
decision_type=2 2 2 2 2 2
left_child=1 -1 -3 5 -5 -2
right_child=3 2 -4 4 -6 -7
leaf_value=-0.002953608170851189 -0.0015727119673682643 0.02593884283554217 -0.022391981888505455 0.12121339213698201 -0.00037075549717781043 -0.10486496347131409
leaf_weight=376 1444 555 95 180 1444 131
leaf_count=376 1444 555 95 180 1444 131
internal_value=0.000428369 0.0027614 0.0052626 -0.000322097 0.00139779 -0.0020962
internal_weight=4225 1026 650 3199 1624 1575
internal_count=4225 1026 650 3199 1624 1575
is_linear=0
shrinkage=0.06


Tree=107
num_leaves=7
num_cat=0
split_feature=22 27 26 30 26 7
split_gain=2.17394 2.39235 2.19449 2.9924 3.32987 2.92607
threshold=1.0000000180025095e-35 1.0000000180025095e-35 43.500000000000007 18.500000000000004 25.500000000000004 31.500000000000004
decision_type=2 2 2 2 2 2
left_child=-1 -2 3 4 -3 -5
right_child=1 2 -4 5 -6 -7
leaf_value=-0.00059473418457326789 0.065187900504186491 0.12235724896821121 0.041031669595993546 0.0069103060734611145 -0.0049627377831022602 -0.061398808628295977
leaf_weight=3634 91 113 114 84 160 104
leaf_count=3634 91 113 114 84 160 104
internal_value=0.000389547 0.00352757 0.00203793 0.000154506 0.00414388 -0.00558031
internal_weight=4300 666 575 461 273 188
internal_count=4300 666 575 461 273 188
is_linear=0
shrinkage=0.06


Tree=108
num_leaves=7
num_cat=1
split_feature=3 32 26 1 30 30
split_gain=2.09963 3.44986 4.13263 2.90988 2.87383 4.92693
threshold=52.500000000000007 10.500000000000002 18.500000000000004 0 20.500000000000004 23.500000000000004
decision_type=2 2 2 1 2 2
left_child=4 3 -3 -2 -1 -6
right_child=1 2 -4 -5 5 -7
leaf_value=-0.0010406779142536982 -0.00049155882724040813 -0.056136247024285997 0.00072778049804365528 0.063944439430911465 -0.042501689213872068 0.0025415442559138766
leaf_weight=593 126 82 3066 216 92 93
leaf_count=593 126 82 3066 216 92 93
internal_value=0.000167798 0.000797425 0.000170314 0.0064755 -0.00263985 -0.00906316
internal_weight=4268 3490 3148 342 778 185
internal_count=4268 3490 3148 342 778 185
cat_boundaries=0 1
cat_threshold=17
is_linear=0
shrinkage=0.06


Tree=109
num_leaves=7
num_cat=0
split_feature=24 25 30 11 17 24
split_gain=2.25118 5.35863 4.42831 4.32523 5.12625 3.61439
threshold=41.500000000000007 36.500000000000007 3.5000000000000004 46.464285714285722 7.5467854905237521 33.500000000000007
decision_type=2 2 2 2 2 2
left_child=1 5 -2 4 -4 -1
right_child=2 -3 3 -5 -6 -7
leaf_value=0.0014765332170320255 0.031200652406337032 0.044424864460475152 0.039422374215121493 0.0073603276069013025 -0.042553822358994436 -0.027941262404652906
leaf_weight=2125 85 609 107 315 616 440
leaf_count=2125 85 609 107 315 616 440
internal_value=0.00032357 0.00114092 -0.00197872 -0.00307478 -0.00562088 -6.3035e-05
internal_weight=4297 3174 1123 1038 723 2565
internal_count=4297 3174 1123 1038 723 2565
is_linear=0
shrinkage=0.06


Tree=110
num_leaves=7
num_cat=0
split_feature=24 26 16 24 30 25
split_gain=1.80137 5.33083 4.12058 4.59488 3.65218 3.70899
threshold=40.750000000000007 40.250000000000007 8.5759898382035562 36.500000000000007 2.5000000000000004 52.500000000000007
decision_type=2 2 2 2 2 2
left_child=1 2 -1 -4 -2 -6
right_child=4 -3 3 -5 5 -7
leaf_value=-0.0015010411331232219 0.029745273483046737 0.089270044191898115 0.042368044952926974 -0.028706620927618817 -0.023468801901304664 0.012252565590482404
leaf_weight=2056 90 199 645 146 849 321
leaf_count=2056 90 199 645 146 849 321
internal_value=0.000340292 0.00112979 0.000456522 0.00412312 -0.00156285 -0.00247404
internal_weight=4306 3046 2847 791 1260 1170
internal_count=4306 3046 2847 791 1260 1170
is_linear=0
shrinkage=0.06


Tree=111
num_leaves=7
num_cat=0
split_feature=25 26 26 26 26 24
split_gain=1.6514 4.12061 2.92953 3.3222 4.54418 4.21839
threshold=62.500000000000007 54.500000000000007 51.500000000000007 46.500000000000007 43.500000000000007 46.500000000000007
decision_type=2 2 2 2 2 2
left_child=1 2 3 4 5 -1
right_child=-2 -3 -4 -5 -6 -7
leaf_value=0.00077573804296478417 0.10289959947689971 -0.033653558738458197 0.10863698843919783 -0.036529847029088049 0.084147536642971602 -0.12181962889497924
leaf_weight=3427 86 131 124 193 225 115
leaf_count=3427 86 131 124 193 225 115
internal_value=0.000211797 3.83886e-05 0.000380778 9.00378e-05 0.000488335 -4.14435e-05
internal_weight=4301 4215 4084 3960 3767 3542
internal_count=4301 4215 4084 3960 3767 3542
is_linear=0
shrinkage=0.06


Tree=112
num_leaves=7
num_cat=0
split_feature=24 25 24 30 25 24
split_gain=2.24822 2.97767 5.12931 6.16568 2.7919 5.02625
threshold=61.000000000000007 52.500000000000007 46.500000000000007 21.500000000000004 36.500000000000007 36.500000000000007
decision_type=2 2 2 2 2 2
left_child=1 2 4 -4 -1 -6
right_child=-2 -3 3 -5 5 -7
leaf_value=-0.00040180329411705683 -0.020467275301122887 0.040631556612151024 -0.0053122537712739226 -0.18745954694988023 0.10598878610294561 0.004483663564867779
leaf_weight=2596 114 222 218 85 190 836
leaf_count=2596 114 222 218 85 190 836
internal_value=0.000340366 0.000573699 0.00018626 -0.00724675 0.000818031 0.00345975
internal_weight=4261 4147 3925 303 3622 1026
internal_count=4261 4147 3925 303 3622 1026
is_linear=0
shrinkage=0.06


Tree=113
num_leaves=7
num_cat=1
split_feature=14 15 11 26 1 25
split_gain=1.8419 2.49711 4.44355 3.40285 2.58076 2.54735
threshold=47.750000000000007 42.250000000000007 43.464285714285722 38.750000000000007 0 48.500000000000007
decision_type=2 2 2 2 1 2
left_child=1 2 -1 -3 -5 -6
right_child=-2 3 -4 4 5 -7
leaf_value=0.00045057252068863901 0.014414629225113558 -0.03851734294337078 0.060300910706789161 0.010153107047797573 -0.13627439270227487 0.00272251336925466
leaf_weight=3379 159 140 161 280 113 85
leaf_count=3379 159 140 161 280 113 85
internal_value=0.000238778 -6.48571e-06 0.000608463 -0.00351043 -0.00104969 -0.00604225
internal_weight=4317 4158 3540 618 478 198
internal_count=4317 4158 3540 618 478 198
cat_boundaries=0 1
cat_threshold=2
is_linear=0
shrinkage=0.06


Tree=114
num_leaves=7
num_cat=0
split_feature=24 25 16 25 21 25
split_gain=1.89161 5.04671 3.27225 3.2556 2.79403 2.71548
threshold=46.500000000000007 48.500000000000007 8.3280905237921399 43.500000000000007 1.0000000180025095e-35 33.500000000000007
decision_type=2 2 2 2 2 2
left_child=5 3 -3 -2 -4 -1
right_child=1 2 4 -5 -6 -7
leaf_value=-0.00083017792851540647 -0.0067131119229126247 0.11822268999277402 -0.031655369623835 -0.15285706099828433 0.0071876021377995959 0.010003707251719311
leaf_weight=2252 112 93 101 85 247 1386
leaf_count=2252 112 93 101 85 247 1386
internal_value=0.000251577 -0.00274806 0.000834081 -0.010604 -0.00186119 0.000781499
internal_weight=4276 638 441 197 348 3638
internal_count=4276 638 441 197 348 3638
is_linear=0
shrinkage=0.06


Tree=115
num_leaves=7
num_cat=0
split_feature=14 26 12 24 3 25
split_gain=2.08734 3.08189 2.65552 3.61798 3.38821 2.88888
threshold=22.750000000000004 18.500000000000004 24.875000000000004 25.500000000000004 143.50000000000003 33.500000000000007
decision_type=2 2 2 2 2 2
left_child=-1 -2 -3 4 -4 -5
right_child=1 2 3 5 -6 -7
leaf_value=0.014592574269498691 -0.046816244781111092 -0.029739358004766032 0.021270223671215924 -0.0054033519258672984 -0.10675340634979699 0.0017310640330142134
leaf_weight=335 87 180 548 1054 81 1990
leaf_count=335 87 180 548 1054 81 1990
internal_value=2.38318e-05 -0.000364259 -0.000104199 0.000247961 0.00437224 -0.000609052
internal_weight=4275 3940 3853 3673 629 3044
internal_count=4275 3940 3853 3673 629 3044
is_linear=0
shrinkage=0.06


Tree=116
num_leaves=7
num_cat=0
split_feature=24 27 24 24 25 24
split_gain=2.13242 2.26265 3.696 3.23071 8.38331 6.04882
threshold=61.000000000000007 4.5000000000000009 31.500000000000004 36.500000000000007 33.500000000000007 28.500000000000004
decision_type=2 2 2 2 2 2
left_child=1 3 -3 4 5 -1
right_child=-2 2 -4 -5 -6 -7
leaf_value=0.0018325481619723982 -0.015845610376202579 0.10051946971145606 0.0034835231226504068 -0.014378498109901447 0.081026492200236708 -0.015339935398463175
leaf_weight=1417 116 124 990 825 295 506
leaf_count=1417 116 124 990 825 295 506
internal_value=0.000437588 0.000666026 0.00297319 -0.000181102 0.0010108 -0.000441909
internal_weight=4273 4157 1114 3043 2218 1923
internal_count=4273 4157 1114 3043 2218 1923
is_linear=0
shrinkage=0.06


Tree=117
num_leaves=7
num_cat=0
split_feature=24 26 11 30 26 30
split_gain=2.13027 3.74345 3.2335 2.94701 2.93228 3.16555
threshold=26.750000000000004 24.500000000000004 28.892857142857146 3.5000000000000004 26.750000000000004 27.500000000000004
decision_type=2 2 2 2 2 2
left_child=3 2 -2 -1 5 -5
right_child=1 -3 -4 4 -6 -7
leaf_value=-0.030949552755609705 -0.056668408698849558 -3.2485660675978245e-05 -0.0032070733544225624 0.0078022106315389838 0.15018262183450251 -0.029622672441623185
leaf_weight=137 83 2803 90 896 151 81
leaf_count=137 83 2803 90 896 151 81
internal_value=0.000313707 -0.000562563 -0.009 0.00237165 0.00338658 0.00215071
internal_weight=4241 2976 173 1265 1128 977
internal_count=4241 2976 173 1265 1128 977
is_linear=0
shrinkage=0.06


Tree=118
num_leaves=7
num_cat=0
split_feature=27 24 17 25 15 30
split_gain=1.81672 5.86396 8.71083 5.30163 3.14568 3.63917
threshold=1.5000000000000002 36.500000000000007 8.8431073875793604 38.750000000000007 33.250000000000007 17.500000000000004
decision_type=2 2 2 2 2 2
left_child=1 2 4 -3 5 -1
right_child=-2 3 -4 -5 -6 -7
leaf_value=0.005687756099755012 0.0021237088957914408 -0.076785317815087947 0.06827262279579982 -0.01364739874998043 -0.042413953068666799 -0.017746897870754976
leaf_weight=414 3054 102 197 143 155 228
leaf_count=414 3054 102 197 143 155 228
internal_value=0.000379711 -0.00155305 0.000507508 -0.009768 -0.00229676 -0.000412674
internal_weight=4293 1239 994 245 797 642
internal_count=4293 1239 994 245 797 642
is_linear=0
shrinkage=0.06


Tree=119
num_leaves=7
num_cat=0
split_feature=24 25 30 30 25 25
split_gain=1.78116 3.98972 3.00765 3.3219 2.87291 2.52383
threshold=46.500000000000007 48.500000000000007 15.500000000000002 24.500000000000004 54.500000000000007 36.500000000000007
decision_type=2 2 2 2 2 2
left_child=5 -2 4 -4 -3 -1
right_child=1 2 3 -5 -6 -7
leaf_value=-0.00074719523456415302 -0.089107206849213375 0.13006423457069727 -0.031401351192391257 0.01187755935544009 0.00013868781929750939 0.015981253131648967
leaf_weight=2584 206 81 121 98 132 1032
leaf_count=2584 206 81 121 98 132 1032
internal_value=0.000161305 -0.00274806 0.000542334 -0.00433929 0.00555963 0.000678542
internal_weight=4254 638 432 219 213 3616
internal_count=4254 638 432 219 213 3616
is_linear=0
shrinkage=0.06


Tree=120
num_leaves=7
num_cat=1
split_feature=24 26 24 26 16 1
split_gain=1.88315 2.49822 1.97886 4.01042 3.41688 4.57546
threshold=61.000000000000007 57.500000000000007 40.750000000000007 40.250000000000007 6.9624845045565786 0
decision_type=2 2 2 2 2 1
left_child=1 2 3 -1 -4 -6
right_child=-2 -3 4 -5 5 -7
leaf_value=0.00093795363768832017 -0.017293011940844979 0.20004683916400365 0.1648976258782501 0.080612250672272109 0.0050071196164989604 -0.041068522382931932
leaf_weight=2849 118 81 103 196 419 535
leaf_count=2849 118 81 103 196 419 535
internal_value=0.000267534 0.000482808 0.00026954 0.00104656 -0.00196045 -0.00309385
internal_weight=4301 4183 4102 3045 1057 954
internal_count=4301 4183 4102 3045 1057 954
cat_boundaries=0 1
cat_threshold=2
is_linear=0
shrinkage=0.06


Tree=121
num_leaves=7
num_cat=0
split_feature=27 3 21 24 26 16
split_gain=2.19873 3.67502 4.03154 4.3897 11.5179 4.2181
threshold=2.5000000000000004 125.50000000000001 1.0000000180025095e-35 28.500000000000004 32.500000000000007 7.1347573122539982
decision_type=2 2 2 2 2 2
left_child=1 2 3 5 -5 -1
right_child=-2 -3 -4 4 -6 -7
leaf_value=-0.014100397670854128 0.0036352864081622724 -0.010974159718592318 0.013336290990531557 -0.069715525275257359 0.013885017851582401 0.0151458084056215
leaf_weight=176 2434 520 716 137 118 177
leaf_count=176 2434 520 716 137 118 177
internal_value=0.000328508 -0.00123148 0.00044921 -0.00312724 -0.00904615 0.0012067
internal_weight=4278 1844 1324 608 255 353
internal_count=4278 1844 1324 608 255 353
is_linear=0
shrinkage=0.06


Tree=122
num_leaves=7
num_cat=0
split_feature=27 3 32 25 30 21
split_gain=2.19289 3.24714 3.81684 3.32304 3.08685 3.23744
threshold=2.5000000000000004 125.50000000000001 7.5000000000000009 26.750000000000004 19.500000000000004 1.0000000180025095e-35
decision_type=2 2 2 2 2 2
left_child=1 2 -1 -3 -4 -6
right_child=-2 3 4 -5 5 -7
leaf_value=-0.025899806682777075 0.0040617599290499115 0.0035992154676962296 0.01283813511978284 -0.024354709390035777 -0.050279409231664469 0.0019483481408782643
leaf_weight=181 2443 187 717 336 144 284
leaf_count=181 2443 187 717 336 144 284
internal_value=0.000627647 -0.000928803 0.00065139 -0.00490909 0.00194087 -0.00207159
internal_weight=4292 1849 1326 523 1145 428
internal_count=4292 1849 1326 523 1145 428
is_linear=0
shrinkage=0.06


Tree=123
num_leaves=7
num_cat=0
split_feature=27 24 16 24 26 30
split_gain=1.8817 3.92788 5.26374 4.46661 6.17055 3.95126
threshold=2.5000000000000004 43.500000000000007 9.1078193942577936 28.500000000000004 32.500000000000007 11.500000000000002
decision_type=2 2 2 2 2 2
left_child=1 2 3 -1 5 -5
right_child=-2 -3 -4 4 -6 -7
leaf_value=-0.00030801617418281909 0.003307253705673452 -0.088523979056494617 0.03384244081828202 -0.0085681867259424244 0.00077454150705044797 -0.081015492388903557
leaf_weight=880 2442 95 476 83 180 124
leaf_count=880 2442 95 476 83 180 124
internal_value=0.000293349 -0.0011541 -0.000487414 -0.00250943 -0.00783673 -0.0147736
internal_weight=4280 1838 1743 1267 387 207
internal_count=4280 1838 1743 1267 387 207
is_linear=0
shrinkage=0.06


Tree=124
num_leaves=7
num_cat=1
split_feature=21 24 26 1 25 25
split_gain=2.06343 3.53055 6.44899 3.6865 3.59317 3.27583
threshold=1.0000000180025095e-35 33.500000000000007 32.500000000000007 0 43.500000000000007 39.500000000000007
decision_type=2 2 2 1 2 2
left_child=1 -1 -3 -4 5 -5
right_child=-2 2 3 4 -6 -7
leaf_value=0.0013883779589889133 0.0032143433033045366 -0.064560206125143599 0.0063158254033366563 -0.045798199020059598 -0.048149509511752418 0.047486189335508383
leaf_weight=975 2523 106 388 95 110 84
leaf_count=975 2523 106 388 95 110 84
internal_value=0.000436771 -0.0011384 -0.0041269 -0.00190909 -0.00684868 -0.00169565
internal_weight=4281 1758 783 677 289 179
internal_count=4281 1758 783 677 289 179
cat_boundaries=0 1
cat_threshold=3
is_linear=0
shrinkage=0.06


Tree=125
num_leaves=7
num_cat=0
split_feature=27 29 25 25 32 17
split_gain=1.76363 2.90463 2.93951 2.43481 4.36692 2.43577
threshold=1.5000000000000002 2.5000000000000004 23.500000000000004 22.500000000000004 11.500000000000002 9.0537119509686708
decision_type=2 2 2 2 2 2
left_child=1 2 -1 4 -2 -5
right_child=3 -3 -4 5 -6 -7
leaf_value=-1.3385659818409001e-05 0.0065017192666725517 0.00090891636334825129 -0.045333221381054896 0.0077755628652987664 -0.058076098280257504 -0.0020353491628652032
leaf_weight=130 167 1009 103 1991 115 773
leaf_count=130 167 1009 103 1991 115 773
internal_value=0.000628232 -0.00127265 -0.00723529 0.00140511 -0.00385714 0.00194908
internal_weight=4288 1242 233 3046 282 2764
internal_count=4288 1242 233 3046 282 2764
is_linear=0
shrinkage=0.06


Tree=126
num_leaves=7
num_cat=0
split_feature=24 3 32 30 16 30
split_gain=2.20361 2.44364 3.34746 3.27613 3.11016 3.51047
threshold=59.500000000000007 51.500000000000007 10.500000000000002 20.500000000000004 7.361417372310016 28.500000000000004
decision_type=2 2 2 2 2 2
left_child=1 3 -3 -1 -4 -6
right_child=-2 2 4 -5 5 -7
leaf_value=-0.00013547446156012054 -0.01857372975396979 0.026569518106491545 -0.0060033197718111818 -0.018430862056303118 0.0023601986747897197 0.039887901724654708
leaf_weight=596 140 362 891 158 1955 167
leaf_count=596 140 362 891 158 1955 167
internal_value=0.000255498 0.000510885 0.00120178 -0.00256522 0.000540755 0.00178984
internal_weight=4269 4129 3375 754 3013 2122
internal_count=4269 4129 3375 754 3013 2122
is_linear=0
shrinkage=0.06


Tree=127
num_leaves=7
num_cat=0
split_feature=18 24 27 16 15 30
split_gain=1.67761 2.26645 1.54604 3.86053 4.57354 2.84701
threshold=10.181498853690824 59.500000000000007 4.5000000000000009 6.4876242699304933 26.250000000000004 14.500000000000002
decision_type=2 2 2 2 2 2
left_child=1 2 -1 -4 5 -5
right_child=-2 -3 3 4 -6 -7
leaf_value=-0.00053615272029596374 0.014504005787880137 -0.037565221968845153 0.060899522433187032 0.00229332672336066 0.011334228748765586 -0.024515091761001449
leaf_weight=2901 171 112 206 110 626 135
leaf_count=2901 171 112 206 110 626 135
internal_value=0.000298172 5.05495e-05 0.000292995 0.00222921 0.000458904 -0.006408
internal_weight=4261 4090 3978 1077 871 245
internal_count=4261 4090 3978 1077 871 245
is_linear=0
shrinkage=0.06


Tree=128
num_leaves=7
num_cat=0
split_feature=20 24 16 27 11 24
split_gain=2.19867 2.14945 3.53706 2.56372 4.02397 2.86824
threshold=1.0000000180025095e-35 53.500000000000007 9.9819558229685956 2.5000000000000004 46.857142857142868 36.500000000000007
decision_type=2 2 2 2 2 2
left_child=1 3 -3 5 -5 -1
right_child=-2 2 -4 4 -6 -7
leaf_value=-0.00027376818284297944 0.012096321660554745 0.005447472270992652 -0.024770381742041873 0.0025439323361834934 0.1577731990370369 -0.025321257558772244
leaf_weight=1199 663 119 145 1667 101 341
leaf_count=1199 663 119 145 1667 101 341
internal_value=0.000406132 -0.000183673 -0.00534201 0.000234531 0.00179188 -0.00155146
internal_weight=4235 3572 264 3308 1768 1540
internal_count=4235 3572 264 3308 1768 1540
is_linear=0
shrinkage=0.06


Tree=129
num_leaves=7
num_cat=0
split_feature=22 32 26 26 24 11
split_gain=1.44082 1.71436 3.65241 3.91712 1.52481 6.91776
threshold=1.0000000180025095e-35 13.500000000000002 36.500000000000007 25.500000000000004 36.500000000000007 39.035714285714292
decision_type=2 2 2 2 2 2
left_child=4 -2 3 -3 5 -1
right_child=1 2 -4 -5 -6 -7
leaf_value=-0.00023127980266816282 0.020373024593230569 0.016428936326524368 0.014798940097113923 -0.021682738035998638 -0.0041566179353081014 0.08783417754274217
leaf_weight=1980 234 101 204 127 1430 178
leaf_count=1980 234 101 204 127 1430 178
internal_value=0.00025992 0.00281222 0.000542334 -0.00462232 -0.000216254 0.000789182
internal_weight=4254 666 432 228 3588 2158
internal_count=4254 666 432 228 3588 2158
is_linear=0
shrinkage=0.06


Tree=130
num_leaves=7
num_cat=0
split_feature=27 24 17 26 3 14
split_gain=2.21527 4.65936 8.71053 6.44951 3.69527 2.46867
threshold=1.5000000000000002 36.500000000000007 8.8431073875793604 36.500000000000007 129.50000000000003 27.250000000000004
decision_type=2 2 2 2 2 2
left_child=1 2 5 -3 -5 -1
right_child=-2 3 -4 4 -6 -7
leaf_value=0.00014075154233680775 0.0024544698320379528 -0.084242007166946589 0.057378728678072873 0.070796334427764895 -0.058499268093069295 -0.016691065334732524
leaf_weight=495 3037 80 194 90 80 321
leaf_count=495 3037 80 194 90 80 321
internal_value=0.000309623 -0.0018 2.6601e-05 -0.00904706 -0.00221143 -0.00270037
internal_weight=4297 1260 1010 250 170 816
internal_count=4297 1260 1010 250 170 816
is_linear=0
shrinkage=0.06


Tree=131
num_leaves=7
num_cat=1
split_feature=3 32 30 30 1 25
split_gain=1.61824 3.60646 3.26889 3.22569 7.59258 4.61966
threshold=51.500000000000007 10.500000000000002 21.500000000000004 5.5000000000000009 0 33.500000000000007
decision_type=2 2 2 2 1 2
left_child=2 -2 -1 4 -3 -6
right_child=1 3 -4 -5 5 -7
leaf_value=-0.00042636420889028971 0.02711965356928921 -0.053311534288958365 -0.040242633099150174 0.0016529371302029161 -0.010370372373420889 0.04695856005887053
leaf_weight=628 372 193 130 2691 147 131
leaf_count=628 372 193 130 2691 147 131
internal_value=0.000111008 0.000651879 -0.0023945 -8.52542e-06 -0.00456303 0.00193515
internal_weight=4292 3534 758 3162 471 278
internal_count=4292 3534 758 3162 471 278
cat_boundaries=0 1
cat_threshold=12
is_linear=0
shrinkage=0.06


Tree=132
num_leaves=7
num_cat=0
split_feature=3 32 30 26 24 30
split_gain=1.41526 2.54986 2.83896 2.03376 2.2058 1.85764
threshold=51.500000000000007 10.500000000000002 7.5000000000000009 18.500000000000004 22.500000000000004 13.500000000000002
decision_type=2 2 2 2 2 2
left_child=-1 2 -2 -3 5 -5
right_child=1 3 -4 4 -6 -7
leaf_value=-0.0061106965804814091 0.063926431146809307 -0.045522432034174526 -0.0012737913683102552 0.0012607538472812463 6.370340076619296e-05 0.1119138187266692
leaf_weight=762 223 84 155 107 2851 94
leaf_count=762 223 84 155 107 2851 94
internal_value=0.000265592 0.000774936 0.00539687 0.000209169 0.000470069 0.00646602
internal_weight=4276 3514 378 3136 3052 201
internal_count=4276 3514 378 3136 3052 201
is_linear=0
shrinkage=0.06


Tree=133
num_leaves=7
num_cat=0
split_feature=30 14 16 27 30 24
split_gain=1.7306 5.36278 4.16871 8.24429 4.78114 3.01686
threshold=9.5000000000000018 24.750000000000004 7.1780079772353664 4.5000000000000009 12.500000000000002 24.500000000000004
decision_type=2 2 2 2 2 2
left_child=1 -1 3 4 -2 -6
right_child=2 -3 -4 -5 5 -7
leaf_value=0.033161647042273125 -0.063310352757424443 -5.7323073636716956e-05 0.0013314394618200275 0.035409163201144754 0.0019500322793772028 -0.031324047315774754
leaf_weight=277 148 1136 2092 226 207 245
leaf_count=277 148 1136 2092 226 207 245
internal_value=6.50369e-05 0.00178561 -0.000768731 -0.00436462 -0.0080281 -0.0048512
internal_weight=4331 1413 2918 826 600 452
internal_count=4331 1413 2918 826 600 452
is_linear=0
shrinkage=0.06


Tree=134
num_leaves=7
num_cat=0
split_feature=27 24 16 26 30 14
split_gain=1.94759 4.06502 6.97493 5.44643 2.96581 5.0419
threshold=1.5000000000000002 36.500000000000007 9.4276687484329234 38.750000000000007 16.500000000000004 26.750000000000004
decision_type=2 2 2 2 2 2
left_child=1 2 4 -3 5 -1
right_child=-2 3 -4 -5 -6 -7
leaf_value=0.037633914009482732 0.0020128875752681405 -0.067490528833709401 0.05032318207657669 -0.0027094186867887404 -0.012409425404904065 -0.0096596909675935351
leaf_weight=256 3032 107 184 139 334 234
leaf_count=256 3032 107 184 139 334 234
internal_value=0.000341878 -0.00164178 5.62685e-05 -0.0084741 -0.00231242 0.000660606
internal_weight=4286 1254 1008 246 824 490
internal_count=4286 1254 1008 246 824 490
is_linear=0
shrinkage=0.06


Tree=135
num_leaves=7
num_cat=0
split_feature=30 24 30 26 3 30
split_gain=1.8183 1.66886 2.08059 2.8351 3.0081 2.76902
threshold=1.5000000000000002 57.500000000000007 3.5000000000000004 36.500000000000007 87.500000000000014 7.5000000000000009
decision_type=2 2 2 2 2 2
left_child=-1 2 3 4 -2 -4
right_child=1 -3 5 -5 -6 -7
leaf_value=0.047212426743207914 -0.0045555979829018543 -0.034336291834378474 0.026866293942982379 0.0095091944179229587 -0.056564076055395263 -0.00041243307904491376
leaf_weight=141 120 181 593 93 81 3057
leaf_count=141 120 181 593 93 81 3057
internal_value=7.65629e-05 -0.000155448 0.000105596 -0.00470569 -0.00865049 0.000499863
internal_weight=4266 4125 3944 294 201 3650
internal_count=4266 4125 3944 294 201 3650
is_linear=0
shrinkage=0.06


Tree=136
num_leaves=7
num_cat=0
split_feature=25 26 27 24 14 27
split_gain=1.73186 5.15931 2.05236 3.25983 4.67256 5.47913
threshold=62.500000000000007 54.500000000000007 4.5000000000000009 31.500000000000004 26.250000000000004 5.5000000000000009
decision_type=2 2 2 2 2 2
left_child=1 2 -1 -4 5 -5
right_child=-2 -3 3 4 -6 -7
leaf_value=-0.00065497353507354081 0.045691278634947603 -0.032636231589399656 0.087237913183127944 0.010259421832090138 0.012157395886802567 -0.013548206340902388
leaf_weight=3066 87 137 117 151 638 100
leaf_count=3066 87 137 117 151 638 100
internal_value=0.000138805 -3.84433e-05 0.000352465 0.00269733 0.00142282 -0.0054375
internal_weight=4296 4209 4072 1006 889 251
internal_count=4296 4209 4072 1006 889 251
is_linear=0
shrinkage=0.06


Tree=137
num_leaves=7
num_cat=0
split_feature=3 30 24 16 27 30
split_gain=1.98096 2.07101 1.38923 2.13004 1.72857 5.00357
threshold=38.500000000000007 7.5000000000000009 57.500000000000007 10.212037448508966 2.5000000000000004 28.500000000000004
decision_type=2 2 2 2 2 2
left_child=1 -1 4 -4 -2 -6
right_child=2 -3 3 -5 5 -7
leaf_value=0.0014172917069666723 -0.00067032732262843446 -0.08229164199134191 0.011754198488393612 -0.055171543652605806 0.0023399024273888513 0.040660249251836686
leaf_weight=191 1692 161 80 101 1928 140
leaf_count=191 1692 161 80 101 1928 140
internal_value=0.000254072 -0.00402521 0.000641662 -0.00441935 0.000891633 0.00205355
internal_weight=4293 352 3941 181 3760 2068
internal_count=4293 352 3941 181 3760 2068
is_linear=0
shrinkage=0.06


Tree=138
num_leaves=7
num_cat=0
split_feature=25 26 26 24 18 25
split_gain=1.4631 4.85568 2.28485 2.07782 5.7638 3.10566
threshold=62.500000000000007 54.500000000000007 51.500000000000007 46.500000000000007 9.3419292882535903 36.500000000000007
decision_type=2 2 2 2 2 2
left_child=1 2 3 5 -5 -1
right_child=-2 -3 -4 4 -6 -7
leaf_value=-0.0009120083695234604 0.05214284167935386 -0.028606193526155614 0.090528038216046963 -0.10950981237339111 0.036986295926737377 0.012772616510572165
leaf_weight=2600 82 131 123 186 130 1044
leaf_count=2600 82 131 123 186 130 1044
internal_value=0.000194606 3.48424e-05 0.000406556 0.000150567 -0.00447664 0.000558235
internal_weight=4296 4214 4083 3960 316 3644
internal_count=4296 4214 4083 3960 316 3644
is_linear=0
shrinkage=0.06


Tree=139
num_leaves=7
num_cat=0
split_feature=24 15 30 30 11 25
split_gain=2.63242 3.29081 6.13008 6.659 4.51221 3.0453
threshold=26.750000000000004 26.250000000000004 14.500000000000002 25.500000000000004 27.321428571428573 23.500000000000004
decision_type=2 2 2 2 2 2
left_child=5 2 4 -4 -2 -1
right_child=1 -3 3 -5 -6 -7
leaf_value=-0.0003232033209202062 0.061455139412772267 4.2323568377806708e-05 -0.080271290946724208 0.0013589403572913917 -0.0085650210381861547 0.030356878675612948
leaf_weight=720 167 2532 135 84 117 525
leaf_count=720 167 2532 135 84 117 525
internal_value=0.000139323 -0.000813158 -0.00522047 -0.0126429 0.000612457 0.0024576
internal_weight=4280 3035 503 219 284 1245
internal_count=4280 3035 503 219 284 1245
is_linear=0
shrinkage=0.06


Tree=140
num_leaves=7
num_cat=0
split_feature=25 24 21 15 26 25
split_gain=1.93808 5.26135 1.62601 2.72647 7.64248 4.56536
threshold=62.500000000000007 56.500000000000007 1.0000000180025095e-35 42.250000000000007 38.750000000000007 33.500000000000007
decision_type=2 2 2 2 2 2
left_child=1 2 -1 5 -5 -4
right_child=-2 -3 3 4 -6 -7
leaf_value=-0.0017078729957918613 0.064177473531843332 -0.047708010244833801 0.00034248871167878112 -0.046750684422177106 0.0082987728168714622 0.028388883923176525
leaf_weight=1697 92 131 1192 134 379 661
leaf_count=1697 92 131 1192 134 379 661
internal_value=0.000243999 4.92975e-05 0.000438053 0.00145382 -0.00239768 0.0025253
internal_weight=4286 4194 4063 2366 513 1853
internal_count=4286 4194 4063 2366 513 1853
is_linear=0
shrinkage=0.06


Tree=141
num_leaves=7
num_cat=1
split_feature=24 25 24 25 25 1
split_gain=2.44007 2.48605 4.15199 1.69826 3.76264 4.63358
threshold=61.000000000000007 52.500000000000007 51.500000000000007 46.500000000000007 43.500000000000007 0
decision_type=2 2 2 2 2 1
left_child=1 2 3 4 -1 -6
right_child=-2 -3 -4 -5 5 -7
leaf_value=0.00041641216530242882 -0.016172985216267959 0.039439424802940895 -0.10498046732299478 0.076374263235982953 0.0025833785185972145 -0.044738863359119314
leaf_weight=3410 112 227 94 197 129 113
leaf_count=3410 112 227 94 197 129 113
internal_value=-0.000146256 9.26946e-05 -0.000261398 4.98184e-05 -0.000245283 -0.00739676
internal_weight=4282 4170 3943 3849 3652 242
internal_count=4282 4170 3943 3849 3652 242
cat_boundaries=0 1
cat_threshold=3
is_linear=0
shrinkage=0.06


Tree=142
num_leaves=7
num_cat=0
split_feature=26 25 26 24 15 24
split_gain=1.7763 2.89722 2.17821 2.63734 4.62127 2.36134
threshold=54.500000000000007 62.500000000000007 43.500000000000007 42.500000000000007 36.250000000000007 36.500000000000007
decision_type=2 2 2 2 2 2
left_child=2 -2 5 -4 -5 -1
right_child=1 -3 3 4 -6 -7
leaf_value=0.0016764696062575623 -0.023376134573737311 0.026806017398643689 0.099576358352203173 -0.080733940802931281 0.016916012693276083 -0.0051494029239220925
leaf_weight=2567 132 81 136 88 297 976
leaf_count=2567 132 81 136 88 297 976
internal_value=0.000128912 -0.00514679 0.000412141 0.00401521 0.00141538 -0.000121759
internal_weight=4277 213 4064 521 385 3543
internal_count=4277 213 4064 521 385 3543
is_linear=0
shrinkage=0.06


Tree=143
num_leaves=7
num_cat=0
split_feature=20 26 26 30 25 11
split_gain=1.12759 1.39135 2.34107 4.22635 1.86241 3.34733
threshold=1.0000000180025095e-35 43.500000000000007 25.500000000000004 19.500000000000004 33.500000000000007 43.535714285714292
decision_type=2 2 2 2 2 2
left_child=-1 2 3 -2 -4 -6
right_child=1 -3 4 -5 5 -7
leaf_value=-0.00068097552158175923 0.080668941233807925 0.024671644810664934 -0.015823841875416054 -0.0073630646701602718 0.018487696519265153 -0.041796851007627402
leaf_weight=3624 131 117 114 80 132 91
leaf_count=3624 131 117 114 80 132 91
internal_value=-9.3619e-05 0.00216716 0.000862568 0.00575 -0.00222807 0.000973684
internal_weight=4289 665 548 211 337 223
internal_count=4289 665 548 211 337 223
is_linear=0
shrinkage=0.06


Tree=144
num_leaves=7
num_cat=0
split_feature=14 24 26 14 16 26
split_gain=1.50619 5.79364 2.85047 8.11495 3.28717 3.90235
threshold=35.750000000000007 36.500000000000007 38.750000000000007 40.750000000000007 8.8223151219646834 54.500000000000007
decision_type=2 2 2 2 2 2
left_child=-1 -2 3 -3 -4 -6
right_child=1 2 4 -5 5 -7
leaf_value=-0.0011637584024864101 0.07516618268264659 0.012035762474073059 0.076112381794767453 -0.05031482786643382 0.0044900587738327859 -0.021538686498878263
leaf_weight=2761 310 127 266 180 513 152
leaf_count=2761 310 127 266 180 513 152
internal_value=8.62309e-05 0.0015821 -0.000263073 -0.00523077 0.00139103 -0.000868657
internal_weight=4309 1548 1238 307 931 665
internal_count=4309 1548 1238 307 931 665
is_linear=0
shrinkage=0.06


Tree=145
num_leaves=7
num_cat=0
split_feature=16 21 24 26 24 10
split_gain=1.97427 1.94776 3.43857 4.4985 2.68598 4.28277
threshold=11.82207316707235 1.0000000180025095e-35 26.750000000000004 24.500000000000004 33.500000000000007 35.642857142857146
decision_type=2 2 2 2 2 2
left_child=1 2 -1 -4 -5 -6
right_child=-2 -3 3 4 5 -7
leaf_value=0.0054651596610951793 -0.0095312446044459251 0.0032043030809921101 -0.079478104162252122 0.0029021745312247126 -0.072071336624279558 -0.001884192700752507
leaf_weight=600 183 2407 81 311 218 515
leaf_count=600 183 2407 81 311 218 515
internal_value=-0.000113889 0.000158811 -0.00137688 -0.0033292 -0.00222784 -0.00420325
internal_weight=4315 4132 1725 1125 1044 733
internal_count=4315 4132 1725 1125 1044 733
is_linear=0
shrinkage=0.06


Tree=146
num_leaves=7
num_cat=0
split_feature=27 16 30 24 25 25
split_gain=2.23866 2.57323 4.46907 3.29541 6.14973 4.01233
threshold=2.5000000000000004 6.1740477355112349 9.5000000000000018 36.500000000000007 33.500000000000007 39.500000000000007
decision_type=2 2 2 2 2 2
left_child=1 2 -1 4 -3 -5
right_child=-2 3 -4 5 -6 -7
leaf_value=0.0033867408786324438 0.003114436095998676 -0.0014678695019193998 -0.070532012924783782 -0.029133819726779323 0.0763266065894221 0.00099269025060801487
leaf_weight=100 2443 1006 135 199 186 198
leaf_count=100 2443 1006 135 199 186 198
internal_value=8.00562e-05 -0.00150738 -0.0073 -0.000628607 0.000949875 -0.00532836
internal_weight=4267 1824 235 1589 1192 397
internal_count=4267 1824 235 1589 1192 397
is_linear=0
shrinkage=0.06


Tree=147
num_leaves=7
num_cat=0
split_feature=24 27 16 14 26 11
split_gain=1.96286 2.11278 2.48331 3.15406 2.75184 3.76438
threshold=61.000000000000007 4.5000000000000009 6.0533340627428425 26.250000000000004 46.500000000000007 38.892857142857146
decision_type=2 2 2 2 2 2
left_child=1 -1 -3 -4 -5 -6
right_child=-2 2 3 4 5 -7
leaf_value=-0.00025775797210131069 -0.01377751141974091 0.079263794389028572 -0.0039570190802755102 0.020194693339521872 -0.088819346962073817 0.047811972955093887
leaf_weight=3090 111 137 275 404 103 194
leaf_count=3090 111 137 275 404 103 194
internal_value=0.000353554 0.000566065 0.00280143 0.00170948 0.00384136 -0.000536424
internal_weight=4314 4203 1113 976 701 297
internal_count=4314 4203 1113 976 701 297
is_linear=0
shrinkage=0.06


Tree=148
num_leaves=7
num_cat=0
split_feature=24 25 24 30 24 26
split_gain=1.85849 3.28476 1.94439 1.64357 3.94147 5.34268
threshold=21.250000000000004 21.750000000000004 17.500000000000004 25.500000000000004 39.500000000000007 44.500000000000007
decision_type=2 2 2 2 2 2
left_child=1 2 -1 -2 -5 -6
right_child=3 -3 -4 4 5 -7
leaf_value=0.10757284751163977 -0.0012953724059252131 0.038548593790047589 -0.042099874213097493 0.016799175529793809 -0.073204922599830538 0.02378936751591779
leaf_weight=80 3268 169 142 364 132 103
leaf_count=80 3268 169 142 364 132 103
internal_value=-2.04082e-05 0.00389394 -0.000911894 -0.000421488 0.00245364 -0.00355
internal_weight=4258 391 222 3867 599 235
internal_count=4258 391 222 3867 599 235
is_linear=0
shrinkage=0.06


Tree=149
num_leaves=7
num_cat=0
split_feature=24 16 25 17 26 30
split_gain=1.81502 2.27597 2.1235 3.78091 4.22448 3.59457
threshold=56.500000000000007 10.113626585678356 36.500000000000007 7.7511076333983153 34.500000000000007 28.500000000000004
decision_type=2 2 2 2 2 2
left_child=2 -2 -1 -4 -5 -6
right_child=1 -3 3 4 5 -7
leaf_value=-0.0010675918592769893 0.0087333779473184586 -0.020638633825971284 0.044993485390604437 0.075530560953191272 -0.0020078061800414557 0.048784069358945317
leaf_weight=2630 81 120 290 95 997 81
leaf_count=2630 81 120 290 95 997 81
internal_value=4.81507e-05 -0.0054466 0.000325037 0.00215395 0.000621392 -0.000468144
internal_weight=4294 201 4093 1463 1173 1078
internal_count=4294 201 4093 1463 1173 1078
is_linear=0
shrinkage=0.06


Tree=150
num_leaves=7
num_cat=0
split_feature=24 25 30 26 15 24
split_gain=1.61096 2.0847 2.00271 2.88115 5.05505 3.33486
threshold=21.250000000000004 21.750000000000004 25.500000000000004 38.750000000000007 43.250000000000007 38.750000000000007
decision_type=2 2 2 2 2 2
left_child=1 -1 3 4 -2 -5
right_child=2 -3 -4 5 -6 -7
leaf_value=0.0010282271433094848 -0.0028543619956014421 0.038577193684812078 0.0043826039014708941 0.055406565518289569 -0.057990223531779093 0.00017038898432698344
leaf_weight=235 2097 174 605 155 84 945
leaf_count=235 2097 174 605 155 84 945
internal_value=9.34884e-05 0.00365217 -0.000284503 -0.000870968 -0.00213266 0.00162624
internal_weight=4295 409 3886 3281 2181 1100
internal_count=4295 409 3886 3281 2181 1100
is_linear=0
shrinkage=0.06


Tree=151
num_leaves=7
num_cat=0
split_feature=12 26 16 30 11 25
split_gain=1.64237 4.25378 5.11411 4.83543 3.4328 2.82971
threshold=24.625000000000004 21.750000000000004 6.4876242699304933 11.500000000000002 26.321428571428573 20.750000000000004
decision_type=2 2 2 2 2 2
left_child=1 3 -3 -1 -2 -6
right_child=4 2 -4 -5 5 -7
leaf_value=-0.014942299504760611 0.048961850414059781 -0.0026831002758653556 -0.085268759649908488 0.032256809565014068 -0.021830735059505404 0.00017361243979556516
leaf_weight=116 209 135 80 131 111 3526
leaf_count=116 209 135 80 131 111 3526
internal_value=-0.000166242 -0.00352677 -0.0096 0.00183333 0.000240717 -0.000192751
internal_weight=4308 462 215 247 3846 3637
internal_count=4308 462 215 247 3846 3637
is_linear=0
shrinkage=0.06


Tree=152
num_leaves=7
num_cat=0
split_feature=24 10 25 24 10 15
split_gain=1.56203 1.57512 1.54853 4.18636 4.24861 2.82835
threshold=56.500000000000007 45.642857142857146 34.500000000000007 33.500000000000007 36.928571428571438 38.750000000000007
decision_type=2 2 2 2 2 2
left_child=2 -2 3 -1 -5 -6
right_child=1 -3 -4 4 5 -7
leaf_value=0.00080412948840471012 -0.086717349183297363 -0.00018048838229807628 0.0065401669897318417 -0.10826134813827891 0.045040190732126992 -0.059640819472084002
leaf_weight=2093 81 111 1656 138 83 88
leaf_count=2093 81 111 1656 138 83 88
internal_value=0.000358872 -0.00485787 0.000612109 -0.000360199 -0.00682166 -0.000409091
internal_weight=4250 192 4058 2402 309 171
internal_count=4250 192 4058 2402 309 171
is_linear=0
shrinkage=0.06


Tree=153
num_leaves=7
num_cat=0
split_feature=24 25 19 27 18 17
split_gain=1.86068 2.92708 1.83019 1.75524 3.69526 2.89961
threshold=21.250000000000004 21.750000000000004 0.57142857142857129 4.5000000000000009 5.6274755690185865 9.2552192697636908
decision_type=2 2 2 2 2 2
left_child=1 2 -1 4 -2 -5
right_child=3 -3 -4 5 -6 -7
leaf_value=-0.032345894644648203 -0.031116961867912508 0.036521195626623017 0.0061346157855922808 0.0084582600808766218 -0.0011827290317787753 -0.0070070279013354757
leaf_weight=130 82 164 103 956 2565 279
leaf_count=130 82 164 103 956 2565 279
internal_value=2.38095e-05 0.00391045 -0.000428571 -0.000377412 -0.00124887 0.00148548
internal_weight=4279 397 233 3882 2647 1235
internal_count=4279 397 233 3882 2647 1235
is_linear=0
shrinkage=0.06


Tree=154
num_leaves=7
num_cat=0
split_feature=16 10 27 24 11 27
split_gain=1.96804 1.48053 1.3959 2.19419 3.06477 3.54274
threshold=11.82207316707235 45.214285714285722 2.5000000000000004 22.500000000000004 27.732142857142861 4.5000000000000009
decision_type=2 2 2 2 2 2
left_child=2 -2 -1 -4 5 -5
right_child=1 -3 3 4 -6 -7
leaf_value=-0.0011161346389678983 -0.026872847808280136 -0.00055978321389806853 0.034034926701233981 -0.023217329096577796 0.0049142601499624072 0.00040352082639365515
leaf_weight=1759 86 95 159 144 1720 294
leaf_count=1759 86 95 159 144 1720 294
internal_value=2.81558e-06 -0.00603226 0.000278608 0.00124548 0.000733703 -0.00371783
internal_weight=4257 181 4076 2317 2158 438
internal_count=4257 181 4076 2317 2158 438
is_linear=0
shrinkage=0.06


Tree=155
num_leaves=7
num_cat=0
split_feature=25 26 26 26 26 24
split_gain=1.02162 3.6886 2.2455 2.33698 3.15936 3.20244
threshold=62.500000000000007 54.500000000000007 51.500000000000007 46.500000000000007 43.500000000000007 46.500000000000007
decision_type=2 2 2 2 2 2
left_child=1 2 3 4 5 -1
right_child=-2 -3 -4 -5 -6 -7
leaf_value=0.00043948716122665373 0.042319504159574389 -0.022864866702944173 0.095332607110644396 -0.03878745405946217 0.051584685715567867 -0.091191615605514253
leaf_weight=3406 88 135 122 197 213 112
leaf_count=3406 88 135 122 197 213 112
internal_value=0.000199158 6.01432e-05 0.000391369 0.000136537 0.000476981 4.17258e-05
internal_weight=4273 4185 4050 3928 3731 3518
internal_count=4273 4185 4050 3928 3731 3518
is_linear=0
shrinkage=0.06


Tree=156
num_leaves=7
num_cat=0
split_feature=24 25 24 19 17 27
split_gain=1.36337 1.71443 2.36225 2.1842 1.97848 1.50921
threshold=61.000000000000007 52.500000000000007 51.500000000000007 2.3571428571428563 9.6101168853798402 1.5000000000000002
decision_type=2 2 2 2 2 2
left_child=1 2 3 5 -3 -1
right_child=-2 4 -4 -5 -6 -7
leaf_value=-0.0050835707235974614 -0.0095313799046367453 0.10324527627599418 -0.077154268446154792 0.0050317498636883685 -0.006409632794507107 0.0004159527174670835
leaf_weight=1078 113 144 94 456 83 2304
leaf_count=1078 113 144 94 456 83 2304
internal_value=-9.74982e-05 8.21326e-05 -0.000212598 2.26386e-05 0.00509483 -0.000503986
internal_weight=4272 4159 3932 3838 227 3382
internal_count=4272 4159 3932 3838 227 3382
is_linear=0
shrinkage=0.06


Tree=157
num_leaves=7
num_cat=0
split_feature=24 27 24 24 24 11
split_gain=1.90604 1.52507 2.53406 5.3771 4.00685 3.88787
threshold=61.000000000000007 2.5000000000000004 36.500000000000007 34.500000000000007 33.500000000000007 39.250000000000007
decision_type=2 2 2 2 2 2
left_child=1 2 3 4 5 -1
right_child=-2 -3 -4 -5 -6 -7
leaf_value=-0.0011162025250922511 -0.009173591619171334 0.0026590478717351987 -0.009459629047340528 0.097836796830867948 -0.049692281686320859 0.067308589805907995
leaf_weight=1138 116 2334 405 101 85 108
leaf_count=1138 116 2334 405 101 85 108
internal_value=9.78565e-06 0.000225575 -0.00106515 0.000123173 -0.000907186 -2.15827e-05
internal_weight=4287 4171 1837 1432 1331 1246
internal_count=4287 4171 1837 1432 1331 1246
is_linear=0
shrinkage=0.06


Tree=158
num_leaves=7
num_cat=0
split_feature=24 26 30 3 18 27
split_gain=1.67679 6.90047 2.88358 2.53459 3.00972 3.57022
threshold=26.750000000000004 23.500000000000004 27.500000000000004 116.50000000000001 5.99669554505686 3.5000000000000004
decision_type=2 2 2 2 2 2
left_child=2 -2 3 4 -1 -6
right_child=1 -3 -4 -5 5 -7
leaf_value=-0.00056354926375950598 -0.061149182086302316 5.3176071338399964e-05 -0.024545813490328132 -0.0044006787266177103 0.034739873491665303 -0.0094195607720743181
leaf_weight=311 81 2938 93 282 465 108
leaf_count=311 81 2938 93 282 465 108
internal_value=0.000286481 -0.000480159 0.00212184 0.00294364 0.00451856 0.00707958
internal_weight=4278 3019 1259 1166 884 573
internal_count=4278 3019 1259 1166 884 573
is_linear=0
shrinkage=0.06


Tree=159
num_leaves=7
num_cat=0
split_feature=26 26 26 27 24 25
split_gain=1.11129 2.60215 2.46196 1.28304 2.02404 6.24992
threshold=54.500000000000007 51.500000000000007 58.500000000000007 4.5000000000000009 36.500000000000007 33.500000000000007
decision_type=2 2 2 2 2 2
left_child=1 3 -2 4 5 -1
right_child=2 -3 -4 -5 -6 -7
leaf_value=-0.000926784901123141 -0.04800505805285999 0.090373951773175712 0.014106606585706576 0.003126067670605681 -0.0075611203057560569 0.060181962821101248
leaf_weight=1939 92 124 122 918 783 284
leaf_count=1939 92 124 122 918 783 284
internal_value=0.000203187 0.000428571 -0.0039589 0.000151947 -0.00044736 0.000476661
internal_weight=4262 4048 214 3924 3006 2223
internal_count=4262 4048 214 3924 3006 2223
is_linear=0
shrinkage=0.06


Tree=160
num_leaves=7
num_cat=0
split_feature=24 25 24 24 25 24
split_gain=2.12094 2.04796 2.19708 2.09157 1.5058 3.21766
threshold=61.000000000000007 52.500000000000007 54.500000000000007 51.500000000000007 36.500000000000007 26.750000000000004
decision_type=2 2 2 2 2 2
left_child=1 3 -3 4 5 -1
right_child=-2 2 -4 -5 -6 -7
leaf_value=0.0036972329613995003 -0.011084702399406716 0.00024868838193777167 0.031790106684458815 -0.072875309836206201 0.0049036727218719506 -0.0045439606950205816
leaf_weight=1264 108 125 97 92 1222 1353
leaf_count=1264 108 125 97 92 1222 1353
internal_value=0.000171589 0.000392496 0.00593392 7.16463e-05 0.000291883 -0.000519451
internal_weight=4261 4153 222 3931 3839 2617
internal_count=4261 4153 222 3931 3839 2617
is_linear=0
shrinkage=0.06


Tree=161
num_leaves=7
num_cat=0
split_feature=24 26 25 30 26 3
split_gain=1.94581 1.96525 4.0506 4.1271 3.96085 6.75087
threshold=59.500000000000007 23.500000000000004 24.500000000000004 10.500000000000002 21.750000000000004 80.500000000000014
decision_type=2 2 2 2 2 2
left_child=1 2 3 -1 5 -5
right_child=-2 -3 -4 4 -6 -7
leaf_value=0.0045844987255023372 -0.0085912466047132294 0.0018660673681788697 0.0245294321333379 0.0021284892977677414 -0.025239545044433303 -0.033875641313356637
leaf_weight=266 138 3263 206 178 141 82
leaf_count=266 138 3263 206 178 141 82
internal_value=-2.03319e-05 0.000216614 -0.00230296 -0.00457143 -0.00837931 -0.00383774
internal_weight=4274 4136 873 667 401 260
internal_count=4274 4136 873 667 401 260
is_linear=0
shrinkage=0.06


Tree=162
num_leaves=7
num_cat=0
split_feature=24 16 19 12 15 24
split_gain=2.40656 2.41224 1.35354 1.85522 2.35583 5.06583
threshold=57.500000000000007 10.212037448508966 0.50000000000000011 46.482142857142868 42.250000000000007 40.750000000000007
decision_type=2 2 2 2 2 2
left_child=2 -2 3 4 -1 -6
right_child=1 -3 -4 -5 5 -7
leaf_value=-0.00099061030620289578 0.0037251203162307076 -0.064699456895126753 0.0028548369611702015 0.012275519096580041 0.04045552241461358 -0.10670476623735158
leaf_weight=1838 82 102 1834 219 85 111
leaf_count=1838 82 102 1834 219 85 111
internal_value=-3.087e-05 -0.00665079 0.000274194 -0.000709477 -0.00127857 -0.00744776
internal_weight=4271 184 4087 2253 2034 196
internal_count=4271 184 4087 2253 2034 196
is_linear=0
shrinkage=0.06


Tree=163
num_leaves=7
num_cat=0
split_feature=25 24 12 11 26 30
split_gain=1.64934 2.7276 1.4197 3.16526 3.14993 4.23469
threshold=62.500000000000007 58.500000000000007 24.625000000000004 26.321428571428573 21.750000000000004 12.500000000000002
decision_type=2 2 2 2 2 2
left_child=1 2 4 -4 5 -1
right_child=-2 -3 3 -5 -6 -7
leaf_value=-0.0086584377176889601 0.033499179341077233 -0.02085714532943294 0.044853915383284822 0.00021792034516755264 -0.019218791906114766 0.031664670986369298
leaf_weight=124 90 97 203 3426 228 125
leaf_count=124 90 97 203 3426 228 125
internal_value=4.46719e-05 -0.000131179 0.000108733 0.000515135 -0.00295021 0.00170079
internal_weight=4293 4203 4106 3629 477 249
internal_count=4293 4203 4106 3629 477 249
is_linear=0
shrinkage=0.06


Tree=164
num_leaves=7
num_cat=0
split_feature=16 29 16 24 24 30
split_gain=1.91942 2.04303 1.66836 2.04031 1.76863 2.20138
threshold=11.82207316707235 4.5000000000000009 10.687107866330832 39.500000000000007 21.250000000000004 4.5000000000000009
decision_type=2 2 2 2 2 2
left_child=2 -2 4 -4 -1 -6
right_child=1 -3 3 -5 5 -7
leaf_value=0.016372106888185196 -0.025719569342565023 0.007107086281087218 0.068161582060580983 0.0045021172725461913 -0.0096929332582392121 0.00032816821960247823
leaf_weight=386 88 94 112 222 440 2925
leaf_count=386 88 94 112 222 440 2925
internal_value=2.38764e-05 -0.00591979 0.000296333 0.00432743 -6.70927e-05 -0.000510979
internal_weight=4267 182 4085 334 3751 3365
internal_count=4267 182 4085 334 3751 3365
is_linear=0
shrinkage=0.06


Tree=165
num_leaves=7
num_cat=0
split_feature=17 24 26 24 12 28
split_gain=1.15573 1.57227 1.49431 1.9648 3.04222 1.54869
threshold=10.392964681200901 59.500000000000007 51.500000000000007 46.500000000000007 39.196428571428577 1.0000000180025095e-35
decision_type=2 2 2 2 2 2
left_child=1 2 3 5 -5 -1
right_child=-2 -3 -4 4 -6 -7
leaf_value=-0.00064875730132289971 0.01137057315393855 -0.019438152391378052 0.072820970839043583 -0.10700837290630449 -0.00020489059024957789 0.005673076530336516
leaf_weight=2698 296 94 183 81 156 739
leaf_count=2698 296 94 183 81 156 739
internal_value=0.000193321 -7.88675e-05 0.000111859 -0.000154118 -0.00538017 0.000212667
internal_weight=4247 3951 3857 3674 237 3437
internal_count=4247 3951 3857 3674 237 3437
is_linear=0
shrinkage=0.06


Tree=166
num_leaves=7
num_cat=0
split_feature=27 30 24 10 25 30
split_gain=1.74379 2.85398 2.31217 5.95691 3.37543 4.67051
threshold=2.5000000000000004 28.500000000000004 26.750000000000004 30.214285714285719 23.500000000000004 8.5000000000000018
decision_type=2 2 2 2 2 2
left_child=1 2 4 -4 -1 -6
right_child=-2 -3 3 -5 5 -7
leaf_value=-0.0011886873473584091 0.0021534266704831564 -0.02241711112391968 -0.03560670743463621 -0.0015360204298640332 -0.010881939285139204 0.03092437028790309
leaf_weight=534 2414 100 107 841 86 185
leaf_count=534 2414 100 107 841 86 185
internal_value=0.000164326 -0.00121744 -0.000638225 -0.00264113 0.00171852 0.0071087
internal_weight=4267 1853 1753 948 805 271
internal_count=4267 1853 1753 948 805 271
is_linear=0
shrinkage=0.06


Tree=167
num_leaves=7
num_cat=0
split_feature=25 26 27 12 24 3
split_gain=1.32258 2.77189 1.64543 2.98006 2.90894 2.88938
threshold=62.500000000000007 54.500000000000007 4.5000000000000009 34.196428571428577 31.500000000000004 127.50000000000001
decision_type=2 2 2 2 2 2
left_child=1 2 -1 4 -4 -6
right_child=-2 -3 3 -5 5 -7
leaf_value=-0.00046000840584205834 0.076746111071620646 -0.015384716809160093 0.078557364896621407 0.021325801727213926 -0.0099328491677327883 0.015364958821669713
leaf_weight=3035 90 135 107 341 402 160
leaf_count=3035 90 135 107 341 402 160
internal_value=0.000230877 7.09677e-05 0.000358519 0.00245025 0.000106825 -0.00163492
internal_weight=4270 4180 4045 1010 669 562
internal_count=4270 4180 4045 1010 669 562
is_linear=0
shrinkage=0.06


Tree=168
num_leaves=7
num_cat=0
split_feature=30 30 18 25 26 18
split_gain=1.18009 4.29727 3.69805 3.01316 7.3424 4.34452
threshold=4.5000000000000009 7.5000000000000009 8.9509506302281441 34.500000000000007 25.500000000000004 7.2820627852958104
decision_type=2 2 2 2 2 2
left_child=3 2 -2 4 -1 -6
right_child=1 -3 -4 -5 5 -7
leaf_value=0.01108536611226877 0.068777660242050703 -0.00034088417834209794 -0.0094260047699775071 0.015194194152139811 -0.082438537878418011 -0.012444074212371136
leaf_weight=170 366 3212 107 242 84 108
leaf_count=170 366 3212 107 242 84 108
internal_value=8.66325e-05 0.000491057 0.00579916 -0.00235961 -0.00579564 -0.0136904
internal_weight=4289 3685 473 604 362 192
internal_count=4289 3685 473 604 362 192
is_linear=0
shrinkage=0.06


Tree=169
num_leaves=7
num_cat=0
split_feature=24 12 24 30 14 25
split_gain=1.81423 1.73019 3.17596 3.05474 2.73633 1.88529
threshold=61.000000000000007 24.625000000000004 20.750000000000004 18.500000000000004 23.750000000000004 23.500000000000004
decision_type=2 2 2 2 2 2
left_child=1 2 -1 -4 -3 -6
right_child=-2 4 3 -5 5 -7
leaf_value=0.014862505691429361 -0.0083766772177830077 0.052075880552400942 -0.0038808611458958039 -0.076070597778217758 -0.0061889838808546508 0.002145077346366495
leaf_weight=146 118 107 221 100 412 3182
leaf_count=146 118 107 221 100 412 3182
internal_value=0.000132137 0.000344357 -0.00307627 -0.0063865 0.000780356 0.00049097
internal_weight=4286 4168 467 321 3701 3594
internal_count=4286 4168 467 321 3701 3594
is_linear=0
shrinkage=0.06


Tree=170
num_leaves=7
num_cat=0
split_feature=24 25 15 10 24 12
split_gain=1.72425 1.65877 1.24687 5.76237 3.91619 3.46567
threshold=63.500000000000007 59.500000000000007 42.250000000000007 45.892857142857146 40.750000000000007 42.339285714285715
decision_type=2 2 2 2 2 2
left_child=1 2 5 4 -4 -1
right_child=-2 -3 3 -5 -6 -7
leaf_value=0.00017896061950477548 -0.0076315549436538621 0.21442448267781414 -0.0022817364079717873 0.0044669350826376953 -0.099195818169172459 0.053720742987934632
leaf_weight=3262 80 86 102 428 133 164
leaf_count=3262 80 86 102 428 133 164
internal_value=2.39437e-05 0.000196651 1.75867e-05 -0.00235329 -0.0098 0.000480035
internal_weight=4255 4175 4089 663 235 3426
internal_count=4255 4175 4089 663 235 3426
is_linear=0
shrinkage=0.06


Tree=171
num_leaves=7
num_cat=0
split_feature=17 32 12 24 24 18
split_gain=1.06512 3.00511 3.98154 2.71462 2.04985 2.39257
threshold=7.5467854905237521 19.500000000000004 24.696428571428573 31.500000000000004 20.750000000000004 5.0838202512206987
decision_type=2 2 2 2 2 2
left_child=1 2 4 -3 -1 -6
right_child=-2 3 -4 -5 5 -7
leaf_value=0.013960017712773313 -0.00098513863133514951 -0.014221662702847471 0.01676975655904037 0.021337228657288366 0.006886532434129713 -0.01377686735486148
leaf_weight=143 2589 238 892 86 95 245
leaf_count=143 2589 238 892 86 95 245
internal_value=-1.32774e-05 0.00115141 0.00237826 -0.00400304 -0.0019918 -0.00451304
internal_weight=4288 1699 1375 324 483 340
internal_count=4288 1699 1375 324 483 340
is_linear=0
shrinkage=0.06


Tree=172
num_leaves=7
num_cat=0
split_feature=24 27 14 30 14 24
split_gain=1.12718 1.17406 2.6211 2.23939 2.44717 1.98581
threshold=59.500000000000007 2.5000000000000004 47.250000000000007 28.500000000000004 43.250000000000007 28.500000000000004
decision_type=2 2 2 2 2 2
left_child=1 5 3 4 -3 -1
right_child=-2 2 -4 -5 -6 -7
leaf_value=0.0022430104631235436 -0.0073570749702166968 0.0015565269637539346 0.081846975187071597 0.032462676583412495 -0.029173582152517342 -0.0048608410305364782
leaf_weight=958 142 1871 102 152 154 880
leaf_count=958 142 1871 102 152 154 880
internal_value=8.02064e-05 0.00026492 0.00117426 0.00072044 0.000183251 -0.000861096
internal_weight=4259 4117 2279 2177 2025 1838
internal_count=4259 4117 2279 2177 2025 1838
is_linear=0
shrinkage=0.06


Tree=173
num_leaves=7
num_cat=0
split_feature=24 25 24 27 26 21
split_gain=1.41677 2.91843 2.84363 3.19179 2.234 1.52856
threshold=17.500000000000004 20.750000000000004 21.250000000000004 1.5000000000000002 19.500000000000004 1.0000000180025095e-35
decision_type=2 2 2 2 2 2
left_child=-1 4 3 -3 -2 -4
right_child=1 2 5 -5 -6 -7
leaf_value=0.017882724175036446 -0.070783879125228516 -0.0032667461426329589 -0.0029255266908458878 0.072923978411244442 -0.0012633613380018038 0.0012838394172357799
leaf_weight=89 86 82 1484 107 150 2299
leaf_count=89 86 82 1484 107 150 2299
internal_value=-0.000135286 -0.000298362 8.97662e-05 0.00717526 -0.00670954 -0.000272439
internal_weight=4297 4208 3972 189 236 3783
internal_count=4297 4208 3972 189 236 3783
is_linear=0
shrinkage=0.06


Tree=174
num_leaves=7
num_cat=1
split_feature=30 24 26 1 30 25
split_gain=1.23278 4.12867 3.851 8.17229 2.91167 2.90161
threshold=4.5000000000000009 41.500000000000007 25.500000000000004 0 7.5000000000000009 33.500000000000007
decision_type=2 2 2 1 2 2
left_child=1 2 -1 -4 -2 -5
right_child=4 -3 3 5 -6 -7
leaf_value=0.0054001654994243293 0.04237187463543006 0.044600454650151673 -0.047519006297398317 -0.017976851736779698 -0.00025657350585387204 0.035332235294974965
leaf_weight=164 473 117 125 96 3223 87
leaf_count=164 473 117 125 96 3223 87
internal_value=0.000142657 -0.00239394 -0.00489937 -0.00880831 0.000550392 -6.06061e-05
internal_weight=4285 589 472 308 3696 183
internal_count=4285 589 472 308 3696 183
cat_boundaries=0 1
cat_threshold=12
is_linear=0
shrinkage=0.06


Tree=175
num_leaves=7
num_cat=1
split_feature=32 1 30 3 30 24
split_gain=1.3258 3.83442 2.50998 1.84525 2.37592 1.95105
threshold=22.500000000000004 0 6.5000000000000009 143.50000000000003 29.500000000000004 24.500000000000004
decision_type=2 1 2 2 2 2
left_child=3 2 -2 4 5 -1
right_child=1 -3 -4 -5 -6 -7
leaf_value=0.0048681665975567169 -0.0066814044229163462 -0.047910244876959253 0.019168607777183867 0.017949901992638861 -0.084264290932560812 -0.000631235187016339
leaf_weight=796 115 194 191 122 126 2756
leaf_count=796 115 194 191 122 126 2756
internal_value=-0.000194425 -0.00308317 0.00120561 0.000188436 -5.62042e-05 0.000235311
internal_weight=4300 500 306 3800 3678 3552
internal_count=4300 500 306 3800 3678 3552
cat_boundaries=0 1
cat_threshold=11
is_linear=0
shrinkage=0.06


Tree=176
num_leaves=7
num_cat=0
split_feature=24 29 32 27 26 24
split_gain=1.85748 1.22158 2.47417 2.07425 2.09138 5.16142
threshold=59.500000000000007 2.5000000000000004 10.500000000000002 5.5000000000000009 25.500000000000004 22.500000000000004
decision_type=2 2 2 2 2 2
left_child=1 3 -3 4 5 -1
right_child=-2 2 -4 -5 -6 -7
leaf_value=0.0020160051338917961 -0.0077336693753811379 0.03098345777600307 0.0010377775549089252 -0.051207657192150591 0.0058476568853424614 -0.10293676806476507
leaf_weight=213 144 248 3006 113 438 99
leaf_count=213 144 248 3006 113 438 99
internal_value=0.000157525 0.000395924 0.000928813 -0.00160369 -0.000433113 -0.00415457
internal_weight=4261 4117 3254 863 750 312
internal_count=4261 4117 3254 863 750 312
is_linear=0
shrinkage=0.06


Tree=177
num_leaves=7
num_cat=0
split_feature=24 17 10 27 12 27
split_gain=1.56477 3.39381 2.15672 2.283 1.65996 1.4399
threshold=53.500000000000007 8.9407388973286057 47.785714285714292 2.5000000000000004 44.901785714285722 1.5000000000000002
decision_type=2 2 2 2 2 2
left_child=2 -2 5 -4 -3 -1
right_child=1 4 3 -5 -6 -7
leaf_value=-0.0023254298790799815 0.056948976390806434 -0.0013540606877623061 0.0021658027186528326 0.15260019010866932 -0.022307687380737705 0.0015641360445476215
leaf_weight=1152 88 115 150 100 109 2560
leaf_count=1152 88 115 150 100 109 2560
internal_value=9.04417e-05 -0.0039653 0.000415175 0.00575294 -0.00784716 4.7619e-05
internal_weight=4274 312 3962 250 224 3712
internal_count=4274 312 3962 250 224 3712
is_linear=0
shrinkage=0.06


Tree=178
num_leaves=7
num_cat=0
split_feature=26 25 26 18 3 14
split_gain=1.30175 4.84169 4.13298 5.80354 6.48725 3.90837
threshold=21.750000000000004 23.500000000000004 23.500000000000004 7.4917054984314122 87.500000000000014 24.750000000000004
decision_type=2 2 2 2 2 2
left_child=1 5 3 4 -2 -1
right_child=2 -3 -4 -5 -6 -7
leaf_value=0.0037143687515678214 -0.032953452245002145 0.030618159097452198 0.0010064796145813125 -0.1203893899749961 0.034328150258442644 -0.0091517113380650619
leaf_weight=292 150 124 3405 81 120 106
leaf_count=292 150 124 3405 81 120 106
internal_value=0.000104366 0.00289753 -0.00028636 -0.0064382 -0.00206182 -0.000364764
internal_weight=4278 522 3756 351 270 398
internal_count=4278 522 3756 351 270 398
is_linear=0
shrinkage=0.06


Tree=179
num_leaves=7
num_cat=0
split_feature=24 26 16 19 24 11
split_gain=1.79398 2.67384 2.67256 2.01565 2.64602 6.99141
threshold=53.500000000000007 51.500000000000007 9.9819558229685956 2.3214285714285716 46.500000000000007 47.125000000000007
decision_type=2 2 2 2 2 2
left_child=1 3 -2 4 -1 -6
right_child=2 -3 -4 -5 5 -7
leaf_value=8.6919433916119452e-05 0.013733922893633194 0.080171232580053042 -0.010367618976346216 0.0065681758439830708 -0.11676412794986019 0.10939091014934212
leaf_weight=3232 147 102 156 474 98 80
leaf_count=3232 147 102 156 474 98 80
internal_value=8.66325e-05 0.000427712 -0.00432468 0.000168938 -0.000341728 -0.00736066
internal_weight=4289 3986 303 3884 3410 178
internal_count=4289 3986 303 3884 3410 178
is_linear=0
shrinkage=0.06


Tree=180
num_leaves=7
num_cat=0
split_feature=26 25 24 26 16 30
split_gain=1.18613 3.46784 1.90959 4.51476 1.56112 3.41871
threshold=61.000000000000007 56.500000000000007 53.500000000000007 50.500000000000007 7.3225021028629849 9.5000000000000018
decision_type=2 2 2 2 2 2
left_child=1 2 3 4 5 -1
right_child=-2 -3 -4 -5 -6 -7
leaf_value=0.0063203284635577096 0.061244595947001317 -0.05581599663555524 -0.0083036377394046564 0.10753753953360141 0.0026105873635779756 -0.0084570627101861143
leaf_weight=517 82 110 159 98 2474 850
leaf_count=517 82 110 159 98 2474 850
internal_value=0.000271711 0.000127463 0.000416037 0.00068002 0.000346334 -0.00127697
internal_weight=4290 4208 4098 3939 3841 1367
internal_count=4290 4208 4098 3939 3841 1367
is_linear=0
shrinkage=0.06


Tree=181
num_leaves=7
num_cat=0
split_feature=24 25 30 24 30 30
split_gain=2.13583 2.30311 3.89761 2.75661 2.86016 2.21427
threshold=26.750000000000004 28.500000000000004 9.5000000000000018 28.500000000000004 20.500000000000004 3.5000000000000004
decision_type=2 2 2 2 2 2
left_child=5 2 -2 -4 -5 -1
right_child=1 -3 3 4 -6 -7
leaf_value=-0.025563564814049793 0.006130812525202884 -0.00044754222269687282 -0.0017857320190965752 -0.008190760118238263 -0.058779760200013201 0.0057745977614248887
leaf_weight=140 121 2560 111 80 103 1111
leaf_count=140 121 2560 111 80 103 1111
internal_value=-3.47436e-05 -0.000910067 -0.00502857 -0.00871906 -0.0131489 0.00203981
internal_weight=4226 2975 415 294 183 1251
internal_count=4226 2975 415 294 183 1251
is_linear=0
shrinkage=0.06


Tree=182
num_leaves=7
num_cat=0
split_feature=2 30 24 17 26 25
split_gain=0.9946 1.37612 1.71102 1.56272 1.40505 2.71874
threshold=2.5000000000000004 26.500000000000004 22.500000000000004 6.155714907415355 23.500000000000004 25.500000000000004
decision_type=2 2 2 2 2 2
left_child=-1 2 3 -2 -4 -6
right_child=1 -3 4 -5 5 -7
leaf_value=-0.0017301288556682247 -0.0011959316092750249 0.0049611874618914692 -0.0066617979588188183 0.012152358856355475 0.028708546106958121 -0.000707472170574901
leaf_weight=1231 120 361 238 247 212 1853
leaf_count=1231 120 361 238 247 212 1853
internal_value=0.000259433 0.000843874 0.000368972 0.00414516 -0.000239168 0.000266667
internal_weight=4262 3031 2670 367 2303 2065
internal_count=4262 3031 2670 367 2303 2065
is_linear=0
shrinkage=0.06


Tree=183
num_leaves=7
num_cat=0
split_feature=29 16 26 25 24 27
split_gain=1.10218 4.16605 3.24567 2.67488 1.42139 1.06424
threshold=5.5000000000000009 7.6563077014346534 28.500000000000004 47.500000000000007 39.500000000000007 1.5000000000000002
decision_type=2 2 2 2 2 2
left_child=5 -2 -3 4 -4 -1
right_child=1 2 3 -5 -6 -7
leaf_value=-0.0011241757127185247 -0.10762357386596313 0.056558807979539105 -0.0026151695986392108 0.065773686587343061 -0.088438630579883298 0.0032225974097073082
leaf_weight=1069 85 99 129 89 84 2703
leaf_count=1069 85 99 129 89 84 2703
internal_value=0.000541168 -0.00213238 0.000472906 -0.00262866 -0.00624771 0.000888801
internal_weight=4258 486 401 302 213 3772
internal_count=4258 486 401 302 213 3772
is_linear=0
shrinkage=0.06


Tree=184
num_leaves=7
num_cat=0
split_feature=26 26 26 26 26 24
split_gain=1.74667 3.48064 1.45436 1.69686 2.72554 2.45697
threshold=54.500000000000007 58.500000000000007 51.500000000000007 46.500000000000007 43.500000000000007 46.500000000000007
decision_type=2 2 2 2 2 2
left_child=2 -2 3 4 5 -1
right_child=1 -3 -4 -5 -6 -7
leaf_value=0.001290177624484736 -0.038764369153016252 0.0098174156775382212 0.067927205250366551 -0.015693839845775333 0.044296971057124809 -0.076554351328890477
leaf_weight=3382 96 128 124 205 209 112
leaf_count=3382 96 128 124 205 209 112
internal_value=0.00039357 -0.00470306 0.000682933 0.000474572 0.000771845 0.000367819
internal_weight=4256 224 4032 3908 3703 3494
internal_count=4256 224 4032 3908 3703 3494
is_linear=0
shrinkage=0.06


Tree=185
num_leaves=7
num_cat=0
split_feature=24 27 16 30 16 15
split_gain=1.74733 1.26129 2.46186 2.09479 1.89676 2.74535
threshold=59.500000000000007 4.5000000000000009 5.7961395667015028 9.5000000000000018 6.0533340627428425 25.750000000000004
decision_type=2 2 2 2 2 2
left_child=1 2 3 -1 -3 -6
right_child=-2 4 -4 -5 5 -7
leaf_value=3.0929757627085052e-06 -0.0088019442912977246 0.069798444843118715 0.0013829755040093848 -0.056072865487818431 -0.0080289167536263823 0.005112000020923416
leaf_weight=117 138 136 2763 149 222 762
leaf_count=117 138 136 2763 149 222 762
internal_value=0.00045713 0.000681753 4.35069e-05 -0.00541328 0.00239733 0.00145298
internal_weight=4287 4149 3029 266 1120 984
internal_count=4287 4149 3029 266 1120 984
is_linear=0
shrinkage=0.06


Tree=186
num_leaves=7
num_cat=0
split_feature=16 3 24 16 17 25
split_gain=1.99067 1.82704 1.28213 2.18803 1.43418 1.82853
threshold=11.82207316707235 114.50000000000001 59.500000000000007 10.14770702599948 10.035773489725036 52.500000000000007
decision_type=2 2 2 2 2 2
left_child=2 -2 3 4 5 -1
right_child=1 -3 -4 -5 -6 -7
leaf_value=0.00064767281776894052 -0.025421763213631557 -0.00010186371932370486 -0.0074906998489772374 0.019466713495398212 -0.065620502694223162 0.056412225011685732
leaf_weight=3264 80 100 107 441 96 155
leaf_count=3264 80 100 107 441 96 155
internal_value=0.000588983 -0.0054973 0.000865782 0.00104443 0.000540341 0.000748248
internal_weight=4243 180 4063 3956 3515 3419
internal_count=4243 180 4063 3956 3515 3419
is_linear=0
shrinkage=0.06


Tree=187
num_leaves=7
num_cat=0
split_feature=24 17 10 15 24 25
split_gain=1.53267 2.08921 1.74186 3.55489 4.46286 2.58572
threshold=53.500000000000007 8.9407388973286057 46.107142857142868 42.250000000000007 43.500000000000007 39.500000000000007
decision_type=2 2 2 2 2 2
left_child=2 -2 3 -1 -5 -4
right_child=1 -3 5 4 -6 -7
leaf_value=0.0015321824950779472 0.052240091698451674 -0.011423484451751342 -0.0045281584847900319 -0.00041393667171084835 -0.082893475963650723 0.086524321767407264
leaf_weight=3365 90 221 110 153 85 262
leaf_count=3365 90 221 110 153 85 262
internal_value=0.000565602 -0.0034557 0.000884925 0.000477273 -0.00653086 0.00476658
internal_weight=4286 311 3975 3603 238 372
internal_count=4286 311 3975 3603 238 372
is_linear=0
shrinkage=0.06


Tree=188
num_leaves=7
num_cat=0
split_feature=24 18 24 24 24 26
split_gain=1.22336 1.58106 2.60411 4.61709 2.1162 2.50677
threshold=59.500000000000007 9.3419292882535903 36.500000000000007 45.500000000000007 46.500000000000007 41.500000000000007
decision_type=2 2 2 2 2 2
left_child=1 4 -3 -4 5 -1
right_child=-2 2 3 -5 -6 -7
leaf_value=-2.8930045786172734e-05 -0.0080950556943590185 0.059934195220372216 -0.0076626279233412116 0.056527882079459406 -0.014658971754959045 0.036930642936721124
leaf_weight=3001 138 92 248 210 319 258
leaf_count=3001 138 92 248 210 319 258
internal_value=0.000231093 0.000420276 0.0034 0.0014838 -4.10271e-05 0.000417279
internal_weight=4266 4128 550 458 3578 3259
internal_count=4266 4128 550 458 3578 3259
is_linear=0
shrinkage=0.06


Tree=189
num_leaves=7
num_cat=0
split_feature=24 27 24 16 24 3
split_gain=1.25711 1.17018 1.97554 2.06579 2.49578 3.09815
threshold=59.500000000000007 2.5000000000000004 43.500000000000007 9.1261003434710926 26.750000000000004 112.50000000000001
decision_type=2 2 2 2 2 2
left_child=1 2 3 4 5 -1
right_child=-2 -3 -4 -5 -6 -7
leaf_value=0.0046099942955949297 -0.0075878085348149368 0.0030694255386815336 -0.083019906767699311 0.014048086654868239 -0.0090936556488984306 -0.0070814658330198236
leaf_weight=559 139 2310 94 474 480 222
leaf_count=559 139 2310 94 474 480 222
internal_value=0.00042657 0.000618243 -0.000513631 -4.13793e-05 -0.0013128 0.000778626
internal_weight=4278 4139 1829 1735 1261 781
internal_count=4278 4139 1829 1735 1261 781
is_linear=0
shrinkage=0.06


Tree=190
num_leaves=7
num_cat=0
split_feature=20 24 24 12 24 24
split_gain=1.12366 2.17438 2.20654 1.93507 1.63649 3.40047
threshold=1.0000000180025095e-35 53.500000000000007 50.500000000000007 44.758928571428577 31.500000000000004 39.500000000000007
decision_type=2 2 2 2 2 2
left_child=1 2 -1 -3 -2 -6
right_child=4 3 -4 -5 5 -7
leaf_value=-5.101793415044976e-05 0.014690193406000791 -0.00077546982582484599 0.075917731262115096 -0.018647404933955052 -0.011604018719667377 0.0080720509607346887
leaf_weight=3283 291 139 91 121 155 217
leaf_count=3283 291 139 91 121 155 217
internal_value=0.000225941 -0.000188788 0.000221071 -0.00542264 0.00248802 -0.000151194
internal_weight=4297 3634 3374 260 663 372
internal_count=4297 3634 3374 260 663 372
is_linear=0
shrinkage=0.06


Tree=191
num_leaves=7
num_cat=0
split_feature=24 25 16 24 30 3
split_gain=1.49247 1.65468 1.73643 1.73268 1.36742 1.90052
threshold=21.750000000000004 21.750000000000004 6.3527202884844929 20.250000000000004 26.500000000000004 108.50000000000001
decision_type=2 2 2 2 2 2
left_child=1 2 -1 -3 -2 -6
right_child=4 3 -4 -5 5 -7
leaf_value=-0.044677292723747916 -0.0011338395126611932 0.00092368988492573881 0.041506501562616115 0.10449473537713785 -0.00099064886378516623 0.015465761540057743
leaf_weight=97 3362 80 135 89 231 271
leaf_count=97 3362 80 135 89 231 271
internal_value=0.000115222 0.00357635 0.000240506 0.008 -0.000247351 0.0026568
internal_weight=4265 401 232 169 3864 502
internal_count=4265 401 232 169 3864 502
is_linear=0
shrinkage=0.06


Tree=192
num_leaves=7
num_cat=0
split_feature=25 26 26 24 29 25
split_gain=1.4888 5.61439 4.24297 2.32605 2.48724 3.87979
threshold=23.500000000000004 21.750000000000004 23.500000000000004 24.500000000000004 2.5000000000000004 29.500000000000004
decision_type=2 2 2 2 2 2
left_child=2 -2 -1 -3 5 -5
right_child=1 3 -4 4 -6 -7
leaf_value=-0.0053152202599241281 0.040331319529905131 0.026384441474789334 0.042116228203733785 -0.077449510005650701 0.0006021461230528713 -0.002889899368212575
leaf_weight=610 119 229 141 117 2610 426
leaf_count=610 119 229 141 117 2610 426
internal_value=-0.00014024 0.00037992 -0.00255556 -7.88308e-05 -0.000507283 -0.00418248
internal_weight=4252 3501 751 3382 3153 543
internal_count=4252 3501 751 3382 3153 543
is_linear=0
shrinkage=0.06


Tree=193
num_leaves=7
num_cat=0
split_feature=24 10 13 26 19 24
split_gain=1.52951 2.26163 3.12342 1.99725 1.44332 1.69304
threshold=53.500000000000007 48.071428571428577 42.500000000000007 51.500000000000007 2.7500000000000004 31.500000000000004
decision_type=2 2 2 2 2 2
left_child=3 2 -2 4 5 -1
right_child=1 -3 -4 -5 -6 -7
leaf_value=0.0027388314940232751 -0.016131487380486184 -0.011277375663677569 0.047728566394473003 0.061743788724647662 0.013197301450144664 -0.0025455082321194688
leaf_weight=1834 145 85 86 102 351 1723
leaf_count=1834 145 85 86 102 351 1723
internal_value=0.000255599 -0.00372897 -0.000559322 0.000574595 0.000351904 -1.17911e-05
internal_weight=4326 316 231 4010 3908 3557
internal_count=4326 316 231 4010 3908 3557
is_linear=0
shrinkage=0.06


Tree=194
num_leaves=7
num_cat=0
split_feature=26 25 25 26 25 29
split_gain=1.27986 3.79298 3.49755 4.59415 2.52431 3.47466
threshold=23.500000000000004 25.500000000000004 23.500000000000004 21.750000000000004 26.250000000000004 5.5000000000000009
decision_type=2 2 2 2 2 2
left_child=2 -2 -1 -4 -3 -6
right_child=1 4 3 -5 5 -7
leaf_value=-0.0047137295861224716 0.021442914358745405 -0.047096364104068048 0.03246413944991413 -0.068769991745068329 0.0014347952187334578 -0.010410192298100942
leaf_weight=619 397 133 116 126 2532 366
leaf_count=619 397 133 116 126 2532 366
internal_value=2.7946e-06 0.000523449 -0.00205774 0.00399595 -0.000201581 0.000174647
internal_weight=4289 3428 861 242 3031 2898
internal_count=4289 3428 861 242 3031 2898
is_linear=0
shrinkage=0.06


Tree=195
num_leaves=7
num_cat=0
split_feature=27 30 16 24 24 26
split_gain=1.22095 3.09135 2.31332 3.75759 3.70316 3.24451
threshold=2.5000000000000004 28.500000000000004 8.9933720238064563 26.750000000000004 36.500000000000007 32.500000000000007
decision_type=2 2 2 2 2 2
left_child=1 2 3 -1 -4 -5
right_child=-2 -3 4 5 -6 -7
leaf_value=0.00067457772315390469 0.001716076807808804 -0.011955006121031798 0.038445959188380445 -0.030840489849014285 -0.006569438438468733 0.00034755934562552483
leaf_weight=742 2440 94 283 279 257 190
leaf_count=742 2440 94 283 279 257 190
internal_value=0.000296503 -0.000865946 -0.000280182 -0.00173684 0.00296697 -0.00591139
internal_weight=4285 1845 1751 1211 540 469
internal_count=4285 1845 1751 1211 540 469
is_linear=0
shrinkage=0.06


Tree=196
num_leaves=7
num_cat=0
split_feature=26 25 26 26 25 25
split_gain=1.59686 3.32708 1.69937 1.96386 2.25579 2.86184
threshold=54.500000000000007 62.500000000000007 51.500000000000007 46.500000000000007 36.500000000000007 37.500000000000007
decision_type=2 2 2 2 2 2
left_child=2 -2 3 4 -1 -6
right_child=1 -3 -4 -5 5 -7
leaf_value=-0.00050475054289604083 -0.011738929915828859 0.029226044118205639 0.064171721687268798 -0.020565362188430067 0.035089899363011205 0.0014650651787984903
leaf_weight=2594 126 82 123 195 112 1022
leaf_count=2594 126 82 123 195 112 1022
internal_value=0.000288096 -0.00477465 0.000554678 0.000331466 0.000642111 0.00286831
internal_weight=4254 208 4046 3923 3728 1134
internal_count=4254 208 4046 3923 3728 1134
is_linear=0
shrinkage=0.06


Tree=197
num_leaves=7
num_cat=0
split_feature=26 17 26 26 16 24
split_gain=1.15862 2.61585 1.5578 1.44198 1.66523 1.48461
threshold=54.500000000000007 9.3076226774009978 51.500000000000007 47.500000000000007 9.4679724028679129 37.500000000000007
decision_type=2 2 2 2 2 2
left_child=2 -2 3 4 -1 -6
right_child=1 -3 -4 -5 5 -7
leaf_value=0.00012550532090775058 0.0093260927837069563 -0.013550084559940636 0.069022075761804885 -0.040770899498161657 0.030028772360324706 0.00051055911912778029
leaf_weight=3017 96 115 123 155 346 432
leaf_count=3017 96 115 123 155 346 432
internal_value=0.000614829 -0.00366667 0.000841589 0.000628824 0.000863684 0.0033295
internal_weight=4284 211 4073 3950 3795 778
internal_count=4284 211 4073 3950 3795 778
is_linear=0
shrinkage=0.06


Tree=198
num_leaves=7
num_cat=0
split_feature=24 25 15 10 24 13
split_gain=2.27782 1.50275 1.16648 3.7996 4.77583 2.24171
threshold=63.500000000000007 59.500000000000007 42.250000000000007 45.892857142857146 42.500000000000007 41.500000000000007
decision_type=2 2 2 2 2 2
left_child=1 2 5 4 -4 -1
right_child=-2 -3 3 -5 -6 -7
leaf_value=0.00062454971815055764 -0.0078276008234634178 0.17837753860487843 0.00050971968805576748 0.0016851756265628469 -0.084895521052810355 0.030012335500335656
leaf_weight=3206 80 82 122 431 104 245
leaf_count=3206 80 82 122 431 104 245
internal_value=0.000581754 0.000778784 0.000611962 -0.00169486 -0.00790909 0.00105382
internal_weight=4270 4190 4108 657 226 3451
internal_count=4270 4190 4108 657 226 3451
is_linear=0
shrinkage=0.06


Tree=199
num_leaves=7
num_cat=1
split_feature=24 1 11 30 30 26
split_gain=1.17993 1.14053 2.21481 3.68071 4.61715 1.97251
threshold=59.500000000000007 0 28.107142857142861 3.5000000000000004 8.5000000000000018 20.250000000000004
decision_type=2 1 2 2 2 2
left_child=1 2 3 -1 -5 -3
right_child=-2 5 -4 4 -6 -7
leaf_value=-0.041776357063415058 -0.0074070046943721943 0.0071889496468130441 -0.09910585140378185 0.06670771177284382 -0.001555146174143558 0.00082417921314887656
leaf_weight=82 132 128 97 132 553 3162
leaf_count=82 132 128 97 132 553 3162
internal_value=0.000243999 0.000424862 -0.00149829 -0.000404145 0.00106087 0.000934039
internal_weight=4286 4154 864 767 685 3290
internal_count=4286 4154 864 767 685 3290
cat_boundaries=0 1
cat_threshold=16
is_linear=0
shrinkage=0.06


Tree=200
num_leaves=7
num_cat=0
split_feature=25 24 26 26 24 30
split_gain=0.95508 5.1429 3.79883 3.50265 2.82134 3.66377
threshold=23.500000000000004 22.500000000000004 21.750000000000004 23.500000000000004 17.500000000000004 9.5000000000000018
decision_type=2 2 2 2 2 2
left_child=3 -2 -3 4 -1 -6
right_child=1 2 -4 -5 5 -7
leaf_value=0.023299124710249485 0.11896970518654278 0.020092810861303725 -2.8039024700469101e-05 0.03455379467144222 0.0017714661112678209 -0.013271803061607241
leaf_weight=90 94 102 3336 142 167 355
leaf_count=90 94 102 3336 142 167 355
internal_value=0.000313913 0.000728584 0.000338949 -0.0016166 -0.00359319 -0.00528843
internal_weight=4286 3532 3438 754 612 522
internal_count=4286 3532 3438 754 612 522
is_linear=0
shrinkage=0.06


Tree=201
num_leaves=7
num_cat=0
split_feature=24 16 25 24 26 26
split_gain=1.79181 1.54677 1.52977 4.81313 3.19776 2.85789
threshold=57.500000000000007 10.212037448508966 23.500000000000004 22.500000000000004 21.750000000000004 23.500000000000004
decision_type=2 2 2 2 2 2
left_child=2 -2 5 -4 -5 -1
right_child=1 -3 3 4 -6 -7
leaf_value=-0.0031702109963864999 0.0022520691929442194 -0.042134045127552477 0.11488290241043564 0.018520259614704847 0.00063268750390798711 0.036040747972267452
leaf_weight=640 81 98 96 98 3176 147
leaf_count=640 81 98 96 98 3176 147
internal_value=0.000510712 -0.00528261 0.000766939 0.00132356 0.000923147 -0.00160606
internal_weight=4336 179 4157 3370 3274 787
internal_count=4336 179 4157 3370 3274 787
is_linear=0
shrinkage=0.06


Tree=202
num_leaves=7
num_cat=1
split_feature=26 26 30 25 3 1
split_gain=0.910401 2.92862 1.44519 4.32758 3.15419 3.19926
threshold=54.500000000000007 58.500000000000007 7.5000000000000009 46.500000000000007 113.50000000000001 0
decision_type=2 2 2 2 2 1
left_child=2 -2 3 4 5 -1
right_child=1 -3 -4 -5 -6 -7
leaf_value=0.022641750195372255 -0.023558872292042919 0.010371276753842319 8.7945830122393421e-06 0.11406749846734945 -0.01062608870851757 -0.005700084171158395
leaf_weight=352 89 123 3029 107 332 229
leaf_count=352 89 123 3029 107 332 229
internal_value=0.000481013 -0.00330415 0.000683769 0.00263122 0.0012549 0.00391126
internal_weight=4261 212 4049 1020 913 581
internal_count=4261 212 4049 1020 913 581
cat_boundaries=0 1
cat_threshold=11
is_linear=0
shrinkage=0.06


Tree=203
num_leaves=7
num_cat=0
split_feature=24 10 13 26 24 10
split_gain=2.05705 2.24012 3.49703 1.64542 1.60012 4.01712
threshold=53.500000000000007 48.071428571428577 41.500000000000007 51.500000000000007 46.500000000000007 47.000000000000007
decision_type=2 2 2 2 2 2
left_child=3 2 -2 4 -1 -6
right_child=1 -3 -4 -5 5 -7
leaf_value=0.0012053599709570095 -0.014089263973056093 -0.012017969357922773 0.037000842194524493 0.0492163609763153 -0.07844531726766861 0.10927760617206508
leaf_weight=3643 110 83 117 102 149 84
leaf_count=3643 110 83 117 102 149 84
internal_value=0.000390636 -0.00427619 -0.00108621 0.00075998 0.000555785 -0.00421008
internal_weight=4288 310 227 3978 3876 233
internal_count=4288 310 227 3978 3876 233
is_linear=0
shrinkage=0.06


Tree=204
num_leaves=7
num_cat=0
split_feature=24 17 25 32 26 25
split_gain=1.65083 1.00511 3.19838 3.17625 3.11736 3.00994
threshold=59.500000000000007 7.5467854905237521 36.500000000000007 21.500000000000004 33.500000000000007 22.500000000000004
decision_type=2 2 2 2 2 2
left_child=1 2 3 4 5 -1
right_child=-2 -3 -4 -5 -6 -7
leaf_value=-0.0032220690597655911 -0.0045214489154919279 -8.1477038271802197e-05 0.037597279191792385 -0.038934481227233274 -0.03186426377596395 0.0078636282078332256
leaf_weight=463 136 2441 247 105 114 774
leaf_count=463 136 2441 247 105 114 774
internal_value=0.000447375 0.000664497 0.00178103 0.000696099 0.00149115 0.00237681
internal_weight=4280 4144 1703 1456 1351 1237
internal_count=4280 4144 1703 1456 1351 1237
is_linear=0
shrinkage=0.06


Tree=205
num_leaves=7
num_cat=0
split_feature=24 25 24 26 26 26
split_gain=2.32496 1.31997 4.32728 3.12681 2.39467 2.22632
threshold=59.500000000000007 23.500000000000004 22.500000000000004 21.750000000000004 23.500000000000004 23.500000000000004
decision_type=2 2 2 2 2 2
left_child=1 5 -3 -4 -5 -1
right_child=-2 2 3 4 -6 -7
leaf_value=-0.0028595234662555334 -0.0059383785473733058 0.10438928408227917 0.016822039330330617 -0.10640592609238582 0.0013048377471074361 0.026287364849541087
leaf_weight=623 144 87 97 95 3080 139
leaf_count=623 144 87 97 95 3080 139
internal_value=0.000536768 0.000802714 0.00131451 0.000951175 0.000616981 -0.00144329
internal_weight=4265 4121 3359 3272 3175 762
internal_count=4265 4121 3359 3272 3175 762
is_linear=0
shrinkage=0.06


Tree=206
num_leaves=7
num_cat=0
split_feature=24 25 24 30 26 30
split_gain=2.13468 1.0022 5.04091 3.7287 3.7382 2.67111
threshold=59.500000000000007 23.500000000000004 22.500000000000004 3.5000000000000004 23.500000000000004 24.500000000000004
decision_type=2 2 2 2 2 2
left_child=1 3 -3 -1 5 -5
right_child=-2 2 -4 4 -6 -7
leaf_value=-0.038661785362684879 -0.0051344008197153458 0.092986934121501691 0.00075610268385671413 -0.00036614646017065313 0.038101920911849781 -0.051153111743338066
leaf_weight=94 137 94 3291 467 124 92
leaf_count=94 137 94 3291 467 124 92
internal_value=0.000177045 0.000424046 0.000870796 -0.00151151 6.10465e-05 -0.00204255
internal_weight=4299 4162 3385 777 683 559
internal_count=4299 4162 3385 777 683 559
is_linear=0
shrinkage=0.06


Tree=207
num_leaves=7
num_cat=0
split_feature=24 24 25 15 18 27
split_gain=2.1565 1.27553 3.95707 1.4897 1.57652 4.00672
threshold=57.500000000000007 22.500000000000004 23.500000000000004 22.750000000000004 6.2892630301718482 3.5000000000000004
decision_type=2 2 2 2 2 2
left_child=1 2 -1 -3 5 -5
right_child=-2 3 -4 4 -6 -7
leaf_value=0.00096698938664366708 -0.0065413871345302785 -0.008519741345647645 0.095602688207874514 -0.011215892393005982 5.4429542365796999e-05 0.042714294044627683
leaf_weight=458 177 146 92 89 3170 124
leaf_count=458 177 146 92 89 3170 124
internal_value=0.000224595 0.000509794 0.00318378 8.82852e-05 0.000348878 0.0052844
internal_weight=4256 4079 550 3529 3383 213
internal_count=4256 4079 550 3529 3383 213
is_linear=0
shrinkage=0.06


Tree=208
num_leaves=7
num_cat=0
split_feature=25 25 26 26 26 32
split_gain=1.15392 3.09161 2.42122 3.1847 1.9288 1.60127
threshold=62.500000000000007 57.500000000000007 54.500000000000007 50.500000000000007 47.500000000000007 14.500000000000002
decision_type=2 2 2 2 2 2
left_child=1 2 3 4 5 -1
right_child=-2 -3 -4 -5 -6 -7
leaf_value=-0.0012170236168276159 0.055584844824264207 -0.049253161604547679 -0.0071250226625296335 0.082594651743658598 -0.043897861609044318 0.0050918594074077636
leaf_weight=1859 88 81 91 134 99 1913
leaf_count=1859 88 81 91 134 99 1913
internal_value=0.000452459 0.000304161 0.0005406 0.000766085 0.000444272 0.000666402
internal_weight=4265 4177 4096 4005 3871 3772
internal_count=4265 4177 4096 4005 3871 3772
is_linear=0
shrinkage=0.06


Tree=209
num_leaves=7
num_cat=0
split_feature=16 29 19 25 2 27
split_gain=1.50916 1.65966 1.13674 2.70127 0.99343 1.26228
threshold=11.82207316707235 4.5000000000000009 2.3571428571428563 42.500000000000007 2.5000000000000004 1.5000000000000002
decision_type=2 2 2 2 2 2
left_child=2 -2 4 -4 -1 -6
right_child=1 -3 3 -5 5 -7
leaf_value=-0.0022947445871327643 -0.024891495823444479 0.003464987512447859 0.020085997461470707 -0.0055274070248215509 -0.0012754505852339303 0.0040292462001604813
leaf_weight=1049 84 103 374 132 752 1807
leaf_count=1049 84 103 374 132 752 1807
internal_value=0.000448676 -0.00475 0.000691187 0.00334051 0.000314697 0.000952418
internal_weight=4301 187 4114 506 3608 2559
internal_count=4301 187 4114 506 3608 2559
is_linear=0
shrinkage=0.06


Tree=210
num_leaves=7
num_cat=0
split_feature=25 26 26 26 10 26
split_gain=0.860313 2.54386 1.1964 1.70125 2.5482 1.61763
threshold=62.500000000000007 54.500000000000007 51.500000000000007 46.500000000000007 43.071428571428577 43.500000000000007
decision_type=2 2 2 2 2 2
left_child=1 2 3 5 -5 -1
right_child=-2 -3 -4 4 -6 -7
leaf_value=0.00019823906736496255 0.052340055036704435 -0.0080271961127556506 0.038132022594869544 -0.048052897384292644 0.0044370974588749945 0.035397276359808952
leaf_weight=3533 89 128 129 81 113 211
leaf_count=3533 89 128 129 81 113 211
internal_value=0.00019515 6.71429e-05 0.000334479 0.000143799 -0.00526131 0.000431315
internal_weight=4284 4195 4067 3938 194 3744
internal_count=4284 4195 4067 3938 194 3744
is_linear=0
shrinkage=0.06


Tree=211
num_leaves=7
num_cat=0
split_feature=24 11 24 24 26 11
split_gain=1.21593 1.33763 4.92367 2.60759 4.69888 4.99362
threshold=59.500000000000007 39.250000000000007 46.500000000000007 36.500000000000007 38.750000000000007 42.250000000000007
decision_type=2 2 2 2 2 2
left_child=1 2 -1 -3 5 -5
right_child=-2 3 -4 4 -6 -7
leaf_value=7.6098820957002373e-05 -0.0064758120327848669 0.064565562607538429 -0.048901324165711038 0.017946223012308415 0.011498205347260834 -0.047936082209546725
leaf_weight=2816 136 208 136 81 714 176
leaf_count=2816 136 208 136 81 714 176
internal_value=-3.08989e-05 0.000155222 -0.000526547 0.0018598 0.000534836 -0.00634351
internal_weight=4267 4131 2952 1179 971 257
internal_count=4267 4131 2952 1179 971 257
is_linear=0
shrinkage=0.06


Tree=212
num_leaves=7
num_cat=0
split_feature=24 26 24 25 26 15
split_gain=1.43418 3.3415 1.39108 3.78796 2.02547 1.44533
threshold=17.500000000000004 18.500000000000004 22.500000000000004 23.500000000000004 21.750000000000004 25.750000000000004
decision_type=2 2 2 2 2 2
left_child=-1 -2 3 4 -3 -4
right_child=1 2 5 -5 -6 -7
leaf_value=0.024385141865369435 -0.027788651435906177 0.0054964066389511122 -0.0051962250783810738 0.08471855970657248 -0.0084111851527071992 0.00097359051873740826
leaf_weight=89 82 155 625 100 146 3102
leaf_count=89 82 155 625 100 146 3102
internal_value=0.000455855 0.000291103 0.000536414 0.00387192 0.000431373 0.000172026
internal_weight=4299 4210 4128 401 301 3727
internal_count=4299 4210 4128 401 301 3727
is_linear=0
shrinkage=0.06


Tree=213
num_leaves=7
num_cat=0
split_feature=24 16 24 25 30 25
split_gain=1.85031 1.4684 1.14453 3.08894 7.98502 3.00376
threshold=57.500000000000007 10.264361121271067 31.500000000000004 34.500000000000007 6.5000000000000009 33.500000000000007
decision_type=2 2 2 2 2 2
left_child=2 -2 5 4 -4 -1
right_child=1 -3 3 -5 -6 -7
leaf_value=0.0010338815592031425 0.00019329610520159689 -0.023309813888510056 -0.0298345347164908 0.0011121930319580619 -0.00070048519142527292 0.049001043226700597
leaf_weight=1809 85 94 108 1675 399 101
leaf_count=1809 85 94 108 1675 399 101
internal_value=0.000276427 -0.0056087 0.000541128 -0.000396433 -0.00447656 0.00161201
internal_weight=4271 179 4092 2182 507 1910
internal_count=4271 179 4092 2182 507 1910
is_linear=0
shrinkage=0.06


Tree=214
num_leaves=7
num_cat=0
split_feature=26 25 25 30 25 25
split_gain=0.979204 3.45586 1.28983 5.90868 2.90231 4.74123
threshold=61.000000000000007 55.500000000000007 46.500000000000007 18.500000000000004 43.500000000000007 44.500000000000007
decision_type=2 2 2 2 2 2
left_child=1 2 4 -4 -1 -6
right_child=-2 -3 3 -5 5 -7
leaf_value=0.00060870636550751193 0.062507086704496451 -0.037896890712148634 0.06120084900616457 -0.020645441430048046 -0.14861545549487393 0.0010824434858154319
leaf_weight=3432 82 122 242 146 95 163
leaf_count=3432 82 122 242 146 95 163
internal_value=0.000216235 8.48989e-05 0.000388685 0.00365649 3.97835e-05 -0.00603422
internal_weight=4282 4200 4078 388 3690 258
internal_count=4282 4200 4078 388 3690 258
is_linear=0
shrinkage=0.06


Tree=215
num_leaves=7
num_cat=0
split_feature=24 16 18 24 32 3
split_gain=1.38264 2.3793 1.92354 1.95704 2.91072 2.64529
threshold=57.500000000000007 10.212037448508966 9.2732172380288933 36.500000000000007 14.500000000000002 122.50000000000001
decision_type=2 2 2 2 2 2
left_child=2 -2 -1 -4 -5 -6
right_child=1 -3 3 4 5 -7
leaf_value=0.00047493930611354425 0.0072120667418373152 -0.022861697935688534 0.062426398387865747 -0.020592787323486048 0.042896355318916182 0.0015710602379093342
leaf_weight=3465 82 102 114 86 155 272
leaf_count=3465 82 102 114 86 155 272
internal_value=0.000587947 -0.00442857 0.00081938 0.00386392 0.00222394 0.00426389
internal_weight=4276 184 4092 627 513 427
internal_count=4276 184 4092 627 513 427
is_linear=0
shrinkage=0.06


Tree=216
num_leaves=7
num_cat=0
split_feature=3 30 25 17 26 32
split_gain=0.838379 2.61423 1.78589 0.951774 2.75204 2.9141
threshold=39.500000000000007 7.5000000000000009 27.500000000000004 7.5467854905237521 35.500000000000007 19.500000000000004
decision_type=2 2 2 2 2 2
left_child=1 -1 -3 4 5 -2
right_child=3 2 -4 -5 -6 -7
leaf_value=0.0095555113674504703 0.0038530725511519313 -0.0065857929248813981 -0.083070075137240212 -7.2233515686767605e-05 0.043032333242213505 -0.0095943109656325028
leaf_weight=197 972 83 97 2442 185 282
leaf_count=197 972 83 97 2442 185 282
internal_value=0.000372273 -0.0023089 -0.00744324 0.00063613 0.00185734 0.000831612
internal_weight=4258 377 180 3881 1439 1254
internal_count=4258 377 180 3881 1439 1254
is_linear=0
shrinkage=0.06


Tree=217
num_leaves=7
num_cat=0
split_feature=19 24 17 30 17 24
split_gain=1.37788 1.42623 2.53758 2.09674 1.57393 1.2222
threshold=-2.9642857142857149 53.500000000000007 8.9407388973286057 12.500000000000002 10.392964681200901 31.500000000000004
decision_type=2 2 2 2 2 2
left_child=-1 4 -3 -4 5 -2
right_child=1 2 3 -5 -6 -7
leaf_value=0.063941278373869204 0.0027581425064721445 0.023764958501310697 -0.031212200561650645 -0.002133873610755468 0.018503112154917126 -0.0010441802411226087
leaf_weight=111 1834 87 95 126 216 1750
leaf_count=111 1834 87 95 126 216 1750
internal_value=0.000634943 0.000451495 -0.00344089 -0.00682301 0.000771879 0.000467261
internal_weight=4219 4108 308 221 3800 3584
internal_count=4219 4108 308 221 3800 3584
is_linear=0
shrinkage=0.06


Tree=218
num_leaves=7
num_cat=0
split_feature=24 26 24 25 15 30
split_gain=1.23412 2.96702 1.85388 3.40139 1.5173 5.80874
threshold=17.500000000000004 18.500000000000004 22.500000000000004 23.500000000000004 25.750000000000004 16.500000000000004
decision_type=2 2 2 2 2 2
left_child=-1 -2 3 -3 5 -4
right_child=1 2 4 -5 -6 -7
leaf_value=0.019713697928148487 -0.026387374282304674 0.00098098304536622482 0.01619110531859845 0.079876865312010964 0.00074880183217277622 -0.033460679082291903
leaf_weight=88 81 299 371 97 3058 259
leaf_count=88 81 299 371 97 3058 259
internal_value=0.000228276 7.48201e-05 0.00030741 0.00418204 -0.000112916 -0.00278268
internal_weight=4253 4165 4084 396 3688 630
internal_count=4253 4165 4084 396 3688 630
is_linear=0
shrinkage=0.06


Tree=219
num_leaves=7
num_cat=0
split_feature=24 18 27 30 24 11
split_gain=0.829885 2.04426 1.18099 2.28005 1.9356 1.84215
threshold=57.500000000000007 9.2849848389818082 2.5000000000000004 28.500000000000004 22.500000000000004 27.875000000000004
decision_type=2 2 2 2 2 2
left_child=2 -2 -1 4 -4 -6
right_child=1 -3 3 -5 5 -7
leaf_value=-0.00073255228100580709 0.0084435336693517195 -0.013755763277677179 0.0233740536742266 0.024205375466519626 -0.0039088415460440829 0.0034178689384520089
leaf_weight=1848 85 104 150 167 432 1521
leaf_count=1848 85 104 150 167 432 1521
internal_value=0.000524583 -0.00330928 0.000705069 0.00162066 0.00107306 0.000557712
internal_weight=4307 189 4118 2270 2103 1953
internal_count=4307 189 4118 2270 2103 1953
is_linear=0
shrinkage=0.06


Tree=220
num_leaves=7
num_cat=0
split_feature=24 18 24 24 15 24
split_gain=1.35851 1.39372 2.27995 4.60139 2.10535 4.88305
threshold=59.500000000000007 9.4594280577062531 36.500000000000007 45.500000000000007 42.250000000000007 38.750000000000007
decision_type=2 2 2 2 2 2
left_child=1 4 -3 -4 -1 -6
right_child=-2 2 3 -5 5 -7
leaf_value=0.00096919764800847293 -0.0061160354123611692 0.080752887548931174 -0.0066269246862810148 0.042293378729464495 0.041284215096947623 -0.019723488586135953
leaf_weight=3270 136 85 207 185 86 303
leaf_count=3270 136 85 207 185 86 303
internal_value=0.000279869 0.000477421 0.00351037 0.00150378 7.69651e-05 -0.00406599
internal_weight=4272 4136 477 392 3659 389
internal_count=4272 4136 477 392 3659 389
is_linear=0
shrinkage=0.06


Tree=221
num_leaves=7
num_cat=0
split_feature=24 25 25 30 18 11
split_gain=1.03294 3.35554 2.79834 5.75109 3.0515 3.93079
threshold=31.500000000000004 33.500000000000007 34.500000000000007 6.5000000000000009 6.7719713596967788 29.321428571428573
decision_type=2 2 2 2 2 2
left_child=1 -1 3 -2 -4 -6
right_child=2 -3 4 -5 5 -7
leaf_value=0.00098646253311000407 -0.04403526763733618 0.048795776778063328 0.044659042327364021 -0.0013203433894232841 -0.017637514688864851 0.00094666656211426668
leaf_weight=1807 108 104 120 409 124 1621
leaf_count=1807 108 104 120 409 124 1621
internal_value=0.000268032 0.00130585 -0.000564307 -0.00444828 0.000519786 -0.000126857
internal_weight=4293 1911 2382 517 1865 1745
internal_count=4293 1911 2382 517 1865 1745
is_linear=0
shrinkage=0.06


Tree=222
num_leaves=7
num_cat=1
split_feature=9 9 31 3 1 25
split_gain=0.861719 1.0217 0.975895 3.85725 2.58736 2.07907
threshold=59.500000000000007 55.500000000000007 1.5000000000000002 83.500000000000014 0 34.500000000000007
decision_type=10 8 2 2 1 2
left_child=1 2 3 5 -5 -1
right_child=-2 -3 -4 4 -6 -7
leaf_value=0.0083317001204958954 0.013410581789886002 -0.025555583059003954 -0.00026333054765319329 -0.032511526166399206 0.0016129516627347883 0.06581779392422471
leaf_weight=256 105 90 3094 117 492 138
leaf_count=256 105 90 3094 117 492 138
internal_value=0.000320456 0.000181775 0.00032472 0.00194643 -0.0010456 0.00653383
internal_weight=4292 4187 4097 1003 609 394
internal_count=4292 4187 4097 1003 609 394
cat_boundaries=0 1
cat_threshold=4
is_linear=0
shrinkage=0.06


Tree=223
num_leaves=7
num_cat=0
split_feature=24 17 12 26 24 14
split_gain=0.926666 2.3211 2.28322 2.18714 2.62594 4.603
threshold=53.500000000000007 8.9407388973286057 44.758928571428577 41.500000000000007 42.500000000000007 36.250000000000007
decision_type=2 2 2 2 2 2
left_child=3 -2 -3 -1 -5 -6
right_child=1 2 -4 4 5 -7
leaf_value=0.00013536495807930259 0.030478927398883481 0.00055377515085980539 -0.019975205268272851 0.03383281268911742 -0.07786370591660334 0.040620706411804416
leaf_weight=3326 85 110 112 227 102 309
leaf_count=3326 85 110 112 227 102 309
internal_value=0.000416745 -0.00273077 -0.00593392 0.000664399 0.00386781 0.000966346
internal_weight=4271 307 222 3964 638 411
internal_count=4271 307 222 3964 638 411
is_linear=0
shrinkage=0.06


Tree=224
num_leaves=7
num_cat=0
split_feature=24 25 12 30 11 15
split_gain=0.753679 3.48168 1.42396 3.16086 2.34785 2.14378
threshold=22.500000000000004 23.500000000000004 24.982142857142858 9.5000000000000018 26.392857142857146 25.750000000000004
decision_type=2 2 2 2 2 2
left_child=1 -1 3 -2 -4 -6
right_child=2 -3 4 -5 5 -7
leaf_value=0.00054227154483975305 0.014239074229838253 0.072041861047064545 0.042989330455937495 -0.046706758549771479 -0.0061866342678658804 0.001244592895803316
leaf_weight=459 87 99 103 167 293 3076
leaf_count=459 87 99 103 167 293 3076
internal_value=0.000558872 0.00260568 0.000248459 -0.00404247 0.000568594 0.000288085
internal_weight=4284 558 3726 254 3472 3369
internal_count=4284 558 3726 254 3472 3369
is_linear=0
shrinkage=0.06


Tree=225
num_leaves=7
num_cat=1
split_feature=27 24 25 17 1 21
split_gain=1.40637 2.69195 2.70677 3.08837 3.08278 2.76476
threshold=2.5000000000000004 28.500000000000004 33.500000000000007 10.000268684071484 0 1.0000000180025095e-35
decision_type=2 2 2 2 1 2
left_child=1 -1 4 -4 -3 -6
right_child=-2 2 3 -5 5 -7
leaf_value=0.00091164821229233522 0.0022575208038187388 0.0037195528618780213 0.0047078694741675784 -0.032136352466398656 -0.054388876015393751 -0.0069628779221307122
leaf_weight=966 2431 101 407 161 92 120
leaf_count=966 2431 101 407 161 92 120
internal_value=0.000202428 -0.0010432 -0.00343341 -0.000937173 -0.00786792 -0.0116167
internal_weight=4278 1847 881 568 313 212
internal_count=4278 1847 881 568 313 212
cat_boundaries=0 1
cat_threshold=4
is_linear=0
shrinkage=0.06


Tree=226
num_leaves=7
num_cat=0
split_feature=24 25 24 24 24 3
split_gain=0.936819 1.43208 2.74203 4.66382 3.59218 4.25406
threshold=59.500000000000007 39.500000000000007 33.500000000000007 34.500000000000007 36.500000000000007 121.50000000000001
decision_type=2 2 2 2 2 2
left_child=1 2 -1 -4 -5 -6
right_child=-2 -3 3 4 5 -7
leaf_value=0.0013096942076071263 -0.0046509661709821333 0.0047117402637160662 -0.059140544957944463 0.031242478535920326 3.5138391356857031e-05 -0.029753544393004382
leaf_weight=2186 141 1161 139 183 327 140
leaf_count=2186 141 1161 139 183 327 140
internal_value=0.000325082 0.00049191 -0.000205369 -0.0032267 -0.00104885 -0.00383898
internal_weight=4277 4136 2975 789 650 467
internal_count=4277 4136 2975 789 650 467
is_linear=0
shrinkage=0.06


Tree=227
num_leaves=7
num_cat=1
split_feature=1 15 26 25 30 12
split_gain=1.05915 3.37828 2.04877 2.58576 2.52944 3.25194
threshold=0 33.250000000000007 26.250000000000004 27.500000000000004 24.500000000000004 29.232142857142861
decision_type=1 2 2 2 2 2
left_child=-1 2 4 -4 5 -2
right_child=1 -3 3 -5 -6 -7
leaf_value=0.0016806578584807319 -0.0048445621928922657 -0.098368516015608837 0.036792290070225019 0.00010281919426859519 -0.0075763402910672224 0.012981570375081155
leaf_weight=2540 552 129 112 634 149 124
leaf_count=2540 552 129 112 634 149 124
internal_value=0.000140636 -0.00101283 -0.000236041 0.00203329 -0.00229157 -0.000700441
internal_weight=4240 1700 1571 746 825 676
internal_count=4240 1700 1571 746 825 676
cat_boundaries=0 1
cat_threshold=14
is_linear=0
shrinkage=0.06


Tree=228
num_leaves=7
num_cat=1
split_feature=24 17 26 12 26 1
split_gain=1.00675 2.54785 2.34189 1.59972 1.04971 2.8306
threshold=53.500000000000007 9.3021621012759166 51.500000000000007 44.973214285714292 41.500000000000007 0
decision_type=2 2 2 2 2 1
left_child=2 -2 4 -3 -1 -6
right_child=1 3 -4 -5 5 -7
leaf_value=-0.00013605903035077748 0.0064268681360564401 -0.0013464882596549454 0.040227071970515997 -0.017939494917396 -0.0042022412996409386 0.02820283518800298
leaf_weight=3304 138 92 103 87 211 347
leaf_count=3304 138 92 103 87 211 347
internal_value=0.00030021 -0.00292547 0.000562217 -0.00756522 0.0003173 0.00271226
internal_weight=4282 317 3965 179 3862 558
internal_count=4282 317 3965 179 3862 558
cat_boundaries=0 1
cat_threshold=20
is_linear=0
shrinkage=0.06


Tree=229
num_leaves=7
num_cat=0
split_feature=19 19 30 25 26 17
split_gain=0.923995 1.08918 0.940453 0.915357 3.96916 1.74622
threshold=3.7142857142857122 2.8214285714285698 11.500000000000002 23.500000000000004 21.750000000000004 7.5467854905237521
decision_type=2 2 2 2 2 2
left_child=1 3 -2 -1 -5 -6
right_child=2 -3 -4 4 5 -7
leaf_value=-0.0014364038538014871 -0.0093200673998598861 0.025154019271092974 1.4137706297390195e-05 0.023796136929409534 0.0056362833823316192 -0.0013399468377139623
leaf_weight=726 96 212 85 123 969 2060
leaf_count=726 96 212 85 123 969 2060
internal_value=0.000360617 0.000548718 -0.00377419 0.000315993 0.000759265 0.000320369
internal_weight=4271 4090 181 3878 3152 3029
internal_count=4271 4090 181 3878 3152 3029
is_linear=0
shrinkage=0.06


Tree=230
num_leaves=7
num_cat=1
split_feature=9 24 30 18 30 1
split_gain=0.974811 0.901222 2.28055 2.22757 2.04804 6.39877
threshold=59.500000000000007 26.750000000000004 3.5000000000000004 5.439491290664038 7.5000000000000009 0
decision_type=10 2 2 2 2 1
left_child=1 2 -1 -4 5 -3
right_child=-2 4 3 -5 -6 -7
leaf_value=-0.026303703555394766 0.0084260918714808199 0.021397827342447377 -0.0033213884696884619 0.007339596891670421 -0.0016306103116676507 -0.0091936021559284129
leaf_weight=138 108 346 171 954 2177 384
leaf_count=138 108 346 171 954 2177 384
internal_value=0.000314499 0.000164551 0.0015 0.0024 -0.000416209 0.00232245
internal_weight=4278 4170 1263 1125 2907 730
internal_count=4278 4170 1263 1125 2907 730
cat_boundaries=0 1
cat_threshold=3
is_linear=0
shrinkage=0.06


Tree=231
num_leaves=7
num_cat=0
split_feature=24 15 25 26 25 30
split_gain=1.02397 4.22723 2.67507 2.34164 2.28715 1.95616
threshold=46.500000000000007 36.250000000000007 48.500000000000007 54.500000000000007 44.500000000000007 4.5000000000000009
decision_type=2 2 2 2 2 2
left_child=4 -2 -3 -4 5 -1
right_child=1 2 3 -5 -6 -7
leaf_value=-0.0072076880165089239 -0.054916859098543928 -0.030077679197104357 0.025188801727853673 -0.0010764127794613664 0.045967383599564343 0.0013129786331513048
leaf_weight=489 115 147 192 194 243 2899
leaf_count=489 115 147 192 194 243 2899
internal_value=0.000261905 -0.00192496 0.000356877 0.00298465 0.000655116 0.000246684
internal_weight=4279 648 533 386 3631 3388
internal_count=4279 648 533 386 3631 3388
is_linear=0
shrinkage=0.06


Tree=232
num_leaves=7
num_cat=0
split_feature=19 19 30 3 8 30
split_gain=0.937032 1.04054 1.67013 1.96011 1.51249 1.26492
threshold=3.7142857142857122 0.50000000000000011 7.5000000000000009 84.500000000000014 53.500000000000007 4.5000000000000009
decision_type=2 2 2 2 2 2
left_child=1 4 3 -3 5 -1
right_child=-2 2 -4 -5 -6 -7
leaf_value=-0.010684098990034831 -0.0033683983107384604 0.04422443080291566 0.001132012097247359 0.0075366185080018508 0.023644587606990133 -0.00013360402363899791
leaf_weight=367 184 139 1366 221 167 1832
leaf_count=367 184 139 1366 221 167 1832
internal_value=0.000335669 0.000526483 0.00164471 0.00525205 -0.000289751 -0.000713249
internal_weight=4276 4092 1726 360 2366 2199
internal_count=4276 4092 1726 360 2366 2199
is_linear=0
shrinkage=0.06


Tree=233
num_leaves=7
num_cat=0
split_feature=24 26 16 30 30 27
split_gain=1.20542 1.98936 1.59221 1.49705 3.86182 1.81801
threshold=57.500000000000007 58.500000000000007 9.4679724028679129 7.5000000000000009 6.5000000000000009 3.5000000000000004
decision_type=2 2 2 2 2 2
left_child=2 -2 3 4 5 -1
right_child=1 -3 -4 -5 -6 -7
leaf_value=0.0054686163387074284 -0.050690986598356955 0.0020134871439607413 0.0060903152770024069 -0.0012212538378777958 0.053904466947313115 -0.015294026039996526
leaf_weight=416 97 91 937 2363 120 248
leaf_count=416 97 91 937 2363 120 248
internal_value=-1.33271e-05 -0.00464767 0.000204696 -0.000441624 0.00182129 0
internal_weight=4272 188 4084 3147 784 664
internal_count=4272 188 4084 3147 784 664
is_linear=0
shrinkage=0.06


Tree=234
num_leaves=7
num_cat=0
split_feature=12 12 30 16 24 25
split_gain=1.03558 4.03368 5.15119 2.82079 2.04136 3.23368
threshold=34.339285714285715 33.571428571428577 12.500000000000002 8.9226167566684982 29.500000000000004 33.500000000000007
decision_type=2 2 2 2 2 2
left_child=1 -1 -3 -4 -2 -6
right_child=4 2 3 -5 5 -7
leaf_value=0.00018133107690874173 0.045407814373117257 -0.072908531014602013 -0.075020602079824666 0.022868494334611723 -0.026971168426618657 0.0039352696353313022
leaf_weight=2162 96 84 80 80 253 1505
leaf_count=2162 96 84 80 80 253 1505
internal_value=0.000111841 -0.000708005 -0.00793976 -0.00143636 0.00117644 0.000695973
internal_weight=4260 2406 244 160 1854 1758
internal_count=4260 2406 244 160 1854 1758
is_linear=0
shrinkage=0.06


Tree=235
num_leaves=7
num_cat=0
split_feature=27 18 15 30 17 14
split_gain=1.3178 1.66206 1.9242 2.44267 2.15898 2.48097
threshold=2.5000000000000004 5.0838202512206987 26.250000000000004 2.5000000000000004 8.1446347759794815 47.750000000000007
decision_type=2 2 2 2 2 2
left_child=-1 -2 -3 -4 -5 -6
right_child=1 2 3 4 5 -7
leaf_value=-0.0012913056085524471 0.062744354137359584 -0.0035829785795700223 0.051252167621111261 0.01723068687545087 -0.0020679096890454038 0.025787853383888972
leaf_weight=1845 82 711 93 582 883 93
leaf_count=1845 82 711 93 582 883 93
internal_value=0.000212389 0.00112577 0.00082256 0.00194565 0.00136084 -0.000363914
internal_weight=4289 2444 2362 1651 1558 976
internal_count=4289 2444 2362 1651 1558 976
is_linear=0
shrinkage=0.06


Tree=236
num_leaves=7
num_cat=2
split_feature=9 30 1 16 1 24
split_gain=0.92023 1.29559 3.03672 1.1165 1.08857 4.89621
threshold=19.500000000000004 2.5000000000000004 0 11.82207316707235 1 42.500000000000007
decision_type=10 2 1 2 1 2
left_child=-1 2 -2 4 5 -3
right_child=1 3 -4 -5 -6 -7
leaf_value=-0.0068710405570263427 0.04087484247545714 0.028753456033379983 -0.0034483625094854382 -0.009490265207877293 -0.00045137126734831834 -0.010248900571102162
leaf_weight=284 110 442 144 167 2823 293
leaf_count=284 110 442 144 167 2823 293
internal_value=0.00016448 0.000402108 0.00450579 0.000115818 0.000344373 0.002376
internal_weight=4263 3979 254 3725 3558 735
internal_count=4263 3979 254 3725 3558 735
cat_boundaries=0 1 2
cat_threshold=3 4
is_linear=0
shrinkage=0.06


Tree=237
num_leaves=7
num_cat=0
split_feature=27 30 16 26 3 26
split_gain=1.09244 2.1259 1.46314 2.43617 2.81801 1.82793
threshold=2.5000000000000004 28.500000000000004 8.9933720238064563 27.500000000000004 138.50000000000003 20.750000000000004
decision_type=2 2 2 2 2 2
left_child=1 2 5 -4 -5 -1
right_child=-2 -3 3 4 -6 -7
leaf_value=0.0025480589393235575 0.0019074635440760601 -0.013628298750157003 0.035612678640691835 0.021727455446360556 -0.0074017275413992365 -0.0032633560797283444
leaf_weight=248 2452 96 94 288 157 930
leaf_count=248 2452 96 94 288 157 930
internal_value=0.000101171 -0.0010132 -0.000512195 0.0020625 0.00016 -0.00169653
internal_weight=4265 1813 1717 539 445 1178
internal_count=4265 1813 1717 539 445 1178
is_linear=0
shrinkage=0.06


Tree=238
num_leaves=7
num_cat=1
split_feature=30 1 24 27 26 21
split_gain=1.09627 2.72549 3.09967 4.44959 7.23507 6.13834
threshold=7.5000000000000009 0 26.750000000000004 2.5000000000000004 32.500000000000007 1.0000000180025095e-35
decision_type=2 1 2 2 2 2
left_child=-1 -2 -3 4 5 -4
right_child=1 2 3 -5 -6 -7
leaf_value=0.0038245261038348968 0.011856670314998067 0.0021967214378949915 -0.088608522280021501 -0.0013948167461789352 -0.0028674829409911615 -0.01398706655860873
leaf_weight=1075 643 915 90 1167 264 125
leaf_count=1075 643 915 90 1167 264 125
internal_value=-2.80112e-06 -0.000559988 -0.00143711 -0.00299637 -0.00783471 -0.0158727
internal_weight=4279 3204 2561 1646 479 215
internal_count=4279 3204 2561 1646 479 215
cat_boundaries=0 1
cat_threshold=4
is_linear=0
shrinkage=0.06


Tree=239
num_leaves=7
num_cat=1
split_feature=27 24 26 24 1 24
split_gain=0.956291 1.74558 2.04184 2.08853 2.70189 4.42995
threshold=2.5000000000000004 43.500000000000007 38.750000000000007 28.500000000000004 0 34.500000000000007
decision_type=2 2 2 2 1 2
left_child=1 2 3 -1 -5 -6
right_child=-2 -3 -4 4 5 -7
leaf_value=0.0010748056407495581 0.0025792559647078049 -0.08910675434940947 0.022225427720267876 0.0033338251345834125 -0.019736025006882495 0.0029880953592730862
leaf_weight=965 2439 95 172 238 213 165
leaf_count=965 2439 95 172 238 213 165
internal_value=0.000219478 -0.000807879 -0.000365188 -0.00104792 -0.00376329 -0.00678626
internal_weight=4287 1848 1753 1581 616 378
internal_count=4287 1848 1753 1581 616 378
cat_boundaries=0 1
cat_threshold=4
is_linear=0
shrinkage=0.06


Tree=240
num_leaves=7
num_cat=0
split_feature=24 24 24 10 25 14
split_gain=1.0847 4.76715 2.50628 2.86312 2.57654 2.17032
threshold=33.500000000000007 34.500000000000007 36.500000000000007 35.642857142857146 35.500000000000007 33.250000000000007
decision_type=2 2 2 2 2 2
left_child=5 -2 3 -3 -4 -1
right_child=1 2 4 -5 -6 -7
leaf_value=0.00025916462746511815 -0.047143546557932028 -0.0053699265399439833 -0.053101399086515136 0.079580720792223433 -0.00033701716733496311 0.021860831985904945
leaf_weight=1863 133 103 163 132 1553 327
leaf_count=1863 133 103 163 132 1553 327
internal_value=0.00014653 -0.000831498 -6.74847e-05 0.005675 -0.000869843 0.00107836
internal_weight=4274 2084 1951 235 1716 2190
internal_count=4274 2084 1951 235 1716 2190
is_linear=0
shrinkage=0.06


Tree=241
num_leaves=7
num_cat=0
split_feature=24 26 29 30 26 3
split_gain=1.74017 1.4703 1.48474 3.35259 2.78241 2.26614
threshold=17.500000000000004 18.500000000000004 2.5000000000000004 7.5000000000000009 24.500000000000004 37.500000000000007
decision_type=2 2 2 2 2 2
left_child=-1 -2 3 -3 -5 -6
right_child=1 2 -4 4 5 -7
leaf_value=0.083541474864421081 -0.049998175740664466 0.01218077747371853 0.0011817564180487139 -0.06050561972320076 -0.077078078924280174 0.0018773831297524567
leaf_weight=86 82 171 3321 184 86 358
leaf_count=86 82 171 3321 184 86 358
internal_value=0 -0.000177561 -1.38182e-05 -0.00232836 -0.00435545 -0.00173051
internal_weight=4288 4202 4120 799 628 444
internal_count=4288 4202 4120 799 628 444
is_linear=0
shrinkage=0.06


Tree=242
num_leaves=7
num_cat=1
split_feature=24 33 26 1 26 26
split_gain=1.27057 1.02246 1.81478 1.3043 2.75783 5.39773
threshold=59.500000000000007 1.0000000180025095e-35 26.750000000000004 0 25.500000000000004 32.500000000000007
decision_type=2 2 2 1 2 2
left_child=1 3 -3 4 -1 -6
right_child=-2 2 -4 -5 5 -7
leaf_value=0.0093506041823850777 -0.005103250869496527 -0.0017907285315968164 0.085885949243972665 -0.0012353874586161684 -0.013708897832197317 0.0051209533221521749
leaf_weight=435 139 91 90 2443 301 829
leaf_count=435 139 91 90 2443 301 829
internal_value=4.08493e-05 0.00023176 0.00458065 2.91552e-05 0.00137468 -0.000182379
internal_weight=4328 4189 181 4008 1565 1130
internal_count=4328 4189 181 4008 1565 1130
cat_boundaries=0 1
cat_threshold=10
is_linear=0
shrinkage=0.06


end of trees

feature_importances:
seasonal_lag_7_target=362
seasonal_lag_28_target=240
seasonal_lag_14_target=217
target_day_of_month=141
target_day_of_week=68
rolling_std_7=60
history_observation_count=46
rolling_std_14=36
product_code=29
rolling_median_14=29
target_week_of_year=28
rolling_mean_14=27
rolling_median_28=26
rolling_mean_28=23
rolling_std_28=21
mean_last_7_minus_previous_7=21
target_month=21
rolling_mean_7=17
stockout_count_28=15
stockout_count_7=8
rolling_median_7=7
cutoff_lag_28=4
horizon=2
stockout_rate_7=2
stockout_rate_28=2
target_is_weekend=2
cutoff_lag_7=1
cutoff_lag_14=1
target_week_of_month=1
target_is_holiday=1

parameters:
[boosting: gbdt]
[objective: quantile]
[metric: quantile]
[tree_learner: serial]
[device_type: cpu]
[data_sample_strategy: bagging]
[data: ]
[valid: ]
[num_iterations: 243]
[learning_rate: 0.06]
[num_leaves: 7]
[num_threads: 4]
[seed: 42]
[deterministic: 0]
[force_col_wise: 0]
[force_row_wise: 0]
[histogram_pool_size: -1]
[max_depth: -1]
[min_data_in_leaf: 80]
[min_sum_hessian_in_leaf: 0.001]
[bagging_fraction: 0.9]
[pos_bagging_fraction: 1]
[neg_bagging_fraction: 1]
[bagging_freq: 1]
[bagging_seed: 400]
[bagging_by_query: 0]
[feature_fraction: 0.9]
[feature_fraction_bynode: 1]
[feature_fraction_seed: 30056]
[extra_trees: 0]
[extra_seed: 12879]
[early_stopping_round: 0]
[early_stopping_min_delta: 0]
[first_metric_only: 0]
[max_delta_step: 0]
[lambda_l1: 0.05]
[lambda_l2: 5]
[linear_lambda: 0]
[min_gain_to_split: 0]
[drop_rate: 0.1]
[max_drop: 50]
[skip_drop: 0.5]
[xgboost_dart_mode: 0]
[uniform_drop: 0]
[drop_seed: 17869]
[top_rate: 0.2]
[other_rate: 0.1]
[min_data_per_group: 100]
[max_cat_threshold: 32]
[cat_l2: 10]
[cat_smooth: 10]
[max_cat_to_onehot: 4]
[top_k: 20]
[monotone_constraints: ]
[monotone_constraints_method: basic]
[monotone_penalty: 0]
[feature_contri: ]
[forcedsplits_filename: ]
[refit_decay_rate: 0.9]
[cegb_tradeoff: 1]
[cegb_penalty_split: 0]
[cegb_penalty_feature_lazy: ]
[cegb_penalty_feature_coupled: ]
[path_smooth: 0]
[interaction_constraints: ]
[verbosity: -1]
[saved_feature_importance_type: 0]
[use_quantized_grad: 0]
[num_grad_quant_bins: 4]
[quant_train_renew_leaf: 0]
[stochastic_rounding: 1]
[linear_tree: 0]
[max_bin: 255]
[max_bin_by_feature: ]
[min_data_in_bin: 3]
[bin_construct_sample_cnt: 200000]
[data_random_seed: 175]
[is_enable_sparse: 1]
[enable_bundle: 1]
[use_missing: 1]
[zero_as_missing: 0]
[feature_pre_filter: 1]
[pre_partition: 0]
[two_round: 0]
[header: 0]
[label_column: ]
[weight_column: ]
[group_column: ]
[ignore_column: ]
[categorical_feature: 0,1]
[forcedbins_filename: ]
[precise_float_parser: 0]
[parser_config_file: ]
[objective_seed: 16083]
[num_class: 1]
[is_unbalance: 0]
[scale_pos_weight: 1]
[sigmoid: 1]
[boost_from_average: 1]
[reg_sqrt: 0]
[alpha: 0.25]
[fair_c: 1]
[poisson_max_delta_step: 0.7]
[tweedie_variance_power: 1.5]
[lambdarank_truncation_level: 30]
[lambdarank_norm: 1]
[label_gain: ]
[lambdarank_position_bias_regularization: 0]
[eval_at: ]
[multi_error_top_k: 1]
[auc_mu_weights: ]
[num_machines: 1]
[local_listen_port: 12400]
[time_out: 120]
[machine_list_filename: ]
[machines: ]
[gpu_platform_id: -1]
[gpu_device_id: -1]
[gpu_device_id_list: ]
[gpu_use_dp: 0]
[num_gpu: 1]

end of parameters

pandas_categorical:[]
