tree
version=v4
num_class=1
num_tree_per_iteration=1
label_index=0
max_feature_idx=37
objective=quantile
feature_names=store_code product_code horizon history_observation_count last_observed_demand cutoff_lag_1 cutoff_lag_2 cutoff_lag_7 cutoff_lag_14 cutoff_lag_28 rolling_mean_7 rolling_mean_14 rolling_mean_28 rolling_median_7 rolling_median_14 rolling_median_28 rolling_std_7 rolling_std_14 rolling_std_28 mean_last_7_minus_previous_7 stockout_count_7 stockout_count_28 stockout_rate_7 stockout_rate_28 seasonal_lag_7_target seasonal_lag_14_target seasonal_lag_28_target target_day_of_week target_is_weekend target_month target_day_of_month target_week_of_month target_week_of_year target_is_holiday target_store_closed target_temperature target_rainfall calendar_available
feature_infos=none -1:1:2:3:4:0 [1:7] [28:166] [13:77] [13:77] [13:77] [13:77] [13:77] [13:77] [19.857142857142858:51.571428571428569] [20.857142857142858:50.642857142857146] [21.357142857142858:50.25] [19:51] [19:50] [21:49] [3.5050983275386582:14.998412614419587] [3.5833865742701199:12.096907242562692] [4.5883450233074301:11.083795789373312] [-4.4285714285714306:6.7142857142857153] [0:1] [0:1] [0:0.14285714285714285] [0:0.035714285714285712] [13:77] [13:77] [13:77] [0:6] [0:1] [1:6] [1:31] [1:5] [5:25] [0:1] none none none none
tree_sizes=711 747 736 735 759 759 757 766 771 761 767 785 771 769 775 760 774 766 773 776 768 767 764 763 777 769 763 766 772 767 770 763 769 767 766 770 764 766 771 771 771 778 771 752 767 765 763 773 778 768 770 768 769 765 766 775 763 765 778 767 771 788 772 778 762 773 770 768 795 769 776 774 764 772 780 771 769 763 776 771 767 766 774 789 770 760 768 779 759 776 767 771 768 776 772 775 764 772 772 766 792 773 771 775 772 779 768 778 774 783 775 770 773 768 773 771 776 764 778 759 774 763 776 773 773 755 770 788 781 769 777 775 777 772 770 776 772 773 780 777 775 768 776 776 782 769 773 780 765 766 773 770 772 777 770 770 774 777 771 765

Tree=0
num_leaves=7
num_cat=0
split_feature=24 26 24 16 12 25
split_gain=37.1495 28.3161 21.4931 12.2713 10.1493 9.57145
threshold=42.500000000000007 40.250000000000007 21.250000000000004 7.6528083759644412 49.267857142857146 35.500000000000007
decision_type=2 2 2 2 2 2
left_child=1 2 -1 -2 -5 -4
right_child=3 -3 5 4 -6 -7
leaf_value=0.12 0.17999999999999999 0.23999999999999999 0 -0.17999999999999999 0.059999999999999998 0.12
leaf_weight=385 147 320 2056 781 80 486
leaf_count=385 147 320 2056 781 80 486
internal_value=-0.000921831 0.00220387 0.00033663 -0.0109546 -0.0136801 -0.00167138
internal_weight=4255 3247 2927 1008 861 2542
internal_count=4255 3247 2927 1008 861 2542
is_linear=0
shrinkage=0.06


Tree=1
num_leaves=7
num_cat=0
split_feature=24 24 26 25 24 25
split_gain=20.561 12.0286 36.8961 18.7472 9.72644 32.1149
threshold=21.250000000000004 42.500000000000007 40.250000000000007 40.250000000000007 36.500000000000007 36.500000000000007
decision_type=2 2 2 2 2 2
left_child=-1 2 4 -3 5 -2
right_child=1 3 -4 -5 -6 -7
leaf_value=0.11279999999999998 0 -0.22919999999999999 0.22559999999999997 -0.049200000000000001 -0.06720000000000001 0.23279999999999998
leaf_weight=394 1924 189 312 807 445 147
leaf_count=394 1924 189 312 807 445 147
internal_value=0.000112953 -0.00123714 0.000761384 -0.00689011 -0.00166482 7.08092e-05
internal_weight=4218 3824 2828 996 2516 2071
internal_count=4218 3824 2828 996 2516 2071
is_linear=0
shrinkage=0.06


Tree=2
num_leaves=7
num_cat=1
split_feature=19 19 17 14 25 1
split_gain=15.121 8.80055 7.18202 6.79384 6.27234 4.50917
threshold=1.8571428571428596 -2.1428571428571401 9.5899443501392394 22.750000000000004 21.750000000000004 0
decision_type=2 2 2 2 2 1
left_child=1 -1 -2 4 -3 -5
right_child=2 3 -4 5 -6 -7
leaf_value=0.16603199999999999 -0.0031679999999999989 0.046031999999999997 -0.12 0.059999999999999998 0.106032 0
leaf_weight=304 601 144 199 1105 143 1779
leaf_count=304 601 144 199 1105 143 1779
internal_value=0.000258645 0.00197328 -0.00715155 0.00102865 0.00975 0.000144341
internal_weight=4275 3475 800 3171 287 2884
internal_count=4275 3475 800 3171 287 2884
cat_boundaries=0 1
cat_threshold=18
is_linear=0
shrinkage=0.06


Tree=3
num_leaves=7
num_cat=0
split_feature=24 26 24 16 26 24
split_gain=20.8656 25.2912 19.7403 11.5171 12.1212 9.98372
threshold=42.500000000000007 40.250000000000007 21.250000000000004 8.7830939631079072 47.500000000000007 36.500000000000007
decision_type=2 2 2 2 2 2
left_child=1 2 -1 4 -2 -4
right_child=3 -3 5 -5 -6 -7
leaf_value=0.10327008 -0.067848000000000006 0.212064 0.0071999999999999998 -0.15904800000000002 0.13537104 -0.063168000000000002
leaf_weight=394 210 321 2149 634 130 446
leaf_count=394 210 321 2149 634 130 446
internal_value=0.000712754 0.00298552 0.0012515 -0.00698366 0.00190435 -0.000656538
internal_weight=4284 3310 2989 974 340 2595
internal_count=4284 3310 2989 974 340 2595
is_linear=0
shrinkage=0.06


Tree=4
num_leaves=7
num_cat=0
split_feature=24 26 24 16 12 24
split_gain=21.1225 27.0533 20.5907 10.2895 9.23882 17.4533
threshold=42.500000000000007 38.750000000000007 21.250000000000004 8.7454069511560562 37.857142857142868 36.500000000000007
decision_type=2 2 2 2 2 2
left_child=1 2 -1 -2 -4 -6
right_child=3 -3 4 -5 5 -7
leaf_value=0.097073875200000007 0.0056297375999999994 0.18028511999999999 -0.00043199999999999998 -0.14571503999999999 0.17956799999999998 -0.11937792
leaf_weight=396 343 470 1968 661 269 198
leaf_count=396 343 470 1968 661 269 198
internal_value=0.000465661 0.00278494 0.000559591 -0.0071328 -0.00151107 0.00603178
internal_weight=4305 3301 2831 1004 2435 467
internal_count=4305 3301 2831 1004 2435 467
is_linear=0
shrinkage=0.06


Tree=5
num_leaves=7
num_cat=0
split_feature=24 25 24 25 24 25
split_gain=18.8254 12.7186 24.8359 21.4989 26.4514 15.5519
threshold=21.250000000000004 26.750000000000004 42.500000000000007 35.500000000000007 31.500000000000004 39.500000000000007
decision_type=2 2 2 2 2 2
left_child=-1 -2 3 4 -3 -4
right_child=1 2 5 -5 -6 -7
leaf_value=0.091249442688000004 -0.060406080000000001 0.10963199999999999 -0.30996221759999998 0.14402592 -0.052151999999999997 -0.031562217599999998
leaf_weight=395 939 598 131 791 544 856
leaf_count=395 939 598 131 791 544 856
internal_value=0.000126086 -0.00115606 0.000798974 0.00475077 -0.000520488 -0.00692238
internal_weight=4254 3859 2920 1933 1142 987
internal_count=4254 3859 2920 1933 1142 987
is_linear=0
shrinkage=0.06


Tree=6
num_leaves=7
num_cat=0
split_feature=24 26 24 25 24 26
split_gain=31.4991 19.7853 16.165 25.9841 22.2505 14.6904
threshold=40.750000000000007 40.250000000000007 26.750000000000004 31.500000000000004 36.500000000000007 41.500000000000007
decision_type=2 2 2 2 2 2
left_child=1 2 -1 -4 -5 -2
right_child=5 -3 3 4 -6 -7
leaf_value=0.063218284799999996 -0.16163658240000001 0.23628149759999997 -0.11708688 0.089784364799999988 -0.049022879999999998 -0.018868484543999996
leaf_weight=1254 446 207 701 583 292 800
leaf_count=1254 446 207 701 583 292 800
internal_value=0.00178335 0.00507791 0.00374497 -0.000301708 0.00657614 -0.00623261
internal_weight=4283 3037 2830 1576 875 1246
internal_count=4283 3037 2830 1576 875 1246
is_linear=0
shrinkage=0.06


Tree=7
num_leaves=7
num_cat=0
split_feature=24 25 24 16 26 24
split_gain=19.1467 28.3026 19.0079 18.9406 12.5719 12.0473
threshold=40.750000000000007 36.500000000000007 21.250000000000004 7.2702910624080177 41.500000000000007 36.500000000000007
decision_type=2 2 2 2 2 2
left_child=1 2 -1 -2 -5 -3
right_child=3 5 -4 4 -6 -7
leaf_value=0.081981379038719993 0.17751510374400001 0.23286999532800001 -0.00057481228799999946 -0.17402030745599997 -0.024936375471359993 0.15574268774399999
leaf_weight=394 151 192 2129 376 715 329
leaf_count=394 151 192 2129 376 715 329
internal_value=0.000684456 0.00324598 0.000604035 -0.00557899 -0.0083458 0.0159068
internal_weight=4286 3044 2523 1242 1091 521
internal_count=4286 3044 2523 1242 1091 521
is_linear=0
shrinkage=0.06


Tree=8
num_leaves=7
num_cat=0
split_feature=24 26 24 32 25 24
split_gain=17.6059 23.7392 16.3629 12.6728 12.2336 18.9723
threshold=40.750000000000007 37.500000000000007 21.250000000000004 7.5000000000000009 27.500000000000004 36.500000000000007
decision_type=2 2 2 2 2 2
left_child=1 2 -1 -2 -4 -6
right_child=3 -3 4 -5 5 -7
leaf_value=0.077062496296396804 0.066213978000921589 0.16097991906431999 -0.010742608350719999 -0.076240192943078391 0.056475701537280001 -0.077221908464639999
leaf_weight=403 94 328 1071 1163 1028 235
leaf_count=403 94 328 1071 1163 1028 235
internal_value=0.000429166 0.00288176 0.00103829 -0.00553645 -0.000896537 0.003097
internal_weight=4322 3065 2737 1257 2334 1263
internal_count=4322 3065 2737 1257 2334 1263
is_linear=0
shrinkage=0.06


Tree=9
num_leaves=7
num_cat=0
split_feature=19 17 19 3 10 25
split_gain=12.4451 5.69671 5.00913 3.75131 5.57072 4.56552
threshold=1.0357142857142849 8.1257235315212402 -1.1428571428571404 102.50000000000001 26.678571428571434 25.500000000000004
decision_type=2 2 2 2 2 2
left_child=2 3 -1 4 -2 -5
right_child=1 -3 -4 5 -6 -7
leaf_value=0.072608465472405501 -0.029705687049676799 -0.069573349156761596 0.0088387465186129926 0.069461604678468097 0.059805700845158398 -0.1197056870496768
leaf_weight=850 173 677 2040 82 326 154
leaf_count=850 173 677 2040 82 326 154
internal_value=0.00139238 -0.00321595 0.00364663 0.000441892 0.0033869 -0.00571369
internal_weight=4302 1412 2890 735 499 236
internal_count=4302 1412 2890 735 499 236
is_linear=0
shrinkage=0.06


Tree=10
num_leaves=7
num_cat=0
split_feature=24 24 26 24 25 24
split_gain=15.2507 10.9864 12.8826 23.0186 20.5459 16.7408
threshold=21.250000000000004 62.500000000000007 38.750000000000007 36.500000000000007 36.500000000000007 40.750000000000007
decision_type=2 2 2 2 2 2
left_child=-1 2 3 4 -2 -4
right_child=1 -3 5 -5 -6 -7
leaf_value=0.071908421727496216 -0.0018436742935511044 -0.15739610615761046 0.15133600545482648 -0.13694510188510592 0.17570623630896642 0.0026317046169774248
leaf_weight=393 1940 90 291 467 137 940
leaf_count=393 1940 90 291 467 137 940
internal_value=0.000491907 -0.00065814 -0.00015 -0.00258807 0.000128242 0.00487621
internal_weight=4258 3865 3775 2544 2077 1231
internal_count=4258 3865 3775 2544 2077 1231
is_linear=0
shrinkage=0.06


Tree=11
num_leaves=7
num_cat=1
split_feature=19 26 15 16 11 1
split_gain=8.11824 5.28466 11.6146 7.9638 6.72482 6.65392
threshold=1.0357142857142849 38.750000000000007 42.250000000000007 8.7830939631079072 43.000000000000007 0
decision_type=2 2 2 2 2 1
left_child=1 2 5 -3 -5 -1
right_child=-2 3 -4 4 -6 -7
leaf_value=0.056084528616819486 -0.026277026841658446 0.1227959737093709 -0.19861360802568806 -0.11743020942785666 0.078619808428143326 -0.00031547138318051288
leaf_weight=863 1419 437 119 106 308 1031
leaf_count=863 1419 437 119 106 308 1031
internal_value=0.000482043 0.00232032 0.00063776 0.00626986 0.000279236 0.00179937
internal_weight=4283 2864 2013 851 414 1894
internal_count=4283 2864 2013 851 414 1894
cat_boundaries=0 1
cat_threshold=22
is_linear=0
shrinkage=0.06


Tree=12
num_leaves=7
num_cat=0
split_feature=24 24 25 24 26 26
split_gain=15.4904 10.6864 10.8768 16.8666 17.5548 15.3977
threshold=21.250000000000004 62.500000000000007 27.500000000000004 40.750000000000007 37.500000000000007 49.500000000000007
decision_type=2 2 2 2 2 2
left_child=-1 2 -2 4 -4 -5
right_child=1 -3 3 5 -6 -7
leaf_value=0.064695086544754643 -0.02623610375858362 -0.15458261986245622 0.029190987969302765 -0.073082581083607129 0.1579501051889235 0.077728803059682272
leaf_weight=388 1071 96 1216 849 324 303
leaf_count=388 1071 96 1216 849 324 303
internal_value=0.000246237 -0.000907609 -0.000389331 0.00164516 0.00574563 -0.00383492
internal_weight=4247 3859 3763 2692 1540 1152
internal_count=4247 3859 3763 2692 1540 1152
is_linear=0
shrinkage=0.06


Tree=13
num_leaves=7
num_cat=0
split_feature=24 26 24 25 24 12
split_gain=18.3723 14.8806 12.9899 18.6978 14.732 11.7705
threshold=26.750000000000004 24.500000000000004 42.500000000000007 35.500000000000007 36.500000000000007 37.857142857142868
decision_type=2 2 2 2 2 2
left_child=-1 -2 3 4 5 -3
right_child=1 2 -4 -5 -6 -7
leaf_value=0.059509059514152002 -0.16790406698667465 -0.011554310571627847 -0.068697626218590713 0.10645789834596922 -0.15137601362801936 0.10645796411637215
leaf_weight=1276 169 739 997 782 137 181
leaf_count=1276 169 739 997 782 137 181
internal_value=0.000818245 -0.00174319 -0.000695882 0.0022923 -0.00290678 -0.000126486
internal_weight=4281 3005 2836 1839 1057 920
internal_count=4281 3005 2836 1839 1057 920
is_linear=0
shrinkage=0.06


Tree=14
num_leaves=7
num_cat=0
split_feature=24 25 25 24 26 16
split_gain=11.3695 18.5952 12.9808 10.8004 21.5354 16.9172
threshold=27.500000000000004 27.500000000000004 21.750000000000004 40.750000000000007 37.500000000000007 7.4306300280114632
decision_type=2 2 2 2 2 2
left_child=2 -2 -1 4 -3 -5
right_child=1 3 -4 5 -6 -7
leaf_value=-0.0036031643776078329 -0.16721080835237698 -0.0020487772493301771 0.065805191647622996 0.18259286599449101 0.13470763335602284 -0.072118052472167529
leaf_weight=431 278 1024 952 172 337 1076
leaf_count=431 278 1024 952 172 337 1076
internal_value=0.00022386 -0.00191805 0.00468804 -0.000331676 0.00335798 -0.00435515
internal_weight=4270 2887 1383 2609 1361 1248
internal_count=4270 2887 1383 2609 1361 1248
is_linear=0
shrinkage=0.06


Tree=15
num_leaves=7
num_cat=0
split_feature=24 25 3 26 24 26
split_gain=8.37705 21.2584 11.6152 10.4877 10.1525 22.5956
threshold=27.500000000000004 27.500000000000004 53.500000000000007 22.500000000000004 36.500000000000007 38.750000000000007
decision_type=2 2 2 2 2 2
left_child=2 -2 -1 -4 -3 -6
right_child=1 4 3 -5 5 -7
leaf_value=-0.010771715555554508 -0.15717815985123437 0.044140600732235212 0.0018284618738752976 0.10677476805561882 -0.12601368675413163 0.010117616624673181
leaf_weight=368 283 895 439 585 474 1241
leaf_count=368 283 895 439 585 474 1241
internal_value=0.000132168 -0.00170704 0.00394918 0.00722741 0 -0.00270174
internal_weight=4285 2893 1392 1024 2610 1715
internal_count=4285 2893 1392 1024 2610 1715
is_linear=0
shrinkage=0.06


Tree=16
num_leaves=7
num_cat=0
split_feature=24 26 16 24 25 29
split_gain=9.66062 21.6245 10.6263 10.6218 16.3552 11.7426
threshold=40.750000000000007 37.500000000000007 7.2571803523590761 27.500000000000004 29.500000000000004 2.5000000000000004
decision_type=2 2 2 2 2 2
left_child=1 3 -2 5 -5 -1
right_child=2 -3 -4 4 -6 -7
leaf_value=-0.010125412622221242 0.15650062394900147 0.14307455431084753 -0.06464582249462561 -0.14198029599212916 0.0028614598595608338 0.055450394065428496
leaf_weight=393 155 324 1096 375 936 1010
leaf_count=393 155 324 1096 375 936 1010
internal_value=-0.000132045 0.00169471 -0.00455971 -6.50975e-05 -0.00394149 0.00355611
internal_weight=4289 3038 1251 2714 1311 1403
internal_count=4289 3038 1251 2714 1311 1403
is_linear=0
shrinkage=0.06


Tree=17
num_leaves=7
num_cat=0
split_feature=19 30 3 3 25 25
split_gain=9.02652 6.54372 11.6032 6.0397 5.07966 4.53246
threshold=-0.42857142857142877 7.5000000000000009 83.500000000000014 33.500000000000007 19.500000000000004 30.500000000000004
decision_type=2 2 2 2 2 2
left_child=-1 2 3 -2 -3 -4
right_child=1 4 5 -5 -6 -7
leaf_value=0.041749369950859712 -0.0027375681866105483 -0.059871064879693757 0.041546361524549602 0.11824661349662588 -0.01355824893787813 -0.080455798155136093
leaf_weight=1411 84 134 166 187 2057 256
leaf_count=1411 84 134 166 187 2057 256
internal_value=-6.27907e-06 -0.00193043 0.00313324 0.0127065 -0.00353689 -0.00308431
internal_weight=4295 2884 693 271 2191 422
internal_count=4295 2884 693 271 2191 422
is_linear=0
shrinkage=0.06


Tree=18
num_leaves=7
num_cat=0
split_feature=24 25 24 24 26 26
split_gain=8.93915 9.54315 15.626 14.206 15.9225 12.3593
threshold=21.250000000000004 27.500000000000004 31.500000000000004 27.500000000000004 22.500000000000004 38.750000000000007
decision_type=2 2 2 2 2 2
left_child=-1 3 -3 4 -2 -4
right_child=1 2 5 -5 -6 -7
leaf_value=0.053531469385873796 -0.064173909317441935 0.083971467739929848 -0.025956906836817964 -0.13906439840943594 0.049630588730029811 0.017456512912904031
leaf_weight=394 300 491 1020 280 488 1290
leaf_count=394 300 491 1020 280 488 1290
internal_value=-0.000287488 -0.00116856 0.000672488 -0.00598043 -0.00181211 -0.00139827
internal_weight=4263 3869 2801 1068 788 2310
internal_count=4263 3869 2801 1068 788 2310
is_linear=0
shrinkage=0.06


Tree=19
num_leaves=7
num_cat=0
split_feature=24 26 26 24 25 25
split_gain=8.21587 20.0529 13.4885 10.0889 15.0486 14.1247
threshold=40.750000000000007 37.500000000000007 38.750000000000007 26.750000000000004 27.500000000000004 24.500000000000004
decision_type=2 2 2 2 2 2
left_child=1 3 -2 5 -5 -1
right_child=2 -3 -4 4 -6 -7
leaf_value=-0.0021597763759903868 -0.14700497448320574 0.1147780674277136 -0.0091878269194363062 -0.1300712936597937 0.00097998864846791088 0.096934418419705792
leaf_weight=842 236 323 1003 374 1075 416
leaf_count=842 236 323 1003 374 1075 416
internal_value=-6.24708e-05 0.0016201 -0.00416961 -7.63274e-05 -0.00348487 0.00384561
internal_weight=4269 3030 1239 2707 1449 1258
internal_count=4269 3030 1239 2707 1449 1258
is_linear=0
shrinkage=0.06


Tree=20
num_leaves=7
num_cat=0
split_feature=24 26 24 12 24 25
split_gain=9.93563 10.6301 16.5791 24.5892 15.2619 18.1343
threshold=62.500000000000007 43.500000000000007 36.500000000000007 37.857142857142868 27.500000000000004 29.500000000000004
decision_type=2 2 2 2 2 2
left_child=1 2 3 4 -1 -6
right_child=-2 -3 -4 -5 5 -7
leaf_value=0.039836466267259403 -0.14168216452233964 0.066234517379596916 -0.05392038338645861 0.14218782092356921 -0.12291625688528213 0.0015983004313016244
leaf_weight=1370 96 652 998 306 345 517
leaf_count=1370 96 652 998 306 345 517
internal_value=0.00020914 0.000657524 -0.000643039 0.00193354 -0.000266875 -0.00650173
internal_weight=4284 4188 3536 2538 2232 862
internal_count=4284 4188 3536 2538 2232 862
is_linear=0
shrinkage=0.06


Tree=21
num_leaves=7
num_cat=0
split_feature=24 26 25 24 30 30
split_gain=10.0388 21.1705 13.2387 6.67224 6.22292 11.4525
threshold=42.500000000000007 43.500000000000007 39.500000000000007 62.500000000000007 7.5000000000000009 4.5000000000000009
decision_type=2 2 2 2 2 2
left_child=1 4 -2 -4 5 -1
right_child=2 -3 3 -5 -6 -7
leaf_value=-0.0069270851124968568 -0.2209929539429947 0.15838332812745401 -0.00091789948542597742 -0.13000027465099923 -0.0044309624852438435 0.075592622173417362
leaf_weight=476 133 145 762 97 2359 332
leaf_count=476 133 145 762 97 2359 332
internal_value=0.000166396 0.00175369 -0.00511234 -0.00232292 0.000708386 0.00523616
internal_weight=4304 3312 992 859 3167 808
internal_count=4304 3312 992 859 3167 808
is_linear=0
shrinkage=0.06


Tree=22
num_leaves=7
num_cat=0
split_feature=24 26 24 24 16 24
split_gain=9.34841 7.94703 13.2536 13.0726 7.55852 7.10365
threshold=62.500000000000007 43.500000000000007 42.500000000000007 46.500000000000007 7.9701819677908778 21.250000000000004
decision_type=2 2 2 2 2 2
left_child=1 3 -3 5 -4 -1
right_child=-2 2 4 -5 -6 -7
leaf_value=0.052516438130546517 -0.12220025817193932 0.14888032843980678 0.29200948174513808 -0.31977363026164712 -0.007318874590667125 -0.0054989430935716574
leaf_weight=391 91 139 94 114 415 3017
leaf_count=391 91 139 94 114 415 3017
internal_value=0.000104782 0.000531018 0.00661103 -0.000594556 0.00203696 8.70202e-05
internal_weight=4261 4170 648 3522 509 3408
internal_count=4261 4170 648 3522 509 3408
is_linear=0
shrinkage=0.06


Tree=23
num_leaves=7
num_cat=0
split_feature=24 19 30 3 24 16
split_gain=9.26725 8.55612 6.42748 6.71032 10.0922 7.95986
threshold=62.500000000000007 -0.53571428571428459 7.5000000000000009 85.500000000000014 27.500000000000004 10.184020024068234
decision_type=2 2 2 2 2 2
left_child=1 -1 3 -3 -5 -6
right_child=-2 2 -4 4 5 -7
leaf_value=0.04047364041653094 -0.1110420595443954 0.057430327053608662 -0.012722105196213997 0.053464565661102879 -0.12274968152270256 0.031990548933117806
leaf_weight=1306 96 282 2214 120 186 84
leaf_count=1306 96 282 2214 120 186 84
internal_value=0.000167016 0.000599714 -0.00122345 0.00389513 -0.00120759 -0.00762545
internal_weight=4288 4192 2886 672 390 270
internal_count=4288 4192 2886 672 390 270
is_linear=0
shrinkage=0.06


Tree=24
num_leaves=7
num_cat=0
split_feature=30 19 30 27 17 30
split_gain=7.24919 6.24392 4.36176 4.30738 5.73775 5.6039
threshold=1.5000000000000002 -0.53571428571428459 3.5000000000000004 2.5000000000000004 7.5596523197881114 22.500000000000004
decision_type=2 2 2 2 2 2
left_child=-1 2 -2 5 -5 -3
right_child=1 3 -4 4 -6 -7
leaf_value=0.026911723586033037 -0.061660386267086677 -0.0058497542187151376 0.042211791012063418 0.037110764183326712 -0.036814705048467733 -0.05554905505256031
leaf_weight=141 102 914 1163 703 930 315
leaf_count=141 102 914 1163 703 930 315
internal_value=0.000195881 -0.000267909 0.00323386 -0.00181967 0.000199634 -0.00449514
internal_weight=4268 4127 1265 2862 1633 1229
internal_count=4268 4127 1265 2862 1633 1229
is_linear=0
shrinkage=0.06


Tree=25
num_leaves=7
num_cat=0
split_feature=24 25 24 3 26 17
split_gain=10.3938 18.323 14.7003 13.168 11.8231 11.7965
threshold=40.750000000000007 35.500000000000007 28.500000000000004 54.500000000000007 38.750000000000007 7.7597861569737985
decision_type=2 2 2 2 2 2
left_child=1 2 3 -1 -2 -6
right_child=4 -3 -4 -5 5 -7
leaf_value=-0.026204690898235319 -0.13889382696243804 0.10754687518506044 -0.032929658643309587 0.040000178514891377 0.19094387133800803 -0.036715192605221207
leaf_weight=399 233 570 957 1125 129 882
leaf_count=399 233 570 957 1125 129 882
internal_value=0.000145814 0.00203109 -0.000203942 0.00345128 -0.00446517 -0.00162106
internal_weight=4295 3051 2481 1524 1244 1011
internal_count=4295 3051 2481 1524 1244 1011
is_linear=0
shrinkage=0.06


Tree=26
num_leaves=7
num_cat=0
split_feature=24 19 30 3 24 16
split_gain=9.14336 7.0934 7.07032 7.65453 6.45466 9.00496
threshold=62.500000000000007 -0.53571428571428459 7.5000000000000009 84.500000000000014 31.500000000000004 10.184020024068234
decision_type=2 2 2 2 2 2
left_child=1 -1 3 -3 -5 -6
right_child=-2 2 -4 4 5 -7
leaf_value=0.035413305491370353 -0.1047093318761422 0.055746621667831363 -0.0096334103419748376 0.031809260185825 -0.15767040498254523 0.027154364138282015
leaf_weight=1314 92 276 2151 185 144 89
leaf_count=1314 92 276 2151 185 144 89
internal_value=0.000302397 0.000726945 -0.000956842 0.00428755 -0.000843972 -0.00742437
internal_weight=4251 4159 2845 694 418 233
internal_count=4251 4159 2845 694 418 233
is_linear=0
shrinkage=0.06


Tree=27
num_leaves=7
num_cat=0
split_feature=24 30 25 24 3 3
split_gain=8.64081 6.05931 9.75754 11.8017 16.0819 9.52713
threshold=62.500000000000007 7.5000000000000009 19.500000000000004 22.500000000000004 51.500000000000007 83.500000000000014
decision_type=2 2 2 2 2 2
left_child=1 5 -3 4 -4 -1
right_child=-2 2 3 -5 -6 -7
leaf_value=0.093242792226176582 -0.098426771963573662 -0.064754603742659775 -0.013797413384653647 -0.0034350422235783751 0.14669762585850854 0.0010318539723704978
leaf_weight=399 95 151 91 2707 170 642
leaf_count=399 95 151 91 2707 170 642
internal_value=0.000358451 0.000777191 -0.000546415 0.000220989 0.012282 0.00472945
internal_weight=4255 4160 3119 2968 261 1041
internal_count=4255 4160 3119 2968 261 1041
is_linear=0
shrinkage=0.06


Tree=28
num_leaves=7
num_cat=0
split_feature=24 31 3 3 27 16
split_gain=8.67536 6.16663 8.76394 7.89639 8.0456 10.8456
threshold=62.500000000000007 1.5000000000000002 83.500000000000014 108.50000000000001 1.5000000000000002 9.4905961040563636
decision_type=2 2 2 2 2 2
left_child=1 2 -1 4 5 -3
right_child=-2 3 -4 -5 -6 -7
leaf_value=0.092212285558993648 -0.092521165645759254 -0.059396163306839098 0.00096994273402826179 0.028185115731615935 -0.0014527792091598955 0.080166859598599496
leaf_weight=409 96 451 633 1231 1320 103
leaf_count=409 96 451 633 1231 1320 103
internal_value=0.000175847 0.000598988 0.00458166 -0.000741801 -0.00319159 -0.0092254
internal_weight=4243 4147 1042 3105 1874 554
internal_count=4243 4147 1042 3105 1874 554
is_linear=0
shrinkage=0.06


Tree=29
num_leaves=7
num_cat=0
split_feature=24 24 26 24 16 24
split_gain=8.77794 7.44613 8.00126 12.9532 10.9839 6.75606
threshold=21.250000000000004 62.500000000000007 43.500000000000007 46.500000000000007 7.6528083759644412 44.500000000000007
decision_type=2 2 2 2 2 2
left_child=-1 2 3 -2 -4 -6
right_child=1 -3 4 -5 5 -7
leaf_value=0.049319436465893755 -0.0035361620805509715 -0.078909848810057553 0.15844285323236845 -0.31263589035897277 0.1334278212799653 -0.011469485488147408
leaf_weight=397 3030 97 137 113 102 423
leaf_count=397 3030 97 137 113 102 423
internal_value=0.000131738 -0.000736371 -0.000306299 -0.00157147 0.00566267 0.00163585
internal_weight=4299 3902 3805 3143 662 525
internal_count=4299 3902 3805 3143 662 525
is_linear=0
shrinkage=0.06


Tree=30
num_leaves=7
num_cat=0
split_feature=24 24 26 24 25 24
split_gain=8.56938 7.40603 7.97926 15.3505 17.144 7.48982
threshold=62.500000000000007 21.250000000000004 38.750000000000007 36.500000000000007 34.500000000000007 40.750000000000007
decision_type=2 2 2 2 2 2
left_child=1 -1 3 4 -3 -4
right_child=-2 2 5 -5 -6 -7
leaf_value=0.046360270277940131 -0.082235304778410248 -0.0050465150498852163 0.091063997523920803 -0.10914441436358752 0.10217750630527266 0.010700493878919567
leaf_weight=389 94 1851 298 471 226 925
leaf_count=389 94 1851 298 471 226 925
internal_value=0.000506457 0.000921248 0.000102489 -0.00180846 0.000416427 0.00407736
internal_weight=4254 4160 3771 2548 2077 1223
internal_count=4254 4160 3771 2548 2077 1223
is_linear=0
shrinkage=0.06


Tree=31
num_leaves=7
num_cat=0
split_feature=30 3 25 26 26 25
split_gain=5.33797 8.84386 6.14029 5.8725 5.18147 5.67779
threshold=7.5000000000000009 83.500000000000014 19.500000000000004 39.500000000000007 30.500000000000004 44.500000000000007
decision_type=2 2 2 2 2 2
left_child=1 3 -2 -1 -3 -6
right_child=2 4 -4 -5 5 -7
leaf_value=0.023854775488899072 -0.060810493268466555 0.017946710624515094 -0.0020499134684077219 0.21001793821886652 -0.076462393197887182 0.033209229173622887
leaf_weight=327 155 278 3041 85 236 155
leaf_count=327 155 278 3041 85 236 155
internal_value=0.000146427 0.00378177 -0.00108622 0.0106403 -0.000485163 -0.00491667
internal_weight=4277 1081 3196 412 669 391
internal_count=4277 1081 3196 412 669 391
is_linear=0
shrinkage=0.06


Tree=32
num_leaves=7
num_cat=0
split_feature=24 24 25 30 24 25
split_gain=7.79895 6.09737 7.11247 10.4382 7.5371 11.934
threshold=62.500000000000007 21.250000000000004 44.500000000000007 12.500000000000002 40.750000000000007 34.500000000000007
decision_type=2 2 2 2 2 2
left_child=1 -1 4 -4 5 -3
right_child=-2 2 3 -5 -6 -7
leaf_value=0.042625636086373972 -0.069118144786645005 -0.0081962667196956128 0.14443364709992357 -0.00311670487993583 -0.066257940377556043 0.061702668634482608
leaf_weight=399 95 1974 277 393 585 580
leaf_count=399 95 1974 277 393 585 580
internal_value=8.98329e-05 0.000483503 -0.000258783 0.00532889 -0.00145897 -4.5721e-05
internal_weight=4303 4208 3809 670 3139 2554
internal_count=4303 4208 3809 670 3139 2554
is_linear=0
shrinkage=0.06


Tree=33
num_leaves=7
num_cat=0
split_feature=24 24 26 24 16 29
split_gain=7.8313 6.07877 6.34316 8.97601 7.6527 5.80683
threshold=62.500000000000007 21.250000000000004 43.500000000000007 46.500000000000007 7.5229804991825642 2.5000000000000004
decision_type=2 2 2 2 2 2
left_child=1 -1 3 5 -4 -3
right_child=-2 2 4 -5 -6 -7
leaf_value=0.02549987540292557 -0.089272677467443801 -0.029361734585388967 0.14633611124129273 -0.2820704639776786 0.017061440838294795 0.0019479290844106893
leaf_weight=393 90 625 112 114 538 2408
leaf_count=393 90 625 112 114 538 2408
internal_value=1.33022e-05 0.000399762 -0.000338506 -0.00145527 0.00503359 -0.000818631
internal_weight=4280 4190 3797 3147 650 3033
internal_count=4280 4190 3797 3147 650 3033
is_linear=0
shrinkage=0.06


Tree=34
num_leaves=7
num_cat=0
split_feature=24 24 25 29 30 25
split_gain=8.52573 6.50917 13.3315 11.6504 11.2628 9.84686
threshold=62.500000000000007 26.750000000000004 24.500000000000004 2.5000000000000004 21.500000000000004 27.500000000000004
decision_type=2 2 2 2 2 2
left_child=1 2 3 -1 -5 -3
right_child=-2 5 -4 4 -6 -7
leaf_value=-0.048986543149904166 -0.068732516627616758 -0.11110029930478194 0.085850289202454869 0.025613083341155193 -0.066956404218133092 0.0015587705590811485
leaf_weight=271 98 374 423 436 123 2548
leaf_count=271 98 374 423 436 123 2548
internal_value=0.00018864 0.00060933 0.0042186 -0.000211976 0.00472872 -0.00094192
internal_weight=4273 4175 1253 830 559 2922
internal_count=4273 4175 1253 830 559 2922
is_linear=0
shrinkage=0.06


Tree=35
num_leaves=7
num_cat=0
split_feature=24 24 26 25 30 18
split_gain=7.28527 5.48346 13.4281 11.8773 10.4881 8.61333
threshold=62.500000000000007 26.750000000000004 23.500000000000004 27.500000000000004 19.500000000000004 6.7450619571917239
decision_type=2 2 2 2 2 2
left_child=1 2 -1 4 -3 -5
right_child=-2 3 -4 5 -6 -7
leaf_value=-0.0023730672008962462 -0.069492523046448221 -0.044123491613784649 0.083079129611847241 0.057121499248259829 -0.1441748631695754 -0.0022780666833421242
leaf_weight=801 87 247 475 247 136 2298
leaf_count=801 87 247 475 247 136 2298
internal_value=0.00010405 0.000469708 0.00374473 -0.00096045 -0.0107397 0.000528235
internal_weight=4291 4204 1276 2928 383 2545
internal_count=4291 4204 1276 2928 383 2545
is_linear=0
shrinkage=0.06


Tree=36
num_leaves=7
num_cat=0
split_feature=24 24 25 25 24 24
split_gain=8.01106 6.25701 8.53351 7.34804 9.22435 7.5377
threshold=62.500000000000007 21.250000000000004 22.500000000000004 21.750000000000004 23.500000000000004 26.750000000000004
decision_type=2 2 2 2 2 2
left_child=1 2 -1 4 -3 -5
right_child=-2 3 -4 5 -6 -7
leaf_value=0.0059680466153883777 -0.063409880095047555 -0.051644568232059936 0.13928168924421946 0.042876743414057679 0.0088396265328977517 -0.0042753163012009031
leaf_weight=302 94 121 96 676 87 2898
leaf_count=302 94 121 96 676 87 2898
internal_value=-6.94087e-05 0.000329032 0.00743672 -0.000426987 -0.0112535 0.0002171
internal_weight=4274 4180 398 3782 208 3574
internal_count=4274 4180 398 3782 208 3574
is_linear=0
shrinkage=0.06


Tree=37
num_leaves=7
num_cat=0
split_feature=24 26 24 24 29 3
split_gain=8.65807 4.86974 9.45374 7.40132 6.98718 7.61357
threshold=62.500000000000007 43.500000000000007 43.500000000000007 42.500000000000007 2.5000000000000004 75.500000000000014
decision_type=2 2 2 2 2 2
left_child=1 2 4 -3 -1 -6
right_child=-2 3 -4 -5 5 -7
leaf_value=-0.018738400778859288 -0.059605287289344708 0.12436610976656286 -0.10779478920815094 0.014720183094095495 0.043766105011999894 0.0010088962720420332
leaf_weight=753 94 144 314 522 534 1934
leaf_count=753 94 144 314 522 534 1934
internal_value=-6.27907e-06 0.000405849 -0.000482203 0.0050924 0.00049194 0.0020368
internal_weight=4295 4201 3535 666 3221 2468
internal_count=4295 4201 3535 666 3221 2468
is_linear=0
shrinkage=0.06


Tree=38
num_leaves=7
num_cat=0
split_feature=24 27 24 25 30 16
split_gain=9.65521 5.51553 10.9399 16.5645 11.6186 10.8262
threshold=62.500000000000007 2.5000000000000004 36.500000000000007 33.500000000000007 19.500000000000004 6.1740477355112349
decision_type=2 2 2 2 2 2
left_child=1 2 3 4 5 -1
right_child=-2 -3 -4 -5 -6 -7
leaf_value=-0.045263319198191349 -0.061123021620597795 0.015010135490648412 -0.099105099611063618 0.13669255160592109 -0.057508242649820601 0.017062463499171284
leaf_weight=194 94 2343 405 202 349 703
leaf_count=194 94 2343 405 202 349 703
internal_value=-0.000236787 0.000199238 -0.00224273 0.000204405 -0.00239568 0.00122727
internal_weight=4290 4196 1853 1448 1246 897
internal_count=4290 4196 1853 1448 1246 897
is_linear=0
shrinkage=0.06


Tree=39
num_leaves=7
num_cat=0
split_feature=24 25 24 24 25 26
split_gain=7.60239 4.67607 8.61135 6.78366 12.351 8.46477
threshold=62.500000000000007 46.500000000000007 47.500000000000007 26.750000000000004 24.500000000000004 24.500000000000004
decision_type=2 2 2 2 2 2
left_child=1 3 -3 4 -1 -5
right_child=-2 2 -4 5 -6 -7
leaf_value=-0.005781011506172184 -0.054274680323361912 0.11409044348251642 0.0017868641921364014 -0.13130928840817324 0.076531880251419993 -0.0063879742950306226
leaf_weight=842 93 152 349 174 417 2236
leaf_count=842 93 152 349 174 417 2236
internal_value=-0.000287488 9.98802e-05 0.00550791 -0.000644257 0.00291693 -0.00250807
internal_weight=4263 4170 501 3669 1259 2410
internal_count=4263 4170 501 3669 1259 2410
is_linear=0
shrinkage=0.06


Tree=40
num_leaves=7
num_cat=0
split_feature=24 27 24 14 24 26
split_gain=8.07669 4.89289 10.2545 17.8321 10.6361 10.9414
threshold=62.500000000000007 2.5000000000000004 36.500000000000007 35.750000000000007 28.500000000000004 23.500000000000004
decision_type=2 2 2 2 2 2
left_child=1 2 3 4 5 -1
right_child=-2 -3 -4 -5 -6 -7
leaf_value=-0.019605567701147689 -0.051018199503960193 0.01272190850382608 -0.086139833742477925 0.11362456036685474 -0.10215407959505522 0.055513165322178835
leaf_weight=601 93 2319 406 264 248 343
leaf_count=601 93 2319 406 264 248 343
internal_value=-0.000391914 6.45007e-06 -0.00228013 8.00821e-05 -0.00305514 -0.000123288
internal_weight=4274 4181 1862 1456 1192 944
internal_count=4274 4181 1862 1456 1192 944
is_linear=0
shrinkage=0.06


Tree=41
num_leaves=7
num_cat=0
split_feature=19 21 26 26 30 30
split_gain=4.88041 2.81401 4.22296 5.98292 4.35561 3.78835
threshold=-2.5714285714285707 1.0000000180025095e-35 22.500000000000004 20.250000000000004 13.500000000000002 20.500000000000004
decision_type=2 2 2 2 2 2
left_child=-1 5 3 4 -3 -2
right_child=1 2 -4 -5 -6 -7
leaf_value=0.10691329780384512 -0.0055293316191431094 0.0099222765445345657 0.010031333661080225 -0.037349402815369484 -0.012799282352525742 -0.040966308300971518
leaf_weight=194 1240 93 2008 196 113 442
leaf_count=194 1240 93 2008 196 113 442
internal_value=-0.000446749 -0.000892604 0.000421118 -0.00515233 0.0019763 -0.00277238
internal_weight=4286 4092 2410 402 206 1682
internal_count=4286 4092 2410 402 206 1682
is_linear=0
shrinkage=0.06


Tree=42
num_leaves=7
num_cat=0
split_feature=24 24 26 26 24 15
split_gain=7.27371 5.69139 10.9889 8.78443 5.3289 11.9695
threshold=62.500000000000007 27.500000000000004 28.500000000000004 23.500000000000004 33.500000000000007 33.250000000000007
decision_type=2 2 2 2 2 2
left_child=1 3 -3 -1 5 -4
right_child=-2 2 4 -5 -6 -7
leaf_value=-0.0025394662642998964 -0.038587232409159948 -0.086432468112347352 -0.012397827443770267 0.064724925361415497 -0.0065137346261409422 0.12345523979100786
leaf_weight=816 94 367 258 567 1946 213
leaf_count=816 94 367 258 567 1946 213
internal_value=-0.000259494 0.000121524 -0.0014403 0.00326153 3.59207e-05 0.00572899
internal_weight=4261 4167 2784 1383 2417 471
internal_count=4261 4167 2784 1383 2417 471
is_linear=0
shrinkage=0.06


Tree=43
num_leaves=7
num_cat=0
split_feature=24 24 25 25 16 24
split_gain=8.66595 5.11723 6.03509 5.52625 8.9035 6.47204
threshold=62.500000000000007 21.750000000000004 22.500000000000004 46.500000000000007 7.6528083759644412 47.500000000000007
decision_type=2 2 2 2 2 2
left_child=1 2 -1 -3 -5 -6
right_child=-2 3 -4 4 5 -7
leaf_value=0.0029648336811827747 -0.044330662040224032 -0.0068296971558305126 0.13626913458703635 0.40767594465002388 0.058124974468311955 -0.015502693415760289
leaf_weight=305 94 3256 102 90 124 303
leaf_count=305 94 3256 102 90 124 303
internal_value=0 0.000415054 0.00676456 -0.000277131 0.00545402 0.00172917
internal_weight=4274 4180 407 3773 517 427
internal_count=4274 4180 407 3773 517 427
is_linear=0
shrinkage=0.06


Tree=44
num_leaves=7
num_cat=0
split_feature=24 25 26 26 24 25
split_gain=4.67318 4.86085 5.67962 8.68384 6.67149 11.7944
threshold=62.500000000000007 59.500000000000007 54.500000000000007 49.500000000000007 40.750000000000007 35.500000000000007
decision_type=2 2 2 2 2 2
left_child=1 2 3 4 5 -1
right_child=-2 -3 -4 -5 -6 -7
leaf_value=-0.0045550507409211939 -0.03869995646993591 0.38618301806769478 -0.1923207266684083 0.10562987943856793 -0.046481551826759192 0.08462410961450198
leaf_weight=2453 98 81 80 159 840 570
leaf_count=2453 98 81 80 159 840 570
internal_value=-0.000160289 0.000149713 -0.000145362 0.000178048 -0.000394778 0.00092041
internal_weight=4281 4183 4102 4022 3863 3023
internal_count=4281 4183 4102 4022 3863 3023
is_linear=0
shrinkage=0.06


Tree=45
num_leaves=7
num_cat=0
split_feature=24 25 24 25 24 25
split_gain=6.4476 6.18978 4.42322 9.72708 12.3338 9.07216
threshold=63.500000000000007 59.500000000000007 43.500000000000007 35.500000000000007 32.500000000000007 40.250000000000007
decision_type=2 2 2 2 2 2
left_child=1 2 3 4 -1 -4
right_child=-2 -3 5 -5 -6 -7
leaf_value=0.0054001911700171995 -0.047812790014658609 0.30177600360367013 -0.13452981849906473 0.054921355190364375 -0.067893328309034204 -0.00648552168457198
leaf_weight=1980 80 84 138 875 515 617
leaf_count=1980 80 84 138 875 515 617
internal_value=0.000159991 0.000490508 0.000151816 0.00108356 -0.0008268 -0.00398289
internal_weight=4289 4209 4125 3370 2495 755
internal_count=4289 4209 4125 3370 2495 755
is_linear=0
shrinkage=0.06


Tree=46
num_leaves=7
num_cat=0
split_feature=24 25 24 25 25 24
split_gain=5.10877 6.17875 5.12563 5.72367 5.45511 4.96236
threshold=63.500000000000007 59.500000000000007 21.250000000000004 22.500000000000004 20.750000000000004 17.500000000000004
decision_type=2 2 2 2 2 2
left_child=1 2 3 5 -4 -1
right_child=-2 -3 4 -5 -6 -7
leaf_value=0.018658213461057106 -0.044755069097348714 0.29166995388034667 -0.046078941872305219 0.12815942098340685 -0.00042118247383325701 -0.0064337998142169799
leaf_weight=92 81 84 117 99 3611 210
leaf_count=92 81 84 117 99 3611 210
internal_value=0.000208653 0.000504267 0.000166183 0.00656897 -0.000529601 0.0023355
internal_weight=4294 4213 4129 401 3728 302
internal_count=4294 4213 4129 401 3728 302
is_linear=0
shrinkage=0.06


Tree=47
num_leaves=7
num_cat=0
split_feature=24 26 24 13 16 24
split_gain=5.11467 4.43609 8.74786 5.87197 6.01084 5.26824
threshold=62.500000000000007 43.500000000000007 46.500000000000007 46.500000000000007 8.5481817432575564 39.500000000000007
decision_type=2 2 2 2 2 2
left_child=1 2 3 4 -1 -6
right_child=-2 -3 -4 -5 5 -7
leaf_value=-0.0049126438917369477 -0.035707844951507778 0.028217567186630144 -0.23494474862717368 -0.087452681423609041 0.044306277620988578 -0.017821002205720343
leaf_weight=2185 92 651 116 141 798 263
leaf_count=2185 92 651 116 141 798 263
internal_value=4.16373e-05 0.000359942 -0.000486602 7.87146e-05 0.000608121 0.004303
internal_weight=4246 4154 3503 3387 3246 1061
internal_count=4246 4154 3503 3387 3246 1061
is_linear=0
shrinkage=0.06


Tree=48
num_leaves=7
num_cat=0
split_feature=24 26 24 33 26 24
split_gain=5.93601 4.49697 9.2371 7.68876 7.68146 7.69854
threshold=17.500000000000004 23.500000000000004 26.750000000000004 1.0000000180025095e-35 38.750000000000007 36.500000000000007
decision_type=2 2 2 2 2 2
left_child=-1 -2 -3 4 5 -4
right_child=1 2 3 -5 -6 -7
leaf_value=0.019892016328614141 -0.021698299248725673 0.065314633436164546 -0.0055512274647770352 0.076701125044324428 0.012681096070066511 -0.10122683272689068
leaf_weight=89 787 458 1115 92 1286 479
leaf_count=89 787 458 1115 92 1286 479
internal_value=5.49756e-05 -0.000276409 0.000662882 -0.000563319 -0.00112201 -0.00390056
internal_weight=4306 4217 3430 2972 2880 1594
internal_count=4306 4217 3430 2972 2880 1594
is_linear=0
shrinkage=0.06


Tree=49
num_leaves=7
num_cat=0
split_feature=24 25 30 25 3 24
split_gain=4.95654 10.1391 10.4737 9.82125 8.6478 10.726
threshold=26.750000000000004 29.500000000000004 20.500000000000004 24.500000000000004 56.500000000000007 21.750000000000004
decision_type=2 2 2 2 2 2
left_child=3 2 -2 4 5 -1
right_child=1 -3 -4 -5 -6 -7
leaf_value=0.0014061627714237978 -0.027350739810017712 0.0011917531528808016 -0.11026076574949906 0.053774163986287968 0.012923042577374321 -0.052086449721509186
leaf_weight=171 354 2526 133 420 537 112
leaf_count=171 354 2526 133 420 537 112
internal_value=-6.34101e-06 -0.00132107 -0.00920122 0.00317831 -0.000650909 -0.00905208
internal_weight=4253 3013 487 1240 820 283
internal_count=4253 3013 487 1240 820 283
is_linear=0
shrinkage=0.06


Tree=50
num_leaves=7
num_cat=0
split_feature=24 26 25 30 32 26
split_gain=3.89427 10.56 9.22441 6.83798 6.82906 6.85269
threshold=26.750000000000004 24.500000000000004 26.750000000000004 1.5000000000000002 14.500000000000002 21.750000000000004
decision_type=2 2 2 2 2 2
left_child=2 -2 4 -3 5 -1
right_child=1 3 -4 -5 -6 -7
leaf_value=0.0037701832244074257 -0.10364511980452912 0.14027772619416592 0.061003132675713952 -0.0028336069266986993 0.028820770919804634 -0.031015157390749486
leaf_weight=356 176 97 248 2746 395 271
leaf_count=356 176 97 248 2746 395 271
internal_value=-6.28784e-06 -0.00117956 0.00277412 -0.000283357 0.000230769 -0.00365032
internal_weight=4289 3019 1270 2843 1022 627
internal_count=4289 3019 1270 2843 1022 627
is_linear=0
shrinkage=0.06


Tree=51
num_leaves=7
num_cat=0
split_feature=24 25 30 26 30 30
split_gain=4.00197 12.5879 10.0191 9.22381 5.713 7.57037
threshold=27.500000000000004 27.500000000000004 19.500000000000004 23.500000000000004 1.5000000000000002 3.5000000000000004
decision_type=2 2 2 2 2 2
left_child=3 2 -2 -1 -3 -6
right_child=1 4 -4 -5 5 -7
leaf_value=-0.0062256102888322441 -0.056301941584306077 0.090096070216305529 -0.13026092145107304 0.058891126620163936 -0.094840605117052917 0.0016028037949166495
leaf_weight=813 192 98 95 576 146 2343
leaf_count=813 192 98 95 576 146 2343
internal_value=4.85005e-05 -0.00122855 -0.0130377 0.00268795 0.000103009 -0.000467923
internal_weight=4263 2874 287 1389 2587 2489
internal_count=4263 2874 287 1389 2587 2489
is_linear=0
shrinkage=0.06


Tree=52
num_leaves=7
num_cat=0
split_feature=24 25 30 30 24 11
split_gain=4.081 6.51693 10.6964 7.40073 6.03995 16.157
threshold=55.500000000000007 46.500000000000007 12.500000000000002 21.500000000000004 36.500000000000007 36.250000000000007
decision_type=2 2 2 2 2 2
left_child=1 4 -3 -4 5 -1
right_child=-2 2 3 -5 -6 -7
leaf_value=-0.0023164418745925939 -0.041063724052748024 0.17714224105284912 -0.067908557812809564 0.060551788674655327 -0.032470059076721028 0.093521468988384995
leaf_weight=2153 205 173 122 116 1123 382
leaf_count=2153 205 173 122 116 1123 382
internal_value=2.73428e-05 0.000448454 0.0075649 -0.000728395 -0.000359541 0.0012626
internal_weight=4274 4069 411 238 3658 2535
internal_count=4274 4069 411 238 3658 2535
is_linear=0
shrinkage=0.06


Tree=53
num_leaves=7
num_cat=0
split_feature=27 30 18 24 26 17
split_gain=3.39628 7.49289 8.07686 9.97194 10.658 6.13076
threshold=2.5000000000000004 23.500000000000004 6.211534452269416 36.500000000000007 38.750000000000007 9.6921005051836655
decision_type=2 2 2 2 2 2
left_child=1 2 -1 5 -5 -4
right_child=-2 -3 3 4 -6 -7
leaf_value=-0.030811980460479855 0.0072240095060461373 -0.045391844224965922 0.012879982544328098 -0.20532454574053954 0.0068597309616664458 0.15105707045334121
leaf_weight=182 2447 379 883 151 164 92
leaf_count=182 2447 379 883 151 164 92
internal_value=0.000110853 -0.00182489 0.000119838 0.00180463 -0.00739688 0.00480306
internal_weight=4298 1851 1472 1290 315 975
internal_count=4298 1851 1472 1290 315 975
is_linear=0
shrinkage=0.06


Tree=54
num_leaves=7
num_cat=0
split_feature=24 16 26 24 24 25
split_gain=4.94788 4.58068 4.4226 8.21496 4.41015 8.22723
threshold=56.500000000000007 10.14770702599948 43.500000000000007 46.500000000000007 17.500000000000004 19.500000000000004
decision_type=2 2 2 2 2 2
left_child=2 -2 3 4 -1 -6
right_child=1 -3 -4 -5 5 -7
leaf_value=0.018671948372450866 0.048118411114248902 -0.18966230090428277 0.024084408937982155 -0.22400971810016262 -0.055277457030894483 0.0022811928926050563
leaf_weight=87 80 119 554 117 142 3154
leaf_count=87 80 119 554 117 142 3154
internal_value=0.000161343 -0.00895588 0.000620103 -0.000170328 0.00037987 1.72675e-05
internal_weight=4253 199 4054 3500 3383 3296
internal_count=4253 199 4054 3500 3383 3296
is_linear=0
shrinkage=0.06


Tree=55
num_leaves=7
num_cat=0
split_feature=24 26 29 32 24 24
split_gain=4.4697 6.10184 12.1646 14.2822 10.3098 10.0709
threshold=21.750000000000004 28.500000000000004 2.5000000000000004 12.500000000000002 32.500000000000007 28.500000000000004
decision_type=2 2 2 2 2 2
left_child=-1 2 -2 -4 -3 -5
right_child=1 4 3 5 -6 -7
leaf_value=0.01838066314062332 -0.047158142308887242 0.067372961372241857 0.059699874048705109 -0.0073017928528463323 -0.0015940297881699016 -0.085932820428218426
leaf_weight=387 250 478 229 592 2143 181
leaf_count=387 250 478 229 592 2143 181
internal_value=0.000238453 -0.000378288 -0.00381623 -0.000831182 0.00126695 -0.00473907
internal_weight=4260 3873 1252 1002 2621 773
internal_count=4260 3873 1252 1002 2621 773
is_linear=0
shrinkage=0.06


Tree=56
num_leaves=7
num_cat=0
split_feature=27 24 25 30 32 24
split_gain=3.99906 7.32589 16.7755 8.39146 6.65926 6.15158
threshold=2.5000000000000004 36.500000000000007 33.500000000000007 24.500000000000004 7.5000000000000009 28.500000000000004
decision_type=2 2 2 2 2 2
left_child=1 2 3 4 -1 -6
right_child=-2 -3 -4 -5 5 -7
leaf_value=-0.048279776694004052 0.007583644287167548 -0.074804994583429471 0.1044828325860868 -0.055049110946399714 0.0098840269008839514 -0.088199202172086655
leaf_weight=143 2460 414 201 184 702 210
leaf_count=143 2460 414 201 184 702 210
internal_value=6.87659e-05 -0.00203174 0 -0.00262621 -0.000534906 0.00137077
internal_weight=4314 1854 1440 1239 1055 912
internal_count=4314 1854 1440 1239 1055 912
is_linear=0
shrinkage=0.06


Tree=57
num_leaves=7
num_cat=0
split_feature=25 26 26 25 19 25
split_gain=5.0443 8.77621 5.97698 5.16194 3.71813 2.83133
threshold=59.500000000000007 54.500000000000007 49.500000000000007 53.500000000000007 -2.8571428571428554 46.500000000000007
decision_type=2 2 2 2 2 2
left_child=1 2 4 -4 -1 -6
right_child=-2 -3 3 -5 5 -7
leaf_value=0.10244818641456209 0.17811452931268196 -0.24827082824021762 0.12960091443090704 0.0033848909421919258 -0.0031579387586382185 0.0186912048149314
leaf_weight=115 118 120 86 88 3522 217
leaf_count=115 118 120 86 88 3522 217
internal_value=0.000195973 -0.000158199 0.000326556 0.0110447 -0.000170251 -0.000504006
internal_weight=4266 4148 4028 174 3854 3739
internal_count=4266 4148 4028 174 3854 3739
is_linear=0
shrinkage=0.06


Tree=58
num_leaves=7
num_cat=0
split_feature=19 24 26 29 24 25
split_gain=3.72673 3.71804 5.89407 9.81536 6.4227 8.49164
threshold=-2.8571428571428554 21.750000000000004 23.500000000000004 2.5000000000000004 27.500000000000004 35.500000000000007
decision_type=2 2 2 2 2 2
left_child=-1 -2 3 -3 -4 -6
right_child=1 2 4 -5 5 -7
leaf_value=0.089027868016102296 0.017012281020474161 -0.048464555443671835 0.024935650542209104 -0.012383563721150388 -0.023390947196769121 0.010548350588774874
leaf_weight=135 395 106 519 411 1063 1656
leaf_count=135 395 106 519 411 1063 1656
internal_value=-6.29371e-06 -0.000331408 -0.000916755 -0.00683333 3.60777e-05 -0.00113326
internal_weight=4285 4150 3755 517 3238 2719
internal_count=4285 4150 3755 517 3238 2719
is_linear=0
shrinkage=0.06


Tree=59
num_leaves=7
num_cat=0
split_feature=24 25 14 24 24 26
split_gain=3.50612 3.45449 6.19268 6.78298 5.41552 10.3195
threshold=62.500000000000007 44.500000000000007 33.750000000000007 46.500000000000007 27.500000000000004 23.500000000000004
decision_type=2 2 2 2 2 2
left_child=1 4 -3 -4 5 -1
right_child=-2 2 3 -5 -6 -7
leaf_value=-0.0089181954448950846 -0.028766742619627885 -0.031311980630264226 0.13201866710586768 0.018156532154719268 -0.013935462043346792 0.053796114726224961
leaf_weight=816 81 97 177 396 2118 573
leaf_count=816 81 97 177 396 2118 573
internal_value=-0.000182266 6.38451e-05 0.00399556 0.00637889 -0.000691059 0.00221449
internal_weight=4258 4177 670 573 3507 1389
internal_count=4258 4177 670 573 3507 1389
is_linear=0
shrinkage=0.06


Tree=60
num_leaves=7
num_cat=0
split_feature=24 25 25 24 18 26
split_gain=3.35273 10.0832 8.91835 9.02975 8.61905 8.37011
threshold=43.500000000000007 40.250000000000007 35.500000000000007 31.500000000000004 7.0774246900657181 29.500000000000004
decision_type=2 2 2 2 2 2
left_child=2 -2 3 4 -1 -5
right_child=1 -3 -4 5 -6 -7
leaf_value=-0.01008817963027432 -0.12286199187686579 -0.0024651426069722325 0.053027771338549981 -0.06303715134183456 0.043069145540292009 -0.024664857284678321
leaf_weight=1128 144 747 881 104 746 514
leaf_count=1128 144 747 881 104 746 514
internal_value=-0.00018201 -0.00344531 0.000682948 -0.00115218 0.000924428 -0.00741091
internal_weight=4264 891 3373 2492 1874 618
internal_count=4264 891 3373 2492 1874 618
is_linear=0
shrinkage=0.06


Tree=61
num_leaves=7
num_cat=1
split_feature=27 31 18 1 25 10
split_gain=3.88282 5.86093 6.84094 5.52412 5.82313 4.84802
threshold=2.5000000000000004 3.5000000000000004 6.211534452269416 0 26.250000000000004 27.392857142857146
decision_type=2 2 2 1 2 2
left_child=1 2 -1 -3 -5 -4
right_child=-2 3 5 4 -6 -7
leaf_value=-0.028521874954032009 0.0096362770820670202 0.0019331929618614696 0.046737355844510657 -0.061739980932065106 -0.01590801683771496 0.001650172496578639
leaf_weight=172 2427 194 128 133 150 1058
leaf_count=172 2427 194 128 133 150 1058
internal_value=0.000238341 -0.00184076 0.000173881 -0.0075249 -0.0125738 0.00181108
internal_weight=4262 1835 1358 477 283 1186
internal_count=4262 1835 1358 477 283 1186
cat_boundaries=0 1
cat_threshold=18
is_linear=0
shrinkage=0.06


Tree=62
num_leaves=7
num_cat=0
split_feature=24 25 24 12 25 30
split_gain=4.5727 9.96525 4.25951 5.07434 4.73216 8.28385
threshold=17.500000000000004 18.500000000000004 21.750000000000004 25.678571428571434 27.500000000000004 19.500000000000004
decision_type=2 2 2 2 2 2
left_child=-1 -2 3 -3 5 -4
right_child=1 2 4 -5 -6 -7
leaf_value=0.016048880458701696 -0.058035582076141214 0.0016258031586916209 -0.00094867601856795096 0.14828983116802738 0.0028379867936963632 -0.056034655619728202
leaf_weight=89 84 157 704 103 2826 330
leaf_count=89 84 157 704 103 2826 330
internal_value=-3.4202e-05 -0.000327156 0.000101091 0.00746038 -0.000402846 -0.00386622
internal_weight=4293 4204 4120 260 3860 1034
internal_count=4293 4204 4120 260 3860 1034
is_linear=0
shrinkage=0.06


Tree=63
num_leaves=7
num_cat=0
split_feature=24 28 16 24 18 25
split_gain=3.94114 3.7265 6.69959 8.38935 10.2341 8.14424
threshold=62.500000000000007 1.0000000180025095e-35 10.604355211183575 26.750000000000004 7.0383961614895432 26.750000000000004
decision_type=2 2 2 2 2 2
left_child=1 2 3 5 -5 -1
right_child=-2 -3 -4 4 -6 -7
leaf_value=-0.0018920717685008857 -0.02955437690719144 0.010812900961128457 0.032198439786908908 -0.1011598948382651 -0.019491812778143658 0.044095608334098521
leaf_weight=1026 96 1139 394 191 1246 212
leaf_count=1026 96 1139 394 191 1246 212
internal_value=-0.000138547 0.000141704 -0.000945673 -0.002025 -0.00513662 0.00159051
internal_weight=4304 4208 3069 2675 1437 1238
internal_count=4304 4208 3069 2675 1437 1238
is_linear=0
shrinkage=0.06


Tree=64
num_leaves=7
num_cat=0
split_feature=24 27 25 15 18 29
split_gain=4.06237 8.42657 7.58834 5.50251 10.2084 5.3445
threshold=44.500000000000007 4.5000000000000009 40.250000000000007 26.250000000000004 6.8461334518965629 4.5000000000000009
decision_type=2 2 2 2 2 2
left_child=1 -1 -2 4 -3 -5
right_child=2 3 -4 5 -6 -7
leaf_value=-0.0017679352856972022 -0.15741096883528652 0.03775619710824718 -0.0056702524509839322 0.19070328908582035 -0.060114892314657775 0.013367310104208524
leaf_weight=2784 109 238 695 135 141 159
leaf_count=2784 109 238 695 135 141 159
internal_value=4.85232e-05 0.000943674 -0.00377874 0.00694248 0.00210156 0.0130334
internal_weight=4261 3457 804 673 379 294
internal_count=4261 3457 804 673 379 294
is_linear=0
shrinkage=0.06


Tree=65
num_leaves=7
num_cat=0
split_feature=24 25 24 26 25 32
split_gain=3.99207 8.31118 4.17794 9.75877 6.99885 6.29948
threshold=17.500000000000004 18.500000000000004 26.750000000000004 24.500000000000004 26.750000000000004 20.500000000000004
decision_type=2 2 2 2 2 2
left_child=-1 -2 4 -4 5 -3
right_child=1 2 3 -5 -6 -7
leaf_value=0.015305548054431482 -0.053771634171782663 -0.0037635034925491031 -0.078066962722151176 -0.0011682217413569089 0.047391072929390599 0.11930541181998902
leaf_weight=85 83 724 172 2852 243 120
leaf_count=85 83 724 172 2852 243 120
internal_value=-0.000202381 -0.000470826 -7.94461e-05 -0.00122714 0.00310165 0.000491166
internal_weight=4279 4194 4111 3024 1087 844
internal_count=4279 4194 4111 3024 1087 844
is_linear=0
shrinkage=0.06


Tree=66
num_leaves=7
num_cat=0
split_feature=27 18 30 30 13 16
split_gain=2.91158 5.09058 8.60024 13.3576 6.73143 3.81105
threshold=2.5000000000000004 7.0774246900657181 9.5000000000000018 4.5000000000000009 46.500000000000007 11.82207316707235
decision_type=2 2 2 2 2 2
left_child=1 2 3 -1 -3 -2
right_child=5 4 -4 -5 -6 -7
leaf_value=-0.025721204936057483 0.0075757066678347274 0.0040977652997227715 -0.040081724648323186 0.10727274148560663 -0.061149901588593313 -0.061852283747882743
leaf_weight=119 2325 1063 421 85 160 100
leaf_count=119 2325 1063 421 85 160 100
internal_value=-0.000441094 -0.0022326 -0.00661429 0.00343062 2.1987e-05 0.000924691
internal_weight=4273 1848 625 204 1223 2425
internal_count=4273 1848 625 204 1223 2425
is_linear=0
shrinkage=0.06


Tree=67
num_leaves=7
num_cat=0
split_feature=27 18 13 30 26 25
split_gain=3.19652 6.46344 6.45393 3.68634 3.66997 4.10797
threshold=2.5000000000000004 6.9291065023131146 46.500000000000007 24.500000000000004 22.500000000000004 25.500000000000004
decision_type=2 2 2 2 2 2
left_child=1 3 4 -1 -3 -6
right_child=-2 2 -4 -5 5 -7
leaf_value=-0.0085916084077064352 0.0052639826933549294 -0.029297698310463249 -0.057317075104649576 -0.066560069739590527 0.063920467793802699 0.0037675198564030765
leaf_weight=439 2428 146 171 87 208 762
leaf_count=439 2428 146 171 87 208 762
internal_value=-9.11446e-05 -0.00199505 0.000299536 -0.00756497 0.0019777 0.00332
internal_weight=4241 1813 1287 526 1116 970
internal_count=4241 1813 1287 526 1116 970
is_linear=0
shrinkage=0.06


Tree=68
num_leaves=7
num_cat=1
split_feature=24 25 30 30 29 1
split_gain=3.97392 6.25722 3.6887 7.52575 6.44995 3.7484
threshold=21.750000000000004 20.750000000000004 1.5000000000000002 3.5000000000000004 4.5000000000000009 0
decision_type=2 2 2 2 2 1
left_child=-1 -2 -3 4 -4 -5
right_child=1 2 3 5 -6 -7
leaf_value=0.016496552963004566 -0.032061681769932911 0.091542769732271309 -0.0032539341175111237 0.0086761272317894406 -0.1515743159233163 -0.011584933954770085
leaf_weight=399 119 134 125 2004 123 1377
leaf_count=399 119 134 125 2004 123 1377
internal_value=-0.000398273 -0.000987137 -0.000548567 -0.00091552 -0.0108972 -0.000167454
internal_weight=4281 3882 3763 3629 248 3381
internal_count=4281 3882 3763 3629 248 3381
cat_boundaries=0 1
cat_threshold=22
is_linear=0
shrinkage=0.06


Tree=69
num_leaves=7
num_cat=0
split_feature=24 14 24 27 24 25
split_gain=3.40665 4.05734 12.5356 10.9941 7.3252 7.13019
threshold=62.500000000000007 34.750000000000007 36.500000000000007 2.5000000000000004 45.500000000000007 35.500000000000007
decision_type=2 2 2 2 2 2
left_child=1 4 -3 5 -1 -4
right_child=-2 2 3 -5 -6 -7
leaf_value=-0.001377852330099727 -0.020467435284719605 0.084531130245802014 -0.13658500862092782 0.017675465423667623 -0.19043111313987504 -0.021496079133475614
leaf_weight=2525 95 377 84 769 107 315
leaf_count=2525 95 377 84 769 107 315
internal_value=-0.000125555 0.000135581 0.00257226 -0.000508951 -0.00129579 -0.00853218
internal_weight=4272 4177 1545 1168 2632 399
internal_count=4272 4177 1545 1168 2632 399
is_linear=0
shrinkage=0.06


Tree=70
num_leaves=7
num_cat=0
split_feature=24 12 24 25 24 17
split_gain=3.98162 3.72572 10.3845 10.7666 12.4367 7.72652
threshold=62.500000000000007 29.232142857142861 28.500000000000004 35.500000000000007 36.500000000000007 8.0399068063117642
decision_type=2 2 2 2 2 2
left_child=1 -1 -3 -4 -5 -6
right_child=-2 2 3 4 5 -7
leaf_value=-0.0039056821499309177 -0.015211864416735228 0.11458506585223543 -0.042928531728034333 0.068711976637946828 0.055790848064568889 -0.0065671912001417651
leaf_weight=1709 89 329 690 177 237 1050
leaf_count=1709 89 329 690 177 237 1050
internal_value=-0.000202287 7.07648e-05 0.00155426 2.64011e-05 0.00293873 0.000856811
internal_weight=4281 4192 2483 2154 1464 1287
internal_count=4281 4192 2483 2154 1464 1287
is_linear=0
shrinkage=0.06


Tree=71
num_leaves=7
num_cat=0
split_feature=25 24 24 18 29 32
split_gain=3.61419 10.7839 9.13063 9.03586 9.62976 7.17096
threshold=35.500000000000007 36.500000000000007 32.500000000000007 7.0774246900657181 2.5000000000000004 12.500000000000002
decision_type=2 2 2 2 2 2
left_child=2 -2 3 -1 -5 -6
right_child=1 -3 -4 4 5 -7
leaf_value=-0.0055340212920456386 0.071036562690600796 -3.2309830619210442e-05 -0.053530031377612156 -0.026844601441853053 0.11321264495739036 0.037087901259871416
leaf_weight=1199 208 1564 536 134 129 538
leaf_count=1199 208 1564 536 134 129 538
internal_value=-0.000388824 0.00168655 -0.00184061 2.84289e-05 0.00494665 0.00789732
internal_weight=4308 1772 2536 2000 801 667
internal_count=4308 1772 2536 2000 801 667
is_linear=0
shrinkage=0.06


Tree=72
num_leaves=7
num_cat=0
split_feature=24 12 24 26 25 12
split_gain=5.21147 3.73719 11.0004 11.9834 8.30621 7.9337
threshold=62.500000000000007 35.071428571428577 36.500000000000007 38.750000000000007 38.750000000000007 44.026785714285722
decision_type=2 2 2 2 2 2
left_child=1 -1 -3 5 -5 -4
right_child=-2 2 3 4 -6 -7
leaf_value=-0.0036124810275335404 -0.02843214983348755 0.069793637232765937 -0.039833457305714422 -0.093009874918432947 0.024278209842843325 -0.20113099530946521
leaf_weight=2550 98 434 236 96 798 95
leaf_count=2550 98 434 236 96 798 95
internal_value=-3.40909e-05 0.000291172 0.00250421 -0.000412195 0.00320022 -0.0100804
internal_weight=4307 4209 1659 1225 894 331
internal_count=4307 4209 1659 1225 894 331
is_linear=0
shrinkage=0.06


Tree=73
num_leaves=7
num_cat=0
split_feature=27 24 26 24 16 15
split_gain=3.22081 5.81509 6.63461 5.71078 9.93802 5.40986
threshold=2.5000000000000004 24.500000000000004 24.500000000000004 36.500000000000007 9.1078193942577936 22.250000000000004
decision_type=2 2 2 2 2 2
left_child=3 5 -3 4 -1 -2
right_child=1 2 -4 -5 -6 -7
leaf_value=-0.007820909514740515 -0.0033957321658815154 -0.060869810694310071 0.0040096216621581561 -0.045602361668456222 0.051868119519695485 0.10071462884734313
leaf_weight=1120 85 152 2030 412 299 169
leaf_count=1120 85 152 2030 412 299 169
internal_value=2.03652e-05 0.001449 0.000437586 -0.00187745 -6.10955e-05 0.00994981
internal_weight=4267 2436 2182 1831 1419 254
internal_count=4267 2436 2182 1831 1419 254
is_linear=0
shrinkage=0.06


Tree=74
num_leaves=7
num_cat=1
split_feature=25 24 1 26 24 24
split_gain=2.78507 6.60568 3.35999 6.45266 10.1628 6.17331
threshold=59.500000000000007 56.500000000000007 0 41.500000000000007 36.500000000000007 45.500000000000007
decision_type=2 2 1 2 2 2
left_child=1 2 3 4 -1 -4
right_child=-2 -3 5 -5 -6 -7
leaf_value=0.082072092315407519 0.14242885312743533 -0.24089334672207954 -0.00031702242555177397 0.055128579526444357 -0.055138318049659532 -0.10404086327060379
leaf_weight=148 125 110 3073 330 261 242
leaf_count=148 125 110 3073 330 261 242
internal_value=-0.000132045 -0.000402255 0 0.00361671 -0.00136957 -0.000818919
internal_weight=4289 4164 4054 739 409 3315
internal_count=4289 4164 4054 739 409 3315
cat_boundaries=0 1
cat_threshold=2
is_linear=0
shrinkage=0.06


Tree=75
num_leaves=7
num_cat=0
split_feature=27 24 25 25 16 16
split_gain=3.656 5.40867 8.4351 7.87335 6.18252 5.13461
threshold=2.5000000000000004 24.500000000000004 27.500000000000004 22.500000000000004 6.9264844995246362 6.1740477355112349
decision_type=2 2 2 2 2 2
left_child=5 3 -3 -2 -4 -1
right_child=1 2 4 -5 -6 -7
leaf_value=-0.033595066413338266 -0.0031729668903955053 -0.062345913944187863 0.081993815098129752 0.10683565871691431 0.0029610098857118959 -0.0024962078960617173
leaf_weight=240 124 311 350 126 1544 1593
leaf_count=240 124 311 350 126 1544 1593
internal_value=8.31586e-05 0.00159634 0.000636652 0.00987059 0.00214692 -0.0019407
internal_weight=4288 2455 2205 250 1894 1833
internal_count=4288 2455 2205 250 1894 1833
is_linear=0
shrinkage=0.06


Tree=76
num_leaves=7
num_cat=0
split_feature=24 14 24 25 26 25
split_gain=3.93105 5.04871 12.7943 8.74332 6.3767 6.32287
threshold=21.750000000000004 34.750000000000007 36.500000000000007 38.750000000000007 38.750000000000007 33.500000000000007
decision_type=2 2 2 2 2 2
left_child=-1 -2 5 -4 -5 -3
right_child=1 2 3 4 -6 -7
leaf_value=0.013310367164704533 -0.0085938386295300786 0.0086469859459711133 -0.059659358826852714 -0.07592412233013078 0.013482068255370176 0.15727973696780673
leaf_weight=403 2237 191 249 161 865 197
leaf_count=403 2237 191 249 161 865 197
internal_value=-0.000243036 -0.000828937 0.00167086 -0.00123984 0.0012192 0.0111374
internal_weight=4303 3900 1663 1275 1026 388
internal_count=4303 3900 1663 1275 1026 388
is_linear=0
shrinkage=0.06


Tree=77
num_leaves=7
num_cat=0
split_feature=30 29 30 25 24 32
split_gain=2.938 7.74877 4.65687 2.9101 4.97421 9.32262
threshold=3.5000000000000004 3.5000000000000004 1.5000000000000002 19.500000000000004 26.750000000000004 8.5000000000000018
decision_type=2 2 2 2 2 2
left_child=1 -1 -3 -2 5 -5
right_child=3 2 -4 4 -6 -7
leaf_value=0.075403714038351416 -0.015138140545626875 0.0050449730507737536 -0.10052708885425694 -0.023693585292179069 -0.0035256410273105891 0.026294959871701901
leaf_weight=159 180 95 196 200 2750 739
leaf_count=159 180 95 196 200 2750 739
internal_value=-0.000311517 -0.00487253 -0.0106318 0.0002238 0.000592041 0.00435064
internal_weight=4319 450 291 3869 3689 939
internal_count=4319 450 291 3869 3689 939
is_linear=0
shrinkage=0.06


Tree=78
num_leaves=7
num_cat=0
split_feature=27 16 24 30 16 24
split_gain=3.80225 5.04951 5.69229 5.63983 4.98774 5.74325
threshold=2.5000000000000004 5.7961395667015028 43.500000000000007 2.5000000000000004 9.1638522897594346 28.500000000000004
decision_type=2 2 2 2 2 2
left_child=1 -1 3 -3 5 -5
right_child=-2 2 -4 4 -6 -7
leaf_value=-0.03781767985651386 0.0047507761419374487 -0.030939821064776097 -0.092946412284007213 0.0029067267827771869 0.027821135465525729 -0.067907895097409521
leaf_weight=163 2448 124 95 703 426 336
leaf_count=163 2448 124 95 703 426 336
internal_value=-0.000327209 -0.00237959 -0.00138366 -0.000506274 0.00054898 -0.00169253
internal_weight=4295 1847 1684 1589 1465 1039
internal_count=4295 1847 1684 1589 1465 1039
is_linear=0
shrinkage=0.06


Tree=79
num_leaves=7
num_cat=0
split_feature=27 24 18 24 25 24
split_gain=3.59842 6.01767 6.44562 4.80566 8.65002 7.04403
threshold=2.5000000000000004 43.500000000000007 6.9291065023131146 28.500000000000004 33.500000000000007 36.500000000000007
decision_type=2 2 2 2 2 2
left_child=1 2 -1 -4 -5 -6
right_child=-2 -3 3 4 5 -7
leaf_value=-0.021603613574979721 0.004200632900993124 -0.097146006862645809 0.031879997163352367 -0.061633141367670424 0.069262192400862205 -0.0067859787291366476
leaf_weight=543 2423 96 471 292 181 286
leaf_count=543 2423 96 471 292 181 286
internal_value=-0.000376309 -0.00235165 -0.00153375 0.000872065 -0.00207723 0.00298093
internal_weight=4292 1869 1773 1230 759 467
internal_count=4292 1869 1773 1230 759 467
is_linear=0
shrinkage=0.06


Tree=80
num_leaves=7
num_cat=0
split_feature=27 30 30 15 10 25
split_gain=3.77663 6.37185 7.2523 10.4536 7.22511 7.1508
threshold=2.5000000000000004 23.500000000000004 15.500000000000002 26.750000000000004 26.928571428571434 32.500000000000007
decision_type=2 2 2 2 2 2
left_child=1 2 -1 4 -4 -5
right_child=-2 -3 3 5 -6 -7
leaf_value=-0.0071199484837671349 0.0050493134132153852 -0.028218417766515548 0.052889033043914728 0.18135204084234494 -0.077979541476226183 0.020322188882416374
leaf_weight=1011 2444 380 85 121 107 162
leaf_count=1011 2444 380 85 121 107 162
internal_value=-0.000277404 -0.00230732 -0.000521127 0.00555625 -0.00516244 0.0128021
internal_weight=4310 1866 1486 475 192 283
internal_count=4310 1866 1486 475 192 283
is_linear=0
shrinkage=0.06


Tree=81
num_leaves=7
num_cat=0
split_feature=12 24 25 16 26 24
split_gain=4.01595 9.90477 7.7081 7.70616 6.68768 7.63379
threshold=35.071428571428577 36.500000000000007 38.750000000000007 8.6575038775041229 38.750000000000007 46.500000000000007
decision_type=2 2 2 2 2 2
left_child=-1 3 -3 -2 -4 -6
right_child=1 2 4 -5 5 -7
leaf_value=-0.0030662728046322594 0.0021490516807433145 -0.047967996216101018 -0.07031367022618204 0.12887071719923521 0.06788195339353488 -0.0087258403123434206
leaf_weight=2522 188 259 173 247 350 529
leaf_count=2522 188 259 173 247 350 529
internal_value=0.000153756 0.00236265 -0.00024848 0.0101523 0.00204068 0.00417081
internal_weight=4268 1746 1311 435 1052 879
internal_count=4268 1746 1311 435 1052 879
is_linear=0
shrinkage=0.06


Tree=82
num_leaves=7
num_cat=0
split_feature=25 24 24 25 26 32
split_gain=2.95948 7.20517 4.44613 8.64224 6.44208 5.8461
threshold=44.500000000000007 45.500000000000007 26.750000000000004 24.500000000000004 24.500000000000004 15.500000000000002
decision_type=2 2 2 2 2 2
left_child=2 -2 3 -1 -4 -6
right_child=1 -3 4 -5 5 -7
leaf_value=-0.0031772152111307992 0.073681572536327081 -0.0052599213863337903 -0.060867679160693008 0.037354843802249793 0.0054443620063450333 -0.030231851154454377
leaf_weight=817 215 535 182 430 1050 1037
leaf_count=817 215 535 182 430 1050 1037
internal_value=-0.000153828 0.0032543 -0.00088526 0.00198642 -0.0024657 -0.0015043
internal_weight=4266 750 3516 1247 2269 2087
internal_count=4266 750 3516 1247 2269 2087
is_linear=0
shrinkage=0.06


Tree=83
num_leaves=7
num_cat=1
split_feature=19 30 1 3 24 26
split_gain=2.73231 2.58619 8.13894 7.04303 3.59902 12.0933
threshold=-2.8571428571428554 3.5000000000000004 0 90.500000000000014 28.500000000000004 27.500000000000004
decision_type=2 2 1 2 2 2
left_child=-1 2 3 -2 -3 -6
right_child=1 4 -4 -5 5 -7
leaf_value=0.078882021506222949 0.12374220993476338 0.0062034828275183826 -0.059253527698405244 -0.0045725946359856003 -0.074186454649650901 0.00080147275374750746
leaf_weight=143 89 1295 265 82 208 2210
leaf_count=143 89 1295 265 82 208 2210
internal_value=-0.000124971 -0.000410929 -0.0047551 0.00530645 0.000104088 -0.00126166
internal_weight=4292 4149 436 171 3713 2418
internal_count=4292 4149 436 171 3713 2418
cat_boundaries=0 1
cat_threshold=3
is_linear=0
shrinkage=0.06


Tree=84
num_leaves=7
num_cat=0
split_feature=24 26 24 10 30 32
split_gain=3.75265 4.77585 4.58979 10.7114 6.52697 4.32514
threshold=63.500000000000007 49.500000000000007 44.500000000000007 47.928571428571438 13.500000000000002 15.500000000000002
decision_type=2 2 2 2 2 2
left_child=1 2 -1 4 -4 -3
right_child=-2 5 3 -5 -6 -7
leaf_value=-8.1596768388929588e-05 -0.042698481568353194 0.050193195509420488 -0.17992677682809077 0.029167202678052357 -0.050298938296684768 0.0046897554846945374
leaf_weight=3414 81 124 132 121 179 191
leaf_count=3414 81 124 132 121 179 191
internal_value=-0.000465505 -0.000208113 -0.00079382 -0.00658352 -0.0124272 0.00683438
internal_weight=4242 4161 3846 432 311 315
internal_count=4242 4161 3846 432 311 315
is_linear=0
shrinkage=0.06


Tree=85
num_leaves=7
num_cat=0
split_feature=24 25 3 25 32 24
split_gain=3.65189 12.3336 7.56049 7.24279 8.17415 7.14712
threshold=28.500000000000004 29.500000000000004 65.500000000000014 23.500000000000004 18.500000000000004 22.500000000000004
decision_type=2 2 2 2 2 2
left_child=3 2 -2 4 -1 -5
right_child=1 -3 -4 5 -6 -7
leaf_value=-0.010320977059658482 0.0048187195362321324 0.0010755684254251797 -0.069730371564568502 0.0991833985548317 0.096291234709513659 0.011569414051257958
leaf_weight=597 85 2466 210 100 137 666
leaf_count=597 85 2466 210 100 137 666
internal_value=9.07173e-05 -0.00120282 -0.01269 0.00246977 -0.00178214 0.00653307
internal_weight=4261 2761 295 1500 734 766
internal_count=4261 2761 295 1500 734 766
is_linear=0
shrinkage=0.06


Tree=86
num_leaves=7
num_cat=0
split_feature=25 26 26 24 10 25
split_gain=2.98591 5.59668 8.13479 5.23311 8.24402 3.68636
threshold=62.500000000000007 54.500000000000007 49.500000000000007 46.500000000000007 46.750000000000007 53.500000000000007
decision_type=2 2 2 2 2 2
left_child=1 2 3 -1 -5 -4
right_child=-2 -3 5 4 -6 -7
leaf_value=-0.00024608786397715987 0.21569635139823046 -0.17790571505147323 0.092116058766523096 -0.18454652115653181 0.0092204744253605413 0.0071027849787803138
leaf_weight=3597 88 131 91 172 110 90
leaf_count=3597 88 131 91 172 110 90
internal_value=-0.000342437 -0.000578408 -0.000176384 -0.000763903 -0.00856098 0.0120806
internal_weight=4279 4191 4060 3879 282 181
internal_count=4279 4191 4060 3879 282 181
is_linear=0
shrinkage=0.06


Tree=87
num_leaves=7
num_cat=0
split_feature=19 27 30 32 30 30
split_gain=2.61582 2.18701 4.31937 4.34495 3.57881 6.63913
threshold=-2.8571428571428554 2.5000000000000004 23.500000000000004 7.5000000000000009 1.5000000000000002 3.5000000000000004
decision_type=2 2 2 2 2 2
left_child=-1 2 3 -2 -3 -6
right_child=1 4 -4 -5 5 -7
leaf_value=0.065916594563239769 -0.033183885328782067 0.16104744617062239 -0.029090099337795407 0.0014115443917203045 -0.10023038562846118 0.0042581726873937688
leaf_weight=134 179 80 376 1247 127 2155
leaf_count=134 179 80 376 1247 127 2155
internal_value=-0.000347897 -0.000618134 -0.00218982 -0.000668763 0.000581749 0.000129864
internal_weight=4298 4164 1802 1426 2362 2282
internal_count=4298 4164 1802 1426 2362 2282
is_linear=0
shrinkage=0.06


Tree=88
num_leaves=7
num_cat=0
split_feature=3 30 32 30 26 26
split_gain=2.8037 4.13217 3.88055 7.23792 5.36437 9.12159
threshold=37.500000000000007 5.5000000000000009 12.500000000000002 18.500000000000004 23.500000000000004 21.250000000000004
decision_type=2 2 2 2 2 2
left_child=1 -1 3 4 5 -2
right_child=2 -3 -4 -5 -6 -7
leaf_value=0.064098692671129748 0.022216852747221277 -0.050708652800634864 -0.0031606857190463809 -0.0083137149912777802 0.060210183933847645 -0.025504481332659461
leaf_weight=127 160 191 2729 445 558 114
leaf_count=127 160 191 2729 445 558 114
internal_value=0 -0.00537771 0.000433059 0.00315679 0.00644803 -0.000419355
internal_weight=4324 318 4006 1277 832 274
internal_count=4324 318 4006 1277 832 274
is_linear=0
shrinkage=0.06


Tree=89
num_leaves=7
num_cat=0
split_feature=25 26 32 14 21 14
split_gain=2.31069 7.35403 3.68492 3.57095 7.22456 2.77646
threshold=23.500000000000004 21.750000000000004 18.500000000000004 24.750000000000004 1.0000000180025095e-35 23.750000000000004
decision_type=2 2 2 2 2 2
left_child=2 -2 3 4 -1 -3
right_child=1 5 -4 -5 -6 -7
leaf_value=-0.028881628234320902 0.049657383742139467 0.028303205946958267 0.069997523364709796 -0.03464086687873779 0.0029427985018318247 -0.0013276246573444663
leaf_weight=205 117 162 143 194 235 3238
leaf_count=205 117 162 143 194 235 3238
internal_value=-0.000152826 0.000501704 -0.00310358 -0.00506573 -0.00201573 -1.67401e-05
internal_weight=4294 3517 777 634 440 3400
internal_count=4294 3517 777 634 440 3400
is_linear=0
shrinkage=0.06


Tree=90
num_leaves=7
num_cat=0
split_feature=24 25 25 32 24 16
split_gain=3.28051 8.28557 5.6081 15.4449 5.61506 5.83672
threshold=26.750000000000004 23.500000000000004 31.500000000000004 12.500000000000002 33.500000000000007 9.1078193942577936
decision_type=2 2 2 2 2 2
left_child=1 -1 3 -2 5 -4
right_child=2 -3 4 -5 -6 -7
leaf_value=-0.0043708410364791386 0.049196235612689376 0.037302251147414055 0.031648352891276391 -0.053121492214430868 -0.0029724868014433022 0.079707126771582038
leaf_weight=719 201 544 233 486 1966 99
leaf_count=719 201 544 233 486 1966 99
internal_value=-2.751e-05 0.00252918 -0.00111271 -0.00584827 0.000311333 0.00746884
internal_weight=4248 1263 2985 687 2298 332
internal_count=4248 1263 2985 687 2298 332
is_linear=0
shrinkage=0.06


Tree=91
num_leaves=7
num_cat=0
split_feature=24 18 26 24 3 27
split_gain=2.56234 5.02805 4.21377 5.53009 5.20816 3.13347
threshold=55.500000000000007 9.2961538927977134 43.500000000000007 46.500000000000007 55.500000000000007 2.5000000000000004
decision_type=2 2 2 2 2 2
left_child=2 -2 3 5 -4 -1
right_child=1 -3 4 -5 -6 -7
leaf_value=-0.0049737626042373768 0.037302768611552947 -0.13449030036442267 -0.047408126945069497 -0.18448160146004103 0.068473248679199503 0.0057427196363038745
leaf_weight=1777 87 123 81 108 459 1658
leaf_count=1777 87 123 81 108 459 1658
internal_value=-0.000299442 -0.00668372 3.59589e-05 -0.000717869 0.00494862 -0.000286919
internal_weight=4293 210 4083 3543 540 3435
internal_count=4293 210 4083 3543 540 3435
is_linear=0
shrinkage=0.06


Tree=92
num_leaves=7
num_cat=0
split_feature=24 25 24 11 26 25
split_gain=3.43772 4.12324 5.95204 6.81209 6.28203 5.94845
threshold=62.500000000000007 51.500000000000007 45.500000000000007 43.250000000000007 47.500000000000007 45.500000000000007
decision_type=2 2 2 2 2 2
left_child=1 2 5 -4 -5 -1
right_child=-2 -3 3 4 -6 -7
leaf_value=-0.0013877553242325801 -0.028411981251687111 0.028471263440341184 -0.1077275323836753 0.058982796105687442 -0.16093810505403053 0.11696149116451143
leaf_weight=3448 99 274 148 121 90 130
leaf_count=3448 99 274 148 121 90 130
internal_value=-0.000444264 -0.000177182 -0.00067656 -0.00798626 -0.000958333 6.61457e-05
internal_weight=4310 4211 3937 359 211 3578
internal_count=4310 4211 3937 359 211 3578
is_linear=0
shrinkage=0.06


Tree=93
num_leaves=7
num_cat=0
split_feature=19 10 24 25 19 24
split_gain=2.97276 2.87758 11.8605 7.36464 5.66513 5.67224
threshold=4.1785714285714297 36.357142857142868 36.500000000000007 35.500000000000007 2.9642857142857157 28.500000000000004
decision_type=2 2 2 2 2 2
left_child=1 4 -3 -4 5 -1
right_child=-2 2 3 -5 -6 -7
leaf_value=0.0013917239958055471 -0.044236670584563306 0.053849785596863764 -0.1012938280492541 0.0020265904110223954 0.037923050542543524 -0.031071220620646586
leaf_weight=1441 110 385 93 1117 99 1038
leaf_count=1441 110 385 93 1117 99 1038
internal_value=-0.000370103 -0.000106989 0.00189188 -0.00103457 -0.00134611 -0.00191908
internal_weight=4283 4173 1595 1210 2578 2479
internal_count=4283 4173 1595 1210 2578 2479
is_linear=0
shrinkage=0.06


Tree=94
num_leaves=7
num_cat=0
split_feature=27 24 25 24 32 16
split_gain=2.86397 4.79236 13.9388 6.50387 6.61714 6.1491
threshold=2.5000000000000004 36.500000000000007 33.500000000000007 28.500000000000004 15.500000000000002 8.9933720238064563
decision_type=2 2 2 2 2 2
left_child=1 2 3 5 -5 -1
right_child=-2 -3 -4 4 -6 -7
leaf_value=-0.0039385560111032964 0.002712387280219448 -0.028533013001872266 0.063449571767176069 -0.013823044453921067 -0.075001353075594551 0.092289084883763944
leaf_weight=862 2437 418 197 160 124 88
leaf_count=862 2437 418 197 160 124 88
internal_value=-0.000404801 -0.00218285 -0.000520195 -0.00290315 -0.0107855 -0.000499476
internal_weight=4286 1849 1431 1234 284 950
internal_count=4286 1849 1431 1234 284 950
is_linear=0
shrinkage=0.06


Tree=95
num_leaves=7
num_cat=0
split_feature=24 26 24 26 26 30
split_gain=2.80538 5.09844 5.19709 5.57135 4.79483 4.67453
threshold=21.750000000000004 22.500000000000004 26.750000000000004 28.500000000000004 29.500000000000004 6.5000000000000009
decision_type=2 2 2 2 2 2
left_child=-1 -2 -3 5 -5 -4
right_child=1 2 3 4 -6 -7
leaf_value=0.0044639344525683458 -0.018133881681070812 0.029280892471424663 0.031489030319856559 0.052296583952011699 -0.0037764811678699917 -0.042279430307289582
leaf_weight=405 354 526 110 91 2465 346
leaf_count=405 354 526 110 91 2465 346
internal_value=-0.000703626 -0.00120015 -0.000507197 -0.00147067 -0.000373682 -0.0075423
internal_weight=4297 3892 3538 3012 2556 456
internal_count=4297 3892 3538 3012 2556 456
is_linear=0
shrinkage=0.06


Tree=96
num_leaves=7
num_cat=0
split_feature=27 30 24 11 24 29
split_gain=3.58248 4.3489 4.40272 11.4778 8.0936 5.66478
threshold=2.5000000000000004 23.500000000000004 32.500000000000007 37.107142857142868 28.500000000000004 2.5000000000000004
decision_type=2 2 2 2 2 2
left_child=1 2 3 4 5 -1
right_child=-2 -3 -4 -5 -6 -7
leaf_value=-0.018469490246540324 0.002469164757502338 -0.025066061648901974 -0.013328537905692226 0.051686652864433552 -0.070506121673326094 0.017271274644195447
leaf_weight=187 2438 374 543 89 91 583
leaf_count=187 2438 374 543 89 91 583
internal_value=-0.000507425 -0.00248237 -0.00101936 0.00144188 -0.000724018 0.00131226
internal_weight=4305 1867 1493 950 861 770
internal_count=4305 1867 1493 950 861 770
is_linear=0
shrinkage=0.06


Tree=97
num_leaves=7
num_cat=0
split_feature=27 24 26 24 24 12
split_gain=3.27817 4.51758 4.68612 6.61222 5.0891 7.70516
threshold=2.5000000000000004 43.500000000000007 22.500000000000004 18.500000000000004 28.500000000000004 37.857142857142868
decision_type=2 2 2 2 2 2
left_child=1 2 3 -1 -4 -6
right_child=-2 -3 4 -5 5 -7
leaf_value=0.0069228447182695428 0.0034559198623096287 -0.066784662665273484 0.034512618812588096 -0.023424481572486312 -0.039048343626351865 0.0035184325924055493
leaf_weight=107 2441 95 507 353 238 539
leaf_count=107 2441 95 507 353 238 539
internal_value=-0.000349358 -0.00225976 -0.00154202 -0.00670323 0.000323507 -0.00271995
internal_weight=4280 1839 1744 460 1284 777
internal_count=4280 1839 1744 460 1284 777
is_linear=0
shrinkage=0.06


Tree=98
num_leaves=7
num_cat=0
split_feature=27 30 30 30 3 32
split_gain=2.18556 4.8496 8.03226 5.00828 5.39567 6.60259
threshold=2.5000000000000004 1.5000000000000002 3.5000000000000004 5.5000000000000009 36.500000000000007 7.5000000000000009
decision_type=2 2 2 2 2 2
left_child=-1 -2 -3 -4 -5 -6
right_child=1 2 3 4 5 -7
leaf_value=-0.0034130801739733628 0.14197758227876789 -0.089145777484076316 0.07730868192509438 -0.054878201928770763 0.12264616970346745 0.00019758356460004121
leaf_weight=1847 81 130 188 111 134 1795
leaf_count=1847 81 130 188 111 134 1795
internal_value=-0.000209042 0.000968494 0.000455777 0.00131527 0.000438631 0.00119286
internal_weight=4286 2439 2358 2228 2040 1929
internal_count=4286 2439 2358 2228 2040 1929
is_linear=0
shrinkage=0.06


Tree=99
num_leaves=7
num_cat=0
split_feature=24 25 24 12 25 13
split_gain=3.58263 3.99989 3.31275 7.74211 5.53999 5.3696
threshold=63.500000000000007 59.500000000000007 43.500000000000007 49.000000000000007 44.500000000000007 46.500000000000007
decision_type=2 2 2 2 2 2
left_child=1 2 4 -4 5 -1
right_child=-2 -3 3 -5 -6 -7
leaf_value=0.00084266081037090987 -0.041707817183704247 0.19888435773451624 -0.03894787421179579 0.06901360020663394 0.12955042249594495 -0.061187534834891782
leaf_weight=3124 82 83 659 86 157 104
leaf_count=3124 82 83 659 86 157 104
internal_value=-0.000327209 -7.75249e-05 -0.000347521 -0.003956 0.000450442 -9.18651e-05
internal_weight=4295 4213 4130 745 3385 3228
internal_count=4295 4213 4130 745 3385 3228
is_linear=0
shrinkage=0.06


Tree=100
num_leaves=7
num_cat=1
split_feature=25 24 1 30 24 27
split_gain=2.50524 4.27756 2.65173 5.52933 4.57227 4.81515
threshold=62.500000000000007 56.500000000000007 0 5.5000000000000009 44.500000000000007 4.5000000000000009
decision_type=2 2 1 2 2 2
left_child=1 2 3 -1 5 -4
right_child=-2 -3 4 -5 -6 -7
leaf_value=0.073691677765194682 0.13729103398894174 -0.15241192297370149 -0.0028666524743401495 0.0012120931134718593 -0.082672644888551333 0.011516703376080597
leaf_weight=132 85 127 2377 622 314 644
leaf_count=132 85 127 2377 622 314 644
internal_value=-0.000271017 -0.000482587 -0.000138495 0.00303901 -0.000867761 -0.00014772
internal_weight=4301 4216 4089 754 3335 3021
internal_count=4301 4216 4089 754 3335 3021
cat_boundaries=0 1
cat_threshold=2
is_linear=0
shrinkage=0.06


Tree=101
num_leaves=7
num_cat=0
split_feature=19 24 25 12 30 3
split_gain=2.31254 2.49173 4.19015 3.48759 2.74845 6.73671
threshold=-2.8571428571428554 21.750000000000004 20.750000000000004 27.625000000000004 3.5000000000000004 85.500000000000014
decision_type=2 2 2 2 2 2
left_child=-1 3 -3 -2 5 -4
right_child=1 2 4 -5 -6 -7
leaf_value=0.066211607054692118 0.00053720708421448385 -0.021818091643350114 0.061781570353321623 0.1269098933809249 -0.0008438074845272005 -0.049016809244009904
leaf_weight=145 309 117 119 85 3232 253
leaf_count=145 309 117 119 85 3232 253
internal_value=-0.000336928 -0.000603641 -0.00108615 0.00390226 -0.000714048 -0.00556233
internal_weight=4260 4115 3721 394 3604 372
internal_count=4260 4115 3721 394 3604 372
is_linear=0
shrinkage=0.06


Tree=102
num_leaves=7
num_cat=0
split_feature=12 24 27 18 24 19
split_gain=2.81302 7.01443 7.77917 4.50443 6.47539 5.57348
threshold=35.071428571428577 36.500000000000007 2.5000000000000004 8.6927262272396124 32.500000000000007 2.8571428571428599
decision_type=2 2 2 2 2 2
left_child=3 -2 -3 5 -5 -1
right_child=1 2 -4 4 -6 -7
leaf_value=-0.0045913368406291961 0.033528537184789618 -0.020406869054856256 0.0075519159327594914 0.0015343835900172274 -0.10087349446697377 0.038086414931781859
leaf_weight=2268 446 408 901 80 95 94
leaf_count=2268 446 408 901 80 95 94
internal_value=-5.51548e-05 0.00178807 -0.000431507 -0.00133242 -0.0104833 -0.000632446
internal_weight=4292 1755 1309 2537 175 2362
internal_count=4292 1755 1309 2537 175 2362
is_linear=0
shrinkage=0.06


Tree=103
num_leaves=7
num_cat=0
split_feature=25 26 26 26 24 29
split_gain=2.35395 5.13575 8.66666 3.75052 2.49682 3.9182
threshold=62.500000000000007 54.500000000000007 49.500000000000007 47.500000000000007 21.750000000000004 2.5000000000000004
decision_type=2 2 2 2 2 2
left_child=1 2 3 4 -1 -6
right_child=-2 -3 -4 -5 5 -7
leaf_value=0.0056625809690287673 0.17831134772421484 -0.14875912222957396 0.017342135066669342 -0.22506495545937436 -0.018257631535973144 0.00052401273992292547
leaf_weight=400 89 132 183 84 643 2773
leaf_count=400 89 132 183 84 643 2773
internal_value=-0.000166396 -0.000376066 6.6047e-06 -0.000598464 -0.000313269 -0.000840982
internal_weight=4304 4215 4083 3900 3816 3416
internal_count=4304 4215 4083 3900 3816 3416
is_linear=0
shrinkage=0.06


Tree=104
num_leaves=7
num_cat=0
split_feature=27 30 32 24 12 24
split_gain=2.80568 4.3492 5.14282 5.85537 6.96285 12.2687
threshold=2.5000000000000004 23.500000000000004 7.5000000000000009 36.500000000000007 34.875000000000007 28.500000000000004
decision_type=2 2 2 2 2 2
left_child=1 2 -1 4 5 -4
right_child=-2 -3 3 -5 -6 -7
leaf_value=-0.036835019116897044 0.0035670890148965604 -0.019699133063447113 0.0075060086917900668 -0.019227316494622317 0.050540669681116722 -0.12579715175906947
leaf_weight=165 2446 374 630 310 241 125
leaf_count=165 2446 374 630 310 241 125
internal_value=6.21508e-05 -0.00170108 -0.000221545 0.00105034 0.00329371 0.000430263
internal_weight=4291 1845 1471 1306 996 755
internal_count=4291 1845 1471 1306 996 755
is_linear=0
shrinkage=0.06


Tree=105
num_leaves=7
num_cat=0
split_feature=30 30 27 21 3 25
split_gain=2.83854 2.85947 5.85749 3.42984 3.13462 4.24715
threshold=1.5000000000000002 3.5000000000000004 3.5000000000000004 1.0000000180025095e-35 37.500000000000007 19.500000000000004
decision_type=2 2 2 2 2 2
left_child=-1 2 3 -2 -3 -6
right_child=1 4 -4 -5 5 -7
leaf_value=0.048423864791697517 0.028893630709488451 -0.035444568912792247 -0.083158209080789261 -0.012613887801489778 -0.012090931772626467 0.0019234142580114221
leaf_weight=143 112 243 94 106 153 3435
leaf_count=143 112 243 94 106 153 3435
internal_value=-0.000278956 -0.000570636 -0.00604732 -0.000524664 -0.000116528 0.000333148
internal_weight=4286 4143 312 218 3831 3588
internal_count=4286 4143 312 218 3831 3588
is_linear=0
shrinkage=0.06


Tree=106
num_leaves=7
num_cat=0
split_feature=27 24 30 15 21 17
split_gain=2.962 7.42201 7.21719 7.16768 6.94257 3.88749
threshold=4.5000000000000009 31.500000000000004 12.500000000000002 25.750000000000004 1.0000000180025095e-35 8.2355434443742688
decision_type=2 2 2 2 2 2
left_child=-1 -2 -3 -4 5 -5
right_child=1 2 3 4 -6 -7
leaf_value=-0.0026389049573221344 0.09007737346799119 -0.037100917325262356 -0.066526299955383297 0.0092324858289214665 0.0636329198525072 -0.086838104316365378
leaf_weight=3029 116 405 128 112 342 93
leaf_count=3029 116 405 128 112 342 93
internal_value=-0.000275887 0.00224563 0.000660829 0.00445147 0.00744022 -0.00127143
internal_weight=4225 1196 1080 675 547 205
internal_count=4225 1196 1080 675 547 205
is_linear=0
shrinkage=0.06


Tree=107
num_leaves=7
num_cat=0
split_feature=24 25 30 24 30 14
split_gain=2.62476 4.29354 6.32728 3.80902 6.08207 3.98819
threshold=56.500000000000007 46.500000000000007 8.5000000000000018 43.500000000000007 13.500000000000002 46.250000000000007
decision_type=2 2 2 2 2 2
left_child=1 3 -3 5 -5 -1
right_child=-2 2 -4 4 -6 -7
leaf_value=0.00013847274952911751 -0.058541238915265151 0.10515329583104559 0.0020278855102604082 -0.07171648186572073 -0.00074862225621168176 -0.055808085843342535
leaf_weight=3210 197 123 292 141 228 109
leaf_count=3210 197 123 292 141 228 109
internal_value=-0.000584669 -0.000254869 0.00549286 -0.000909017 -0.00664973 -0.00026083
internal_weight=4300 4103 415 3688 369 3319
internal_count=4300 4103 415 3688 369 3319
is_linear=0
shrinkage=0.06


Tree=108
num_leaves=7
num_cat=0
split_feature=30 30 13 30 13 3
split_gain=3.97475 3.50668 2.49131 4.70845 4.12834 4.59059
threshold=1.5000000000000002 2.5000000000000004 24.500000000000004 9.5000000000000018 26.500000000000004 110.50000000000001
decision_type=2 2 2 2 2 2
left_child=-1 -2 3 -3 5 -4
right_child=1 2 4 -5 -6 -7
leaf_value=0.092713274123716202 -0.044388754835894412 0.019647535126037216 -0.030106479214010926 -0.0017930924511435898 0.0010374530326494314 0.016960682062810616
leaf_weight=136 148 212 445 368 2804 155
leaf_count=136 148 212 445 368 2804 155
internal_value=-0.000139714 -0.000477883 -0.00013462 0.00348205 -0.00075594 -0.00525124
internal_weight=4268 4132 3984 580 3404 600
internal_count=4268 4132 3984 580 3404 600
is_linear=0
shrinkage=0.06


Tree=109
num_leaves=7
num_cat=1
split_feature=1 30 24 26 24 10
split_gain=2.91423 4.24099 4.2359 3.81468 9.72418 8.60089
threshold=0 4.5000000000000009 32.500000000000007 41.500000000000007 53.500000000000007 48.071428571428577
decision_type=1 2 2 2 2 2
left_child=3 2 -2 -1 -5 -6
right_child=1 -3 -4 4 5 -7
leaf_value=-0.0029245373310256449 -0.0048376075436840351 -0.00037165822829761993 -0.05899937835251369 0.069923420413251586 0.011693022610468855 -0.13123945051522243
leaf_weight=416 305 2942 178 292 81 83
leaf_count=416 305 2942 178 292 81 83
internal_value=-0.000229428 -0.00101948 -0.00620287 0.00283766 0.00663124 -0.00495266
internal_weight=4297 3425 483 872 456 164
internal_count=4297 3425 483 872 456 164
cat_boundaries=0 1
cat_threshold=2
is_linear=0
shrinkage=0.06


Tree=110
num_leaves=7
num_cat=0
split_feature=30 24 26 18 25 3
split_gain=2.41821 2.44812 10.9448 6.31701 5.27986 9.71578
threshold=1.5000000000000002 28.500000000000004 24.500000000000004 7.0774246900657181 29.500000000000004 94.500000000000014
decision_type=2 2 2 2 2 2
left_child=-1 3 -3 -2 5 -4
right_child=1 2 4 -5 -6 -7
leaf_value=0.035410494858369709 -0.0016407306474567162 -0.11090059530890338 0.014254312565926743 0.039114741890226457 -0.00016319279648021305 -0.055076326555108558
leaf_weight=142 961 81 102 507 2380 133
leaf_count=142 961 81 102 507 2380 133
internal_value=-0.000235908 -0.000502998 -0.00157608 0.00146436 -0.000880534 -0.0093625
internal_weight=4306 4164 2696 1468 2615 235
internal_count=4306 4164 2696 1468 2615 235
is_linear=0
shrinkage=0.06


Tree=111
num_leaves=7
num_cat=0
split_feature=24 15 30 3 25 25
split_gain=2.99523 4.60246 4.76187 9.69763 4.89524 8.72598
threshold=21.750000000000004 26.750000000000004 16.500000000000004 111.50000000000001 26.750000000000004 34.500000000000007
decision_type=2 2 2 2 2 2
left_child=-1 2 -2 4 -4 -6
right_child=1 -3 3 -5 5 -7
leaf_value=0.0080874155459804142 -0.00099842758252024046 0.0021852268347116333 -0.053552972831461945 0.045095317367913022 0.0040291447409663353 -0.071336139319627109
leaf_weight=402 759 2640 204 110 101 85
leaf_count=402 759 2640 204 110 101 85
internal_value=-0.000187413 -0.000698514 -0.00367642 -0.00819208 -0.0126 -0.00532461
internal_weight=4301 3899 1259 500 390 186
internal_count=4301 3899 1259 500 390 186
is_linear=0
shrinkage=0.06


Tree=112
num_leaves=7
num_cat=0
split_feature=24 25 13 3 30 30
split_gain=2.12141 9.95074 9.19593 8.57655 5.63168 5.69383
threshold=28.500000000000004 29.500000000000004 26.500000000000004 94.500000000000014 1.5000000000000002 3.5000000000000004
decision_type=2 2 2 2 2 2
left_child=2 3 -1 -2 -3 -6
right_child=1 4 -4 -5 5 -7
leaf_value=-0.0021305272706156875 -0.00051814339740135606 0.095580364104018753 0.050989877670016809 -0.055993025463892052 -0.04092774793414556 0.0011997986000481186
leaf_weight=924 145 90 571 159 152 2220
leaf_count=924 145 90 571 159 152 2220
internal_value=-0.000118847 -0.00110321 0.001698 -0.0112524 0.000169031 -0.000402608
internal_weight=4261 2766 1495 304 2462 2372
internal_count=4261 2766 1495 304 2462 2372
is_linear=0
shrinkage=0.06


Tree=113
num_leaves=7
num_cat=0
split_feature=25 26 26 24 11 30
split_gain=2.28486 6.20633 6.4239 3.38959 4.65778 6.82176
threshold=59.500000000000007 54.500000000000007 51.500000000000007 46.500000000000007 47.750000000000007 18.500000000000004
decision_type=2 2 2 2 2 2
left_child=1 2 3 -1 5 -5
right_child=-2 -3 -4 4 -6 -7
leaf_value=-0.00051846975093838735 0.1027215123472096 -0.15288886116072598 0.045333990306331728 -0.13206611184066491 0.025131104745421653 0.0040339987045767732
leaf_weight=3672 121 118 110 118 86 92
leaf_count=3672 121 118 110 118 86 92
internal_value=-0.000603193 -0.000841942 -0.000440118 -0.000844953 -0.00696678 -0.011707
internal_weight=4317 4196 4078 3968 296 210
internal_count=4317 4196 4078 3968 296 210
is_linear=0
shrinkage=0.06


Tree=114
num_leaves=7
num_cat=0
split_feature=24 25 26 27 24 25
split_gain=2.5122 4.96592 4.38997 4.44568 3.74859 6.56644
threshold=21.750000000000004 22.500000000000004 22.500000000000004 2.5000000000000004 27.500000000000004 27.500000000000004
decision_type=2 2 2 2 2 2
left_child=1 -1 3 -2 -4 -6
right_child=2 -3 4 -5 5 -7
leaf_value=-0.00021925823705213785 -0.021248037114841231 0.1127332580670712 0.01930922828007945 0.0087377176037411134 -0.045167878879024542 -0.0013480614739597454
leaf_weight=303 235 104 671 122 267 2574
leaf_count=303 235 104 671 122 267 2574
internal_value=-0.000601962 0.00385194 -0.00107563 -0.0073674 -0.000425647 -0.00137983
internal_weight=4276 407 3869 357 3512 2841
internal_count=4276 407 3869 357 3512 2841
is_linear=0
shrinkage=0.06


Tree=115
num_leaves=7
num_cat=0
split_feature=25 26 26 24 11 30
split_gain=2.43795 4.37302 3.62182 3.72074 8.41527 6.24367
threshold=62.500000000000007 54.500000000000007 51.500000000000007 44.500000000000007 47.821428571428577 13.500000000000002
decision_type=2 2 2 2 2 2
left_child=1 2 3 -1 5 -5
right_child=-2 -3 -4 4 -6 -7
leaf_value=-0.00020610274282900854 0.13368864777684436 -0.128684300927002 0.018824339296584607 -0.12595107659259261 0.032830800524205006 -0.030237128421805409
leaf_weight=3455 90 135 122 142 120 211
leaf_count=3455 90 135 122 142 120 211
internal_value=-0.000693224 -0.000908592 -0.000546732 -0.000868802 -0.00583054 -0.0104665
internal_weight=4275 4185 4050 3928 473 353
internal_count=4275 4185 4050 3928 473 353
is_linear=0
shrinkage=0.06


Tree=116
num_leaves=7
num_cat=0
split_feature=14 24 25 27 24 27
split_gain=2.53618 10.9623 6.58798 4.77399 4.71154 6.22148
threshold=34.750000000000007 36.500000000000007 38.750000000000007 2.5000000000000004 45.500000000000007 4.5000000000000009
decision_type=2 2 2 2 2 2
left_child=4 -2 3 -3 5 -1
right_child=1 2 -4 -5 -6 -7
leaf_value=-0.0070050605080567594 0.044263124148007066 -0.083074332717251675 0.0034035573856083532 0.020141535129613367 -0.11502739156288345 0.0082179227593723592
leaf_weight=1863 373 157 1033 93 107 647
leaf_count=1863 373 157 1033 93 107 647
internal_value=-0.000427069 0.00140698 -0.00123214 -0.00987059 -0.00158924 -0.00104851
internal_weight=4273 1656 1283 250 2617 2510
internal_count=4273 1656 1283 250 2617 2510
is_linear=0
shrinkage=0.06


Tree=117
num_leaves=7
num_cat=0
split_feature=25 26 26 24 10 30
split_gain=2.99305 4.1765 5.18888 4.28705 5.60926 3.82074
threshold=62.500000000000007 54.500000000000007 49.500000000000007 46.500000000000007 47.000000000000007 14.500000000000002
decision_type=2 2 2 2 2 2
left_child=1 2 3 -1 5 -5
right_child=-2 -3 -4 4 -6 -7
leaf_value=0.00019260181111907654 0.15171265794912697 -0.12116745631451838 0.017397099717273885 -0.12460529704650156 0.015094087853124178 -0.040594753417621719
leaf_weight=3577 84 133 183 81 98 85
leaf_count=3577 84 133 183 81 98 85
internal_value=-0.000133537 -0.000366891 -1.41474e-05 -0.00049064 -0.00779554 -0.0143684
internal_weight=4241 4157 4024 3841 264 166
internal_count=4241 4157 4024 3841 264 166
is_linear=0
shrinkage=0.06


Tree=118
num_leaves=7
num_cat=0
split_feature=12 24 24 27 24 25
split_gain=2.786 8.67014 4.25211 7.62409 15.3426 9.13303
threshold=37.857142857142868 36.500000000000007 45.500000000000007 4.5000000000000009 28.500000000000004 30.500000000000004
decision_type=2 2 2 2 2 2
left_child=2 -2 3 4 -1 -6
right_child=1 -3 -4 -5 5 -7
leaf_value=0.00033098544635974393 0.052128293295735151 -0.0030161756818654693 -0.066274099916543261 0.012448137179787424 -0.063615498995976419 -0.0075379816685724067
leaf_weight=1435 316 1188 132 685 266 271
leaf_count=1435 316 1188 132 685 266 271
internal_value=-0.000369242 0.00170775 -0.00149141 -0.000956799 -0.00285129 -0.011452
internal_weight=4293 1504 2789 2657 1972 537
internal_count=4293 1504 2789 2657 1972 537
is_linear=0
shrinkage=0.06


Tree=119
num_leaves=7
num_cat=0
split_feature=27 24 15 24 12 24
split_gain=2.83508 9.11444 5.75857 9.81799 8.1358 4.92903
threshold=4.5000000000000009 31.500000000000004 26.250000000000004 44.500000000000007 26.375000000000004 48.500000000000007
decision_type=2 2 2 2 2 2
left_child=-1 -2 4 -4 -3 -5
right_child=1 2 3 5 -6 -7
leaf_value=-0.0047098826952575359 0.084131877541710726 0.011518344024399978 0.077828781579096215 -0.05637456609184701 -0.058645506221616142 0.0035356606806691503
leaf_weight=3042 122 112 268 118 170 422
leaf_count=3042 122 112 268 118 170 422
internal_value=-0.000675511 0.00177239 0 0.00257934 -0.00730662 -0.00208624
internal_weight=4254 1212 1090 808 282 540
internal_count=4254 1212 1090 808 282 540
is_linear=0
shrinkage=0.06


Tree=120
num_leaves=7
num_cat=0
split_feature=24 26 24 13 25 12
split_gain=2.53241 4.97648 3.21297 7.52365 7.14654 7.0639
threshold=62.500000000000007 49.500000000000007 28.500000000000004 26.500000000000004 29.500000000000004 26.375000000000004
decision_type=2 2 2 2 2 2
left_child=1 2 3 -1 -4 -6
right_child=-2 -3 4 -5 5 -7
leaf_value=-0.002923720668774301 -0.05391014706826272 0.03109444636094064 -0.037937169558423044 0.037965855316101402 0.069562952665993993 -0.0068031098067426223
leaf_weight=954 98 304 291 578 124 1952
leaf_count=954 98 304 291 578 124 1952
internal_value=-0.000577566 -0.000348622 -0.000929047 0.0012082 -0.00231324 -0.00106535
internal_weight=4301 4203 3899 1532 2367 2076
internal_count=4301 4203 3899 1532 2367 2076
is_linear=0
shrinkage=0.06


Tree=121
num_leaves=7
num_cat=0
split_feature=24 25 27 24 12 17
split_gain=2.37093 4.32393 4.69856 4.09318 5.99621 6.17808
threshold=62.500000000000007 51.500000000000007 5.5000000000000009 44.500000000000007 42.053571428571438 8.1257235315212402
decision_type=2 2 2 2 2 2
left_child=1 3 -3 -1 5 -5
right_child=-2 2 -4 4 -6 -7
leaf_value=-0.00073118141066397691 -0.056788401405116574 0.062962268121949203 -0.046424415979614539 -0.015462745931308816 -0.0016484247343384558 -0.14530383567060579
leaf_weight=3455 88 193 85 105 254 98
leaf_count=3455 88 193 85 105 254 98
internal_value=-0.000811814 -0.0006 0.00656184 -0.00111744 -0.00642208 -0.013976
internal_weight=4278 4190 278 3912 457 203
internal_count=4278 4190 278 3912 457 203
is_linear=0
shrinkage=0.06


Tree=122
num_leaves=7
num_cat=0
split_feature=12 11 16 30 14 29
split_gain=2.40037 4.5919 3.84386 3.44133 2.74517 6.14988
threshold=35.071428571428577 33.946428571428577 9.1638522897594346 14.500000000000002 40.750000000000007 2.5000000000000004
decision_type=2 2 2 2 2 2
left_child=1 2 -1 -3 5 -2
right_child=4 3 -4 -5 -6 -7
leaf_value=-0.0024103975473510264 -0.0035987736315013698 -0.051184766566256319 0.057268116145130291 -0.019578417399377043 -0.0021005547061937069 0.040902618228642475
leaf_weight=2209 348 137 94 118 1043 343
leaf_count=2209 348 137 94 118 1043 343
internal_value=-0.000376309 -0.00154389 -0.000687608 -0.00910385 0.00134388 0.00426293
internal_weight=4292 2558 2303 255 1734 691
internal_count=4292 2558 2303 255 1734 691
is_linear=0
shrinkage=0.06


Tree=123
num_leaves=7
num_cat=0
split_feature=25 24 32 32 32 30
split_gain=1.95518 6.50354 4.39887 3.95839 3.92757 3.57143
threshold=23.500000000000004 24.500000000000004 11.500000000000002 20.500000000000004 6.5000000000000009 1.5000000000000002
decision_type=2 2 2 2 2 2
left_child=3 2 -2 -1 -3 -6
right_child=1 4 -4 -5 5 -7
leaf_value=-0.0094289063913509993 0.094345517262293455 -0.036209451680433574 0.0045159275708586228 0.071959093129308815 0.085535319848160304 -0.0016227795302706616
leaf_weight=672 95 152 201 101 97 2962
leaf_count=672 95 152 201 101 97 2962
internal_value=-0.000475379 0.000127278 0.00856146 -0.00319666 -0.000661381 -0.000185052
internal_weight=4280 3507 296 773 3211 3059
internal_count=4280 3507 296 773 3211 3059
is_linear=0
shrinkage=0.06


Tree=124
num_leaves=7
num_cat=0
split_feature=12 24 24 27 32 26
split_gain=2.46211 5.74731 5.54824 10.2313 8.50002 6.8053
threshold=37.857142857142868 36.500000000000007 28.500000000000004 4.5000000000000009 8.5000000000000018 26.750000000000004
decision_type=2 2 2 2 2 2
left_child=2 -2 -1 4 -4 -6
right_child=1 -3 3 -5 5 -7
leaf_value=0.0016540219812445755 0.037943955733415642 -0.0019582825995633876 0.015386969957902001 0.00016797740804764592 -0.056081238624833378 -0.047280602966941032
leaf_weight=1488 324 1193 90 746 114 326
leaf_count=1488 324 1193 90 746 114 326
internal_value=-0.000580261 0.00135808 -0.00164572 -0.00454098 -0.0108729 -0.0142854
internal_weight=4281 1517 2764 1276 530 440
internal_count=4281 1517 2764 1276 530 440
is_linear=0
shrinkage=0.06


Tree=125
num_leaves=7
num_cat=0
split_feature=26 16 26 11 26 25
split_gain=2.53356 3.69552 3.68488 4.54892 4.42496 4.40417
threshold=43.500000000000007 7.6313888145012676 54.500000000000007 39.250000000000007 49.500000000000007 56.500000000000007
decision_type=2 2 2 2 2 2
left_child=-1 -2 3 -3 -5 -4
right_child=1 2 5 4 -6 -7
leaf_value=-0.0018800716772062896 0.099944478071144024 -0.022347992734672788 -0.16522800399654228 0.0063079903741385434 0.05346363145008437 0.016725308660243646
leaf_weight=3533 132 118 80 209 101 115
leaf_count=3533 132 118 80 209 101 115
internal_value=-0.00026485 0.00287763 0.000902866 0.00401155 0.0078 -0.005835
internal_weight=4288 755 623 428 310 195
internal_count=4288 755 623 428 310 195
is_linear=0
shrinkage=0.06


Tree=126
num_leaves=7
num_cat=0
split_feature=24 26 17 24 24 12
split_gain=2.70499 5.08021 2.65007 3.08802 7.70008 5.65472
threshold=62.500000000000007 57.500000000000007 10.392964681200901 46.500000000000007 48.500000000000007 44.812500000000007
decision_type=2 2 2 2 2 2
left_child=1 2 3 -1 -5 -6
right_child=-2 -3 -4 4 5 -7
leaf_value=-0.00041346071734452372 -0.052252309490923951 0.29887266684481695 0.014466945653168143 -0.072489868711147196 0.013407560622057547 -0.16715070888003219
leaf_weight=3457 94 91 254 84 180 109
leaf_count=3457 94 91 254 84 180 109
internal_value=-0.000469584 -0.000236124 -0.00055686 -0.000953585 -0.00610317 -0.00131633
internal_weight=4269 4175 4084 3830 373 289
internal_count=4269 4175 4084 3830 373 289
is_linear=0
shrinkage=0.06


Tree=127
num_leaves=7
num_cat=1
split_feature=1 24 26 24 30 26
split_gain=2.02325 5.03545 6.62573 4.76565 3.27361 3.62837
threshold=0 54.500000000000007 41.500000000000007 35.500000000000007 4.5000000000000009 27.500000000000004
decision_type=1 2 2 2 2 2
left_child=1 2 3 -1 5 -2
right_child=4 -3 -4 -5 -6 -7
leaf_value=0.061996758182318187 -0.0031101863622513813 -0.054965389048755905 0.047173919335200938 -0.032803097269866244 -0.00044610352493083203 -0.042307160663664786
leaf_weight=125 231 133 314 281 2933 244
leaf_count=125 231 133 314 281 2933 244
internal_value=-0.000554852 0.00203571 0.00405103 -0.0010146 -0.00120859 -0.00580625
internal_weight=4261 853 720 406 3408 475
internal_count=4261 853 720 406 3408 475
cat_boundaries=0 1
cat_threshold=2
is_linear=0
shrinkage=0.06


Tree=128
num_leaves=7
num_cat=0
split_feature=24 25 29 24 25 21
split_gain=2.42398 2.37506 2.43225 5.57304 16.9744 6.17867
threshold=18.500000000000004 19.500000000000004 2.5000000000000004 28.500000000000004 31.500000000000004 1.0000000180025095e-35
decision_type=2 2 2 2 2 2
left_child=-1 -2 -3 5 -5 -4
right_child=1 2 3 4 -6 -7
leaf_value=0.021699350320852222 -0.027225985003935933 -0.0068544865875047661 0.041402085425975649 -0.036060458754159024 0.003469071976173339 0.0015083634321307038
leaf_weight=125 126 732 289 384 1905 674
leaf_count=125 126 732 289 384 1905 674
internal_value=-0.000473349 -0.000728311 -0.00046553 0.000238563 -0.00137184 0.00405682
internal_weight=4235 4110 3984 3252 2289 963
internal_count=4235 4110 3984 3252 2289 963
is_linear=0
shrinkage=0.06


Tree=129
num_leaves=7
num_cat=0
split_feature=16 24 24 3 25 26
split_gain=2.50031 5.17153 4.64421 5.35532 4.18168 4.23224
threshold=8.5481817432575564 36.500000000000007 34.500000000000007 76.500000000000014 39.500000000000007 54.500000000000007
decision_type=2 2 2 2 2 2
left_child=-1 2 3 -2 -3 -6
right_child=1 4 -4 -5 5 -7
leaf_value=-0.0036922296963798028 0.074704607587695648 -0.043875910376303152 0.14279677726076676 -0.00069626330423589117 0.0055076320615688101 -0.05228569363594935
leaf_weight=2520 161 247 100 418 654 154
leaf_count=2520 161 247 100 418 654 154
internal_value=-0.000337403 0.00141288 0.00547807 0.0033339 -0.00121415 0.000881919
internal_weight=4254 1734 679 579 1055 808
internal_count=4254 1734 679 579 1055 808
is_linear=0
shrinkage=0.06


Tree=130
num_leaves=7
num_cat=0
split_feature=30 15 29 25 3 30
split_gain=4.75417 2.56362 3.79996 5.95271 4.73272 6.10367
threshold=30.500000000000004 21.125000000000004 2.5000000000000004 24.500000000000004 75.500000000000014 3.5000000000000004
decision_type=2 2 2 2 2 2
left_child=1 -1 3 -3 -4 -6
right_child=-2 2 4 -5 5 -7
leaf_value=0.014430044842390077 -0.032691216734621519 -0.016816656007124474 0.023346044116689342 -0.0028479131168787351 -0.019842094309789556 0.00053423388574696249
leaf_weight=143 82 200 629 523 283 2437
leaf_count=143 82 200 629 523 283 2437
internal_value=-0.000564156 -0.00027654 -0.000558499 -0.00448764 0.000294275 -0.00079156
internal_weight=4297 4215 4072 723 3349 2720
internal_count=4297 4215 4072 723 3349 2720
is_linear=0
shrinkage=0.06


Tree=131
num_leaves=7
num_cat=0
split_feature=25 26 26 24 12 25
split_gain=2.05657 5.02871 3.89621 3.5812 4.40838 2.69498
threshold=59.500000000000007 54.500000000000007 50.500000000000007 46.500000000000007 42.125000000000007 44.500000000000007
decision_type=2 2 2 2 2 2
left_child=1 2 3 5 -5 -1
right_child=-2 -3 -4 4 -6 -7
leaf_value=-0.0014911148222893455 0.055736858700088036 -0.10099338573995245 0.022329859383414509 -0.1302287798363776 -0.0089966122576806019 0.025704065462482866
leaf_weight=3411 134 109 149 95 163 231
leaf_count=3411 134 109 149 95 163 231
internal_value=-0.00072539 -0.000964929 -0.000613468 -0.000982586 -0.00774525 -0.000492734
internal_weight=4292 4158 4049 3900 258 3642
internal_count=4292 4158 4049 3900 258 3642
is_linear=0
shrinkage=0.06


Tree=132
num_leaves=7
num_cat=2
split_feature=25 11 24 1 3 1
split_gain=2.41511 6.12469 2.95618 5.46565 3.89213 3.47397
threshold=19.500000000000004 23.553571428571434 22.500000000000004 0 37.500000000000007 1
decision_type=2 2 2 1 2 1
left_child=1 -1 3 -2 -4 -6
right_child=2 -3 4 -5 5 -7
leaf_value=0.015528511092154912 0.10437846467926408 -0.020649145781418118 -0.03319742644961194 -0.00054132744852478868 0.013474188250526521 -0.0035452403242678351
leaf_weight=80 119 140 233 219 780 2705
leaf_count=80 119 140 233 219 780 2705
internal_value=-0.000601962 -0.00665333 -0.000265206 0.00506414 -0.000756648 -0.000248424
internal_weight=4276 220 4056 338 3718 3485
internal_count=4276 220 4056 338 3718 3485
cat_boundaries=0 1 2
cat_threshold=8 2
is_linear=0
shrinkage=0.06


Tree=133
num_leaves=7
num_cat=0
split_feature=27 30 3 3 3 24
split_gain=2.87099 4.14558 5.45827 6.40221 3.96456 4.13117
threshold=2.5000000000000004 23.500000000000004 117.50000000000001 108.50000000000001 41.500000000000007 28.500000000000004
decision_type=2 2 2 2 2 2
left_child=1 4 3 -3 -1 -6
right_child=-2 2 -4 -5 5 -7
leaf_value=-0.023918666223880846 0.0012993299994713157 -0.011994514188648803 -0.045525685702827064 0.053904659424255361 0.010573311166100677 -0.0053912843789625242
leaf_weight=192 2476 196 101 92 644 630
leaf_count=192 2476 196 101 92 644 630
internal_value=-0.000587408 -0.00236935 -0.00783503 -0.00347099 -0.000895309 0.000326036
internal_weight=4331 1855 389 288 1466 1274
internal_count=4331 1855 389 288 1466 1274
is_linear=0
shrinkage=0.06


Tree=134
num_leaves=7
num_cat=0
split_feature=25 26 26 24 11 30
split_gain=2.29531 2.80139 3.33027 2.53434 7.71982 5.18724
threshold=62.500000000000007 54.500000000000007 51.500000000000007 44.500000000000007 47.750000000000007 13.500000000000002
decision_type=2 2 2 2 2 2
left_child=1 2 3 -1 5 -5
right_child=-2 -3 -4 4 -6 -7
leaf_value=-0.0002666441255356 0.085264305312201735 -0.084491443837508992 0.024099316751433911 -0.10716302438012029 0.02485310433159018 -0.025416088727883496
leaf_weight=3470 83 129 128 136 128 212
leaf_count=3470 83 129 128 136 128 212
internal_value=-0.000418784 -0.000619534 -0.000337583 -0.00065224 -0.00473389 -0.00933994
internal_weight=4286 4203 4074 3946 476 348
internal_count=4286 4203 4074 3946 476 348
is_linear=0
shrinkage=0.06


Tree=135
num_leaves=7
num_cat=0
split_feature=25 24 18 24 25 14
split_gain=2.58459 4.06999 2.56439 4.23782 3.97563 3.53306
threshold=62.500000000000007 56.500000000000007 9.2732172380288933 44.500000000000007 45.500000000000007 40.750000000000007
decision_type=2 2 2 2 2 2
left_child=1 2 3 4 -1 -4
right_child=-2 -3 5 -5 -6 -7
leaf_value=-0.0017039750168810386 0.13229992166098431 -0.098736917012556769 0.032970922422558779 -0.035566582942219253 0.083942431548122975 0.00026347975016909877
leaf_weight=2987 91 123 150 357 103 455
leaf_count=2987 91 123 150 357 103 455
internal_value=-0.000701709 -0.00092512 -0.000590831 -0.00122451 -0.000503069 0.00299508
internal_weight=4266 4175 4052 3447 3090 605
internal_count=4266 4175 4052 3447 3090 605
is_linear=0
shrinkage=0.06


Tree=136
num_leaves=7
num_cat=0
split_feature=27 24 21 15 16 26
split_gain=3.02554 7.32246 7.78861 4.4013 6.41085 3.50621
threshold=4.5000000000000009 31.500000000000004 1.0000000180025095e-35 25.750000000000004 9.3043596074538808 39.500000000000007
decision_type=2 2 2 2 2 2
left_child=-1 -2 -3 -4 5 -5
right_child=1 2 3 4 -6 -7
leaf_value=-0.0031888792314773992 0.081906429010077261 -0.033614405580764291 -0.015037341567207254 0.085159224248458759 -0.0015287381393563125 0.088992076245012541
leaf_weight=3080 117 422 132 107 242 196
leaf_count=3080 117 422 132 107 242 196
internal_value=-0.000515462 0.00201229 0.000459239 0.00443842 0.00681273 0.0125552
internal_weight=4296 1216 1099 677 545 303
internal_count=4296 1216 1099 677 545 303
is_linear=0
shrinkage=0.06


Tree=137
num_leaves=7
num_cat=0
split_feature=16 27 18 24 26 30
split_gain=2.37799 2.53137 3.25639 5.22461 5.60893 8.73918
threshold=12.11453135692126 2.5000000000000004 6.6838933832622294 28.500000000000004 22.500000000000004 17.500000000000004
decision_type=2 2 2 2 2 2
left_child=1 2 -1 4 5 -4
right_child=-2 -3 3 -5 -6 -7
leaf_value=-0.010790596583855687 -0.028137432712862658 0.0036725443069670805 0.0033232095118477579 -0.0067867449770438303 0.037036607697170286 -0.070088377257919943
leaf_weight=390 111 2385 111 813 397 86
leaf_count=390 111 2385 111 813 397 86
internal_value=-0.000550721 -0.000314545 -0.00201276 -0.000656516 0.003601 -0.00458911
internal_weight=4293 4182 1797 1407 594 197
internal_count=4293 4182 1797 1407 594 197
is_linear=0
shrinkage=0.06


Tree=138
num_leaves=7
num_cat=0
split_feature=25 26 26 24 26 13
split_gain=2.36117 4.86859 3.59247 2.39814 11.5677 6.03022
threshold=59.500000000000007 54.500000000000007 51.500000000000007 28.500000000000004 24.500000000000004 26.500000000000004
decision_type=2 2 2 2 2 2
left_child=1 2 3 5 -5 -1
right_child=-2 -3 -4 4 -6 -7
leaf_value=-0.0030375475469768308 0.024276692176870077 -0.12897036654468613 0.031172378630187739 -0.091536097132610933 -0.0031178883694356107 0.026571952641385149
leaf_weight=938 119 113 117 86 2351 572
leaf_count=938 119 113 117 86 2351 572
internal_value=-0.000682864 -0.000924677 -0.000574343 -0.000887399 -0.00205037 0.000988119
internal_weight=4296 4177 4064 3947 2437 1510
internal_count=4296 4177 4064 3947 2437 1510
is_linear=0
shrinkage=0.06


Tree=139
num_leaves=7
num_cat=0
split_feature=30 14 24 14 25 24
split_gain=2.28173 3.30189 6.21727 9.39165 7.04229 5.89998
threshold=29.500000000000004 34.750000000000007 28.500000000000004 23.750000000000004 30.500000000000004 33.500000000000007
decision_type=2 2 2 2 2 2
left_child=1 2 -1 -4 -5 -3
right_child=-2 5 3 4 -6 -7
leaf_value=0.0017915776460154698 -0.026069555897292606 0.049477708937874912 0.061810049885853889 -0.046354704087116047 -0.011366735375465408 0.001360074594770261
leaf_weight=1407 181 206 99 281 725 1381
leaf_count=1407 181 206 99 281 725 1381
internal_value=-0.00041937 -0.000123538 -0.00147676 -0.00483514 -0.00658457 0.00201445
internal_weight=4280 4099 2512 1105 1006 1587
internal_count=4280 4099 2512 1105 1006 1587
is_linear=0
shrinkage=0.06


Tree=140
num_leaves=7
num_cat=0
split_feature=15 24 25 24 27 25
split_gain=2.83601 4.27743 5.44425 5.64504 5.12376 7.13589
threshold=26.750000000000004 28.500000000000004 33.500000000000007 40.750000000000007 1.5000000000000002 35.500000000000007
decision_type=2 2 2 2 2 2
left_child=-1 -2 -3 4 -4 -6
right_child=1 2 3 -5 5 -7
leaf_value=-0.0049263437453409015 0.067045188411348447 -0.014365474595255175 -0.0024933509979050161 -0.0048740605564259101 -0.021365855494159789 0.11649387488096255
leaf_weight=1616 383 488 246 1137 83 333
leaf_count=1616 383 488 246 1137 83 333
internal_value=-0.000460732 0.000739065 -0.000247382 0.00127882 0.00566267 0.00968409
internal_weight=4286 2670 2287 1799 662 416
internal_count=4286 2670 2287 1799 662 416
is_linear=0
shrinkage=0.06


Tree=141
num_leaves=7
num_cat=0
split_feature=32 25 26 30 26 24
split_gain=2.47873 8.2005 9.48733 4.16714 3.40488 6.2082
threshold=21.500000000000004 26.750000000000004 43.500000000000007 13.500000000000002 23.500000000000004 32.500000000000007
decision_type=2 2 2 2 2 2
left_child=4 -2 3 -3 -1 -6
right_child=1 2 -4 -5 5 -7
leaf_value=-0.0084684338098204737 0.049412802598996483 -0.10690669984176322 0.050615768987900475 -0.020563882154139249 0.018663925597154164 -0.0017702752759977815
leaf_weight=778 177 219 170 167 961 1810
leaf_count=778 177 219 170 167 961 1810
internal_value=-0.000531141 -0.00369512 -0.00726738 -0.012422 0.000125774 0.00111203
internal_weight=4282 733 556 386 3549 2771
internal_count=4282 733 556 386 3549 2771
is_linear=0
shrinkage=0.06


Tree=142
num_leaves=7
num_cat=0
split_feature=24 29 26 25 3 25
split_gain=2.8328 4.33004 8.73131 7.36676 5.54009 5.26483
threshold=21.750000000000004 2.5000000000000004 27.500000000000004 31.500000000000004 70.500000000000014 31.500000000000004
decision_type=2 2 2 2 2 2
left_child=-1 2 -2 -4 -3 -6
right_child=1 4 3 -5 5 -7
leaf_value=0.010362891479955927 -0.028780807721370868 0.028352571349298906 0.11045550350230091 -0.011957570540788954 -0.011370961690217934 0.0021084683359648038
leaf_weight=407 239 414 107 363 1045 1702
leaf_count=407 239 414 107 363 1045 1702
internal_value=-0.000440682 -0.000943742 -0.00516387 -0.000372632 8.52811e-06 -0.000969113
internal_weight=4277 3870 709 470 3161 2747
internal_count=4277 3870 709 470 3161 2747
is_linear=0
shrinkage=0.06


Tree=143
num_leaves=7
num_cat=0
split_feature=15 29 30 30 30 26
split_gain=2.24496 4.21064 5.25339 7.39082 4.01071 3.10163
threshold=21.125000000000004 2.5000000000000004 20.500000000000004 12.500000000000002 16.500000000000004 22.500000000000004
decision_type=2 2 2 2 2 2
left_child=-1 2 3 -2 -5 -3
right_child=1 5 -4 4 -6 -7
leaf_value=0.0099211278562479355 -0.030471120296919507 -0.0080540860293008346 -0.042926211874307736 0.097282698403680312 -0.0047757491628650237 0.0027631012410074527
leaf_weight=149 306 449 236 112 101 2936
leaf_count=149 306 449 236 112 101 2936
internal_value=-0.000313694 -0.000578287 -0.00461447 -0.00119656 0.00727982 0.000326549
internal_weight=4289 4140 755 519 213 3385
internal_count=4289 4140 755 519 213 3385
is_linear=0
shrinkage=0.06


Tree=144
num_leaves=7
num_cat=1
split_feature=27 1 30 32 25 25
split_gain=2.96583 4.89643 6.49657 5.09518 4.01667 2.91204
threshold=1.0000000180025095e-35 0 12.500000000000002 12.500000000000002 27.500000000000004 24.500000000000004
decision_type=2 1 2 2 2 2
left_child=1 3 5 -1 -4 -3
right_child=-2 2 4 -5 -6 -7
leaf_value=-0.035464341221086514 -0.0020187333508974391 -0.0013462934694945634 -0.00011173396786164247 0.047131308793368021 -0.098460124056105894 0.13906431640341604
leaf_weight=87 3688 83 117 166 85 83
leaf_count=87 3688 83 117 166 85 83
internal_value=-0.00022879 0.00358946 -0.000932115 0.00972761 -0.00810145 0.00770175
internal_weight=4309 621 368 253 202 166
internal_count=4309 621 368 253 202 166
cat_boundaries=0 1
cat_threshold=3
is_linear=0
shrinkage=0.06


Tree=145
num_leaves=7
num_cat=0
split_feature=24 26 25 30 26 26
split_gain=3.59822 6.13865 4.25145 3.76557 8.26178 6.63719
threshold=26.750000000000004 24.500000000000004 23.500000000000004 13.500000000000002 24.500000000000004 23.500000000000004
decision_type=2 2 2 2 2 2
left_child=2 -2 -1 4 -4 -5
right_child=1 -3 3 5 -6 -7
leaf_value=-0.0019456922491262007 -0.043630089941399476 -0.0023130574274258849 0.044719449376927956 -0.0025292923594288342 -0.073375937027926025 0.081380440401850732
leaf_weight=729 177 2867 92 106 157 187
leaf_count=729 177 2867 92 106 157 187
internal_value=-0.000867361 -0.00198655 0.00180799 0.00580804 0.00034252 0.0103591
internal_weight=4315 3044 1271 542 249 293
internal_count=4315 3044 1271 542 249 293
is_linear=0
shrinkage=0.06


Tree=146
num_leaves=7
num_cat=0
split_feature=24 11 29 3 30 30
split_gain=2.98289 3.67993 3.66063 5.67305 5.4828 7.88296
threshold=21.750000000000004 26.964285714285719 2.5000000000000004 79.500000000000014 18.500000000000004 12.500000000000002
decision_type=2 2 2 2 2 2
left_child=1 -1 4 -4 5 -2
right_child=2 -3 3 -5 -6 -7
leaf_value=0.00076012627637123901 -0.023048915428438659 0.095583753306246383 0.017791275186368291 -0.0032919285022673427 -0.054448787354058739 0.087614981384244159
leaf_weight=288 284 106 678 2487 270 154
leaf_count=288 284 106 678 2487 270 154
internal_value=-0.000736657 0.00420301 -0.00124471 -0.000368139 -0.00512903 -0.000941309
internal_weight=4267 394 3873 3165 708 438
internal_count=4267 394 3873 3165 708 438
is_linear=0
shrinkage=0.06


Tree=147
num_leaves=7
num_cat=0
split_feature=30 11 12 24 24 12
split_gain=2.67389 3.26029 2.65622 6.67809 4.62071 8.20672
threshold=29.500000000000004 35.785714285714292 37.857142857142868 36.500000000000007 28.500000000000004 26.375000000000004
decision_type=2 2 2 2 2 2
left_child=2 -2 4 -4 -1 -6
right_child=1 -3 3 -5 5 -7
leaf_value=0.0022969240364672868 -0.00033070658724030342 -0.051495640906533816 0.051996671447959726 -0.00061551752400965055 0.020871165106600791 -0.023254169180076729
leaf_weight=1445 96 83 308 1146 175 1061
leaf_count=1445 96 83 308 1146 175 1061
internal_value=-0.000568882 -0.00764674 -0.000252899 0.0018074 -0.00137267 -0.00405882
internal_weight=4314 179 4135 1454 2681 1236
internal_count=4314 179 4135 1454 2681 1236
is_linear=0
shrinkage=0.06


Tree=148
num_leaves=7
num_cat=0
split_feature=11 29 25 24 24 25
split_gain=2.13309 3.12544 4.02629 7.91695 5.12139 3.63423
threshold=23.142857142857146 2.5000000000000004 32.500000000000007 31.500000000000004 21.750000000000004 35.500000000000007
decision_type=2 2 2 2 2 2
left_child=-1 2 3 4 -2 -4
right_child=1 -3 5 -5 -6 -7
leaf_value=0.018566788312462848 0.062423850488460317 0.00014866390792186212 -0.073429155958507172 0.03888058413954857 -0.027081914724264595 -0.014129631911274209
leaf_weight=163 89 3383 88 82 226 227
leaf_count=163 89 3383 88 82 226 227
internal_value=-0.000393385 -0.000665122 -0.0042636 -0.000216418 -0.00458437 -0.00927188
internal_weight=4258 4095 712 397 315 315
internal_count=4258 4095 712 397 315 315
is_linear=0
shrinkage=0.06


Tree=149
num_leaves=7
num_cat=0
split_feature=30 25 26 25 30 30
split_gain=4.43289 2.13916 4.8188 2.74969 6.82206 4.49
threshold=30.500000000000004 59.500000000000007 54.500000000000007 46.500000000000007 14.500000000000002 21.500000000000004
decision_type=2 2 2 2 2 2
left_child=1 2 3 -1 -5 -6
right_child=-2 -3 -4 4 5 -7
leaf_value=-0.00086277294469307543 -0.029766848354349527 0.042876616365819735 -0.12211183244377133 0.074847016980348791 -0.049014821303818366 0.020345662241678424
leaf_weight=3614 80 126 113 187 88 86
leaf_count=3614 80 126 113 187 88 86
internal_value=-0.000515701 -0.000241052 -0.00048302 -0.000127387 0.00482787 -0.00367039
internal_weight=4294 4214 4088 3975 361 174
internal_count=4294 4214 4088 3975 361 174
is_linear=0
shrinkage=0.06


Tree=150
num_leaves=7
num_cat=0
split_feature=24 26 24 26 24 3
split_gain=2.92444 4.86838 1.95651 2.46432 5.99762 4.44138
threshold=62.500000000000007 57.500000000000007 18.500000000000004 22.500000000000004 21.750000000000004 80.500000000000014
decision_type=2 2 2 2 2 2
left_child=1 2 -1 5 -5 -4
right_child=-2 -3 3 4 -6 -7
leaf_value=0.018485147802026713 -0.051041322743812748 0.17849351095486296 -0.0013570231831927693 0.10944352789205537 -0.0013832222047304565 -0.042484395587982587
leaf_weight=127 91 87 369 80 3342 199
leaf_count=127 91 87 369 80 3342 199
internal_value=-0.000550465 -0.000312901 -0.000617904 -0.000855319 -0.000244237 -0.00449738
internal_weight=4295 4204 4117 3990 3422 568
internal_count=4295 4204 4117 3990 3422 568
is_linear=0
shrinkage=0.06


Tree=151
num_leaves=7
num_cat=0
split_feature=25 26 11 26 30 14
split_gain=2.43351 3.94365 2.92612 3.71833 4.25455 2.85071
threshold=59.500000000000007 54.500000000000007 46.464285714285722 41.500000000000007 14.500000000000002 43.250000000000007
decision_type=2 2 2 2 2 2
left_child=1 2 5 -4 -5 -1
right_child=-2 -3 3 4 -6 -7
leaf_value=-0.00080296534901763467 0.025217545798306418 -0.087937617932626264 -0.0049549587197481237 0.064561978480173421 0.012888546656700852 -0.04241064376518671
leaf_weight=3586 132 111 154 90 90 145
leaf_count=3586 132 111 154 90 90 145
internal_value=-0.00044447 -0.000702464 -0.000389926 0.0049469 0.0106865 -0.000874465
internal_weight=4308 4176 4065 334 180 3731
internal_count=4308 4176 4065 334 180 3731
is_linear=0
shrinkage=0.06


Tree=152
num_leaves=7
num_cat=0
split_feature=30 11 25 26 26 24
split_gain=1.79333 4.70249 2.06753 2.87257 2.5051 2.04508
threshold=29.500000000000004 36.000000000000007 59.500000000000007 54.500000000000007 51.500000000000007 26.750000000000004
decision_type=2 2 2 2 2 2
left_child=2 -2 3 4 5 -1
right_child=1 -3 -4 -5 -6 -7
leaf_value=0.0047991967927055353 0.0024384357959797674 -0.049520100853323729 0.03348135597868037 -0.060020090441784912 0.058098907597046057 -0.001525144845895543
leaf_weight=1223 102 80 114 98 106 2527
leaf_count=1223 102 80 114 98 106 2527
internal_value=-1.3396e-05 -0.00575936 0.000249693 1.43976e-05 0.000278943 1.51798e-05
internal_weight=4250 182 4068 3954 3856 3750
internal_count=4250 182 4068 3954 3856 3750
is_linear=0
shrinkage=0.06


Tree=153
num_leaves=7
num_cat=0
split_feature=26 25 25 26 30 16
split_gain=2.58849 3.46911 2.90565 2.80271 3.75679 3.16123
threshold=61.000000000000007 54.500000000000007 51.500000000000007 46.500000000000007 8.5000000000000018 8.2143892333021604
decision_type=2 2 2 2 2 2
left_child=1 2 3 5 -5 -1
right_child=-2 -3 -4 4 -6 -7
leaf_value=-0.0031135088850304032 0.25654028736223561 -0.02544982280977506 0.060235976514850603 0.0097056918637329469 -0.020299707036332576 0.0037353532832873227
leaf_weight=2076 89 181 115 92 124 1602
leaf_count=2076 89 181 115 92 124 1602
internal_value=-0.000622549 -0.000843147 -0.000470105 -0.00075327 -0.00731674 -0.000357589
internal_weight=4279 4190 4009 3894 216 3678
internal_count=4279 4190 4009 3894 216 3678
is_linear=0
shrinkage=0.06


Tree=154
num_leaves=7
num_cat=0
split_feature=24 18 26 24 10 25
split_gain=2.64814 5.17835 3.56871 2.45515 4.14898 2.86658
threshold=56.500000000000007 9.2849848389818082 53.500000000000007 46.500000000000007 47.000000000000007 44.500000000000007
decision_type=2 2 2 2 2 2
left_child=2 -2 3 5 -5 -1
right_child=1 -3 -4 4 -6 -7
leaf_value=-0.00098252973890227573 0.011783881129112861 -0.098250346028931707 0.10064152635494977 -0.03257156600593851 0.01666003843094517 0.026038913932100647
leaf_weight=3378 84 118 123 208 95 251
leaf_count=3378 84 118 123 208 95 251
internal_value=-0.000611685 -0.00723188 -0.00027266 -0.000593599 -0.00573701 -0.000156026
internal_weight=4257 202 4055 3932 303 3629
internal_count=4257 202 4055 3932 303 3629
is_linear=0
shrinkage=0.06


Tree=155
num_leaves=7
num_cat=0
split_feature=30 24 26 24 12 25
split_gain=3.69429 1.57272 3.44993 2.04192 6.04451 4.01772
threshold=30.500000000000004 62.500000000000007 57.500000000000007 44.500000000000007 48.500000000000007 44.500000000000007
decision_type=2 2 2 2 2 2
left_child=1 2 3 5 -5 -1
right_child=-2 -3 -4 4 -6 -7
leaf_value=-2.5156244457117259e-05 -0.021512936290539981 -0.038689290746396862 0.14689453900027877 -0.025716859730213665 0.033774519607897423 0.065720450953394072
leaf_weight=3217 80 95 83 528 90 180
leaf_count=3217 80 95 83 528 90 180
internal_value=-0.000286816 -3.50167e-05 0.000145503 -0.000111194 -0.00326966 0.00046649
internal_weight=4273 4193 4098 4015 618 3397
internal_count=4273 4193 4098 4015 618 3397
is_linear=0
shrinkage=0.06


Tree=156
num_leaves=7
num_cat=0
split_feature=24 30 26 12 15 18
split_gain=2.22196 5.33715 4.27314 3.93658 6.71535 3.27749
threshold=28.500000000000004 1.5000000000000002 30.500000000000004 26.375000000000004 25.750000000000004 7.445736230769028
decision_type=2 2 2 2 2 2
left_child=-1 -2 -3 -4 -5 -6
right_child=1 2 3 4 5 -7
leaf_value=0.0014636449818135966 0.070679415504529122 -0.016943996941130999 0.10136246476995577 -0.053261932031904845 0.014171042486692983 -0.0050122765349826116
leaf_weight=1485 89 430 93 88 225 1862
leaf_count=1485 89 430 93 88 225 1862
internal_value=-0.000644611 -0.00164291 -0.00212986 -0.00108095 -0.00160872 -0.000902008
internal_weight=4272 2787 2698 2268 2175 2087
internal_count=4272 2787 2698 2268 2175 2087
is_linear=0
shrinkage=0.06


Tree=157
num_leaves=7
num_cat=0
split_feature=27 16 14 32 16 24
split_gain=1.75305 3.53402 2.79883 3.43315 2.40382 2.76994
threshold=2.5000000000000004 11.82207316707235 46.250000000000007 23.500000000000004 9.9819558229685956 28.500000000000004
decision_type=2 2 2 2 2 2
left_child=2 -2 3 4 5 -1
right_child=1 -3 -4 -5 -6 -7
leaf_value=-0.0014249600399690121 0.0022645181980163408 -0.059920817054891266 -0.0310603432557588 0.054824303603566535 0.015540005628648034 -0.017014280817413359
leaf_weight=859 2350 100 150 121 200 507
leaf_count=859 2350 100 150 121 200 507
internal_value=-0.000537512 0.000512016 -0.00193648 -0.00122163 -0.00198409 -0.00288621
internal_weight=4287 2450 1837 1687 1566 1366
internal_count=4287 2450 1837 1687 1566 1366
is_linear=0
shrinkage=0.06


Tree=158
num_leaves=7
num_cat=0
split_feature=30 24 25 26 18 12
split_gain=2.67553 2.66651 5.611 3.9196 6.23731 3.81482
threshold=30.500000000000004 25.500000000000004 24.500000000000004 24.500000000000004 6.9291065023131146 24.339285714285719
decision_type=2 2 2 2 2 2
left_child=1 2 -1 4 -3 -5
right_child=-2 3 -4 5 -6 -7
leaf_value=-0.0002316192359291147 -0.022887433785280492 -0.054442135401127453 0.040728512953815826 0.091147944975774137 0.0002746703118497695 -0.0007562232899038701
leaf_weight=721 80 140 303 87 147 2800
leaf_count=721 80 140 303 87 147 2800
internal_value=-1.33084e-05 0.000199143 0.00285423 -0.000659641 -0.00728425 9.3361e-06
internal_weight=4278 4198 1024 3174 287 2887
internal_count=4278 4198 1024 3174 287 2887
is_linear=0
shrinkage=0.06


Tree=159
num_leaves=7
num_cat=0
split_feature=32 25 26 30 32 18
split_gain=2.16371 7.06361 10.6094 3.7998 3.65623 4.11148
threshold=21.500000000000004 26.750000000000004 43.500000000000007 26.500000000000004 20.500000000000004 7.0383961614895432
decision_type=2 2 2 2 2 2
left_child=4 -2 3 -3 -1 -6
right_child=1 2 -4 -5 5 -7
leaf_value=-0.00040845502845726856 0.040531422794762816 -0.071854434108764673 0.043684134329606585 -0.0016933898946930048 -0.016478949924919481 0.092585873726497903
leaf_weight=3305 176 297 173 90 86 135
leaf_count=3305 176 297 173 90 86 135
internal_value=-0.000449262 -0.00339676 -0.00668496 -0.0121607 0.000169074 0.0075531
internal_weight=4262 736 560 387 3526 221
internal_count=4262 736 560 387 3526 221
is_linear=0
shrinkage=0.06


end of trees

feature_importances:
seasonal_lag_7_target=275
seasonal_lag_14_target=153
seasonal_lag_28_target=127
target_day_of_month=95
target_day_of_week=40
rolling_std_7=35
history_observation_count=34
rolling_mean_28=27
target_week_of_year=26
rolling_std_28=19
target_month=19
mean_last_7_minus_previous_7=18
rolling_mean_14=15
rolling_median_14=15
rolling_median_28=13
product_code=12
rolling_mean_7=9
rolling_median_7=9
rolling_std_14=9
stockout_count_28=6
target_week_of_month=2
target_is_weekend=1
target_is_holiday=1

parameters:
[boosting: gbdt]
[objective: quantile]
[metric: quantile]
[tree_learner: serial]
[device_type: cpu]
[data_sample_strategy: bagging]
[data: ]
[valid: ]
[num_iterations: 160]
[learning_rate: 0.06]
[num_leaves: 7]
[num_threads: 4]
[seed: 42]
[deterministic: 0]
[force_col_wise: 0]
[force_row_wise: 0]
[histogram_pool_size: -1]
[max_depth: -1]
[min_data_in_leaf: 80]
[min_sum_hessian_in_leaf: 0.001]
[bagging_fraction: 0.9]
[pos_bagging_fraction: 1]
[neg_bagging_fraction: 1]
[bagging_freq: 1]
[bagging_seed: 400]
[bagging_by_query: 0]
[feature_fraction: 0.9]
[feature_fraction_bynode: 1]
[feature_fraction_seed: 30056]
[extra_trees: 0]
[extra_seed: 12879]
[early_stopping_round: 0]
[early_stopping_min_delta: 0]
[first_metric_only: 0]
[max_delta_step: 0]
[lambda_l1: 0.05]
[lambda_l2: 5]
[linear_lambda: 0]
[min_gain_to_split: 0]
[drop_rate: 0.1]
[max_drop: 50]
[skip_drop: 0.5]
[xgboost_dart_mode: 0]
[uniform_drop: 0]
[drop_seed: 17869]
[top_rate: 0.2]
[other_rate: 0.1]
[min_data_per_group: 100]
[max_cat_threshold: 32]
[cat_l2: 10]
[cat_smooth: 10]
[max_cat_to_onehot: 4]
[top_k: 20]
[monotone_constraints: ]
[monotone_constraints_method: basic]
[monotone_penalty: 0]
[feature_contri: ]
[forcedsplits_filename: ]
[refit_decay_rate: 0.9]
[cegb_tradeoff: 1]
[cegb_penalty_split: 0]
[cegb_penalty_feature_lazy: ]
[cegb_penalty_feature_coupled: ]
[path_smooth: 0]
[interaction_constraints: ]
[verbosity: -1]
[saved_feature_importance_type: 0]
[use_quantized_grad: 0]
[num_grad_quant_bins: 4]
[quant_train_renew_leaf: 0]
[stochastic_rounding: 1]
[linear_tree: 0]
[max_bin: 255]
[max_bin_by_feature: ]
[min_data_in_bin: 3]
[bin_construct_sample_cnt: 200000]
[data_random_seed: 175]
[is_enable_sparse: 1]
[enable_bundle: 1]
[use_missing: 1]
[zero_as_missing: 0]
[feature_pre_filter: 1]
[pre_partition: 0]
[two_round: 0]
[header: 0]
[label_column: ]
[weight_column: ]
[group_column: ]
[ignore_column: ]
[categorical_feature: 0,1]
[forcedbins_filename: ]
[precise_float_parser: 0]
[parser_config_file: ]
[objective_seed: 16083]
[num_class: 1]
[is_unbalance: 0]
[scale_pos_weight: 1]
[sigmoid: 1]
[boost_from_average: 1]
[reg_sqrt: 0]
[alpha: 0.5]
[fair_c: 1]
[poisson_max_delta_step: 0.7]
[tweedie_variance_power: 1.5]
[lambdarank_truncation_level: 30]
[lambdarank_norm: 1]
[label_gain: ]
[lambdarank_position_bias_regularization: 0]
[eval_at: ]
[multi_error_top_k: 1]
[auc_mu_weights: ]
[num_machines: 1]
[local_listen_port: 12400]
[time_out: 120]
[machine_list_filename: ]
[machines: ]
[gpu_platform_id: -1]
[gpu_device_id: -1]
[gpu_device_id_list: ]
[gpu_use_dp: 0]
[num_gpu: 1]

end of parameters

pandas_categorical:[]
